edinet_code,sec_code,filer_name,field,value,precision,source,source_url,source_qid,query,retrieved_at,notes,error
E00004,1376,カネコ種苗株式会社,date_of_establishment,1947-06-17,date,wikidata,https://www.wikidata.org/wiki/Q11294497,Q11294497,,2026-08-15T07:57:14Z,Wikidata P571,
E00006,1377,株式会社　サカタのタネ,date_of_establishment,1942-12-11,date,wikidata,https://www.wikidata.org/wiki/Q11304396,Q11304396,,2026-08-15T07:57:14Z,Wikidata P571,
E00007,1375,ユキグニファクトリー株式会社,date_of_establishment,1983-07-21,date,wikidata,https://www.wikidata.org/wiki/Q11659873,Q11659873,,2026-08-15T07:57:14Z,Wikidata P571,
E00008,1379,ホクト株式会社,date_of_establishment,1964,year,wikidata,https://www.wikidata.org/wiki/Q11337652,Q11337652,,2026-08-15T07:57:14Z,Wikidata P571,
E00009,1381,株式会社アクシーズ,date_of_establishment,1962-11-13,date,wikidata,https://www.wikidata.org/wiki/Q11282937,Q11282937,,2026-08-15T07:57:14Z,Wikidata P571,
E00010,1382,株式会社ホーブ,date_of_establishment,1987-06-22,date,wikidata,https://www.wikidata.org/wiki/Q11338366,Q11338366,,2026-08-15T07:57:14Z,Wikidata P571,
E00011,1911,住友林業株式会社,date_of_establishment,1691,year,wikidata,https://www.wikidata.org/wiki/Q4050342,Q4050342,,2026-08-15T07:57:14Z,Wikidata P571,
E00012,1301,株式会社　極洋,date_of_establishment,1937-09-03,date,wikidata,https://www.wikidata.org/wiki/Q11541501,Q11541501,,2026-08-15T07:57:14Z,Wikidata P571,
E00014,1332,株式会社ニッスイ,date_of_establishment,1911,year,wikidata,https://www.wikidata.org/wiki/Q7039672,Q7039672,,2026-08-15T07:57:14Z,Wikidata P571,
E00015,1333,Ｕｍｉｏｓ株式会社,date_of_establishment,1943-03-31,date,wikidata,https://www.wikidata.org/wiki/Q18635633,Q18635633,,2026-08-15T07:57:14Z,Wikidata P571,
E00021,5711,三菱マテリアル株式会社,date_of_establishment,1871,year,wikidata,https://www.wikidata.org/wiki/Q1423176,Q1423176,,2026-08-15T07:57:14Z,Wikidata P571,
E00023,5713,住友金属鉱山株式会社,date_of_establishment,1950,year,wikipedia,https://ja.wikipedia.org/wiki/%E4%BD%8F%E5%8F%8B%E9%87%91%E5%B1%9E%E9%89%B1%E5%B1%B1,,住友金属鉱山,2026-08-15T07:57:17Z,Wikipedia infobox 設立,
E00024,5706,三井金属株式会社,date_of_establishment,1874,year,wikidata,https://www.wikidata.org/wiki/Q11354319,Q11354319,,2026-08-15T07:57:14Z,Wikidata P571,
E00026,5729,日本精鉱株式会社,date_of_establishment,1935-06-11,date,wikidata,https://www.wikidata.org/wiki/Q11508805,Q11508805,,2026-08-15T07:57:14Z,Wikidata P571,
E00027,1491,中外鉱業株式会社,date_of_establishment,1932-05-02,date,wikidata,https://www.wikidata.org/wiki/Q11363541,Q11363541,,2026-08-15T07:57:14Z,Wikidata P571,
E00028,5714,ＤＯＷＡホールディングス株式会社,date_of_establishment,1937-03-11,date,wikidata,https://www.wikidata.org/wiki/Q5302643,Q5302643,,2026-08-15T07:57:14Z,Wikidata P571,
E00030,3315,日本コークス工業株式会社,date_of_establishment,1969-12-01,date,wikidata,https://www.wikidata.org/wiki/Q11242302,Q11242302,,2026-08-15T07:57:14Z,Wikidata P571,
E00032,5715,古河機械金属株式会社,date_of_establishment,1918,year,wikidata,https://www.wikidata.org/wiki/Q11411383,Q11411383,,2026-08-15T07:57:14Z,Wikidata P571,
E00034,8835,太平洋興発株式会社,date_of_establishment,1920-04-22,date,wikidata,https://www.wikidata.org/wiki/Q11443987,Q11443987,,2026-08-15T07:57:14Z,Wikidata P571,
E00035,7021,株式会社ニッチツ,date_of_establishment,1950,year,wikipedia,https://ja.wikipedia.org/wiki/%E3%83%8B%E3%83%83%E3%83%81%E3%83%84,,ニッチツ,2026-08-15T07:57:17Z,Wikipedia infobox 設立,
E00036,1515,日鉄鉱業株式会社,date_of_establishment,1939-05-20,date,wikidata,https://www.wikidata.org/wiki/Q11510685,Q11510685,,2026-08-15T07:57:14Z,Wikidata P571,
E00037,1518,三井松島ホールディングス株式会社,date_of_establishment,1913-01-25,date,wikidata,https://www.wikidata.org/wiki/Q11354281,Q11354281,,2026-08-15T07:57:14Z,Wikidata P571,
E00041,1662,石油資源開発株式会社,date_of_establishment,1955,year,wikidata,https://www.wikidata.org/wiki/Q6107693,Q6107693,,2026-08-15T07:57:14Z,Wikidata P571,
E00043,1605,株式会社ＩＮＰＥＸ,date_of_establishment,2006,year,wikidata,https://www.wikidata.org/wiki/Q1654229,Q1654229,,2026-08-15T07:57:14Z,Wikidata P571,
E00048,1925,大和ハウス工業株式会社,date_of_establishment,1947-03-04,date,wikidata,https://www.wikidata.org/wiki/Q913825,Q913825,,2026-08-15T07:57:14Z,Wikidata P571,
E00052,1801,大成建設株式会社,date_of_establishment,1873,year,wikidata,https://www.wikidata.org/wiki/Q3178370,Q3178370,,2026-08-15T07:57:14Z,Wikidata P571,
E00053,1803,清水建設株式会社,date_of_establishment,1804,year,wikidata,https://www.wikidata.org/wiki/Q7496874,Q7496874,,2026-08-15T07:57:14Z,Wikidata P571,
E00055,1802,株式会社大林組,date_of_establishment,1892,year,wikidata,https://www.wikidata.org/wiki/Q384730,Q384730,,2026-08-15T07:57:14Z,Wikidata P571,
E00056,1861,株式会社　熊谷組,date_of_establishment,1898,year,wikidata,https://www.wikidata.org/wiki/Q6443371,Q6443371,,2026-08-15T07:57:14Z,Wikidata P571,
E00058,1812,鹿島建設株式会社,date_of_establishment,1840,year,wikidata,https://www.wikidata.org/wiki/Q1081154,Q1081154,,2026-08-15T07:57:14Z,Wikidata P571,
E00059,1887,日本国土開発株式会社,date_of_establishment,1951-04-10,date,wikidata,https://www.wikidata.org/wiki/Q11507575,Q11507575,,2026-08-15T07:57:14Z,Wikidata P571,
E00060,1820,西松建設株式会社,date_of_establishment,1937-09-20,date,wikidata,https://www.wikidata.org/wiki/Q11628762,Q11628762,,2026-08-15T07:57:14Z,Wikidata P571,
E00064,1810,松井建設株式会社,date_of_establishment,1939-01-20,date,wikidata,https://www.wikidata.org/wiki/Q11529110,Q11529110,,2026-08-15T07:57:14Z,Wikidata P571,
E00065,1815,鉄建建設株式会社,date_of_establishment,1944-02-01,date,wikidata,https://www.wikidata.org/wiki/Q11649550,Q11649550,,2026-08-15T07:57:14Z,Wikidata P571,
E00066,1882,東亜道路工業株式会社,date_of_establishment,1930-11-28,date,wikidata,https://www.wikidata.org/wiki/Q11523961,Q11523961,,2026-08-15T07:57:14Z,Wikidata P571,
E00069,1811,株式会社錢高組,date_of_establishment,1931-04-10,date,wikidata,https://www.wikidata.org/wiki/Q11650404,Q11650404,,2026-08-15T07:57:14Z,Wikidata P571,
E00073,1941,株式会社中電工,date_of_establishment,1944-09-29,date,wikidata,https://www.wikidata.org/wiki/Q11367826,Q11367826,,2026-08-15T07:57:14Z,Wikidata P571,
E00074,1942,株式会社関電工,date_of_establishment,1944-09-01,date,wikidata,https://www.wikidata.org/wiki/Q11656501,Q11656501,,2026-08-15T07:57:14Z,Wikidata P571,
E00075,1944,株式会社きんでん,date_of_establishment,1944-08-26,date,wikidata,https://www.wikidata.org/wiki/Q11265237,Q11265237,,2026-08-15T07:57:14Z,Wikidata P571,
E00076,1946,株式会社トーエネック,date_of_establishment,1944-10-01,date,wikidata,https://www.wikidata.org/wiki/Q11322302,Q11322302,,2026-08-15T07:57:14Z,Wikidata P571,
E00079,1892,徳倉建設株式会社,date_of_establishment,1947-04-21,date,wikidata,https://www.wikidata.org/wiki/Q11489516,Q11489516,,2026-08-15T07:57:14Z,Wikidata P571,
E00080,1885,東亜建設工業株式会社,date_of_establishment,1920-01-23,date,wikidata,https://www.wikidata.org/wiki/Q7670949,Q7670949,,2026-08-15T07:57:14Z,Wikidata P571,
E00081,1888,若築建設株式会社,date_of_establishment,1890-05-23,date,wikidata,https://www.wikidata.org/wiki/Q11616680,Q11616680,,2026-08-15T07:57:14Z,Wikidata P571,
E00083,1833,株式会社奥村組,date_of_establishment,1938-03-03,date,wikidata,https://www.wikidata.org/wiki/Q11445911,Q11445911,,2026-08-15T07:57:14Z,Wikidata P571,
E00086,1893,五洋建設株式会社,date_of_establishment,1950-04-28,date,wikidata,https://www.wikidata.org/wiki/Q7164914,Q7164914,,2026-08-15T07:57:14Z,Wikidata P571,
E00090,1808,株式会社　長谷工コーポレーション,date_of_establishment,1946-08-22,date,wikidata,https://www.wikidata.org/wiki/Q11654016,Q11654016,,2026-08-15T07:57:14Z,Wikidata P571,
E00092,1945,株式会社東京エネシス,date_of_establishment,1947-08-14,date,wikidata,https://www.wikidata.org/wiki/Q28691250,Q28691250,,2026-08-15T07:57:14Z,Wikidata P571,
E00093,1814,大末建設株式会社,date_of_establishment,1947-03-20,date,wikidata,https://www.wikidata.org/wiki/Q11435927,Q11435927,,2026-08-15T07:57:14Z,Wikidata P571,
E00094,1951,エクシオグループ株式会社,date_of_establishment,1946-12-28,date,wikidata,https://www.wikidata.org/wiki/Q11407217,Q11407217,,2026-08-15T07:57:14Z,Wikidata P571,
E00095,1822,大豊建設株式会社,date_of_establishment,1949-03-31,date,wikidata,https://www.wikidata.org/wiki/Q11439194,Q11439194,,2026-08-15T07:57:14Z,Wikidata P571,
E00097,1813,株式会社不動テトラ,date_of_establishment,1947-01-28,date,wikidata,https://www.wikidata.org/wiki/Q11361587,Q11361587,,2026-08-15T07:57:14Z,Wikidata P571,
E00098,1926,ライト工業株式会社,date_of_establishment,1948-09-28,date,wikidata,https://www.wikidata.org/wiki/Q11346447,Q11346447,,2026-08-15T07:57:14Z,Wikidata P571,
E00105,1827,株式会社ナカノフドー建設,date_of_establishment,1942-12-19,date,wikidata,https://www.wikidata.org/wiki/Q6960268,Q6960268,,2026-08-15T07:57:14Z,Wikidata P571,
E00107,1961,三機工業株式会社,date_of_establishment,1949-08-01,date,wikidata,https://www.wikidata.org/wiki/Q11356040,Q11356040,,2026-08-15T07:57:14Z,Wikidata P571,
E00109,1972,三晃金属工業株式会社,date_of_establishment,1949-06-16,date,wikidata,https://www.wikidata.org/wiki/Q11355547,Q11355547,,2026-08-15T07:57:14Z,Wikidata P571,
E00112,1835,東鉄工業株式会社,date_of_establishment,1943-07-07,date,wikidata,https://www.wikidata.org/wiki/Q11528636,Q11528636,,2026-08-15T07:57:14Z,Wikidata P571,
E00115,1950,日本電設工業株式会社,date_of_establishment,1942-12-15,date,wikidata,https://www.wikidata.org/wiki/Q11509395,Q11509395,,2026-08-15T07:57:14Z,Wikidata P571,
E00117,1847,株式会社イチケン,date_of_establishment,1930-06,month,wikidata,https://www.wikidata.org/wiki/Q22124415,Q22124415,,2026-08-15T07:57:14Z,Wikidata P571,
E00118,1850,南海辰村建設株式会社,date_of_establishment,1944-06-30,date,wikidata,https://www.wikidata.org/wiki/Q11408197,Q11408197,,2026-08-15T07:57:14Z,Wikidata P571,
E00119,1964,中外炉工業株式会社,date_of_establishment,1945-04-25,date,wikidata,https://www.wikidata.org/wiki/Q11363539,Q11363539,,2026-08-15T07:57:14Z,Wikidata P571,
E00120,1852,株式会社淺沼組,date_of_establishment,1937-06-15,date,wikidata,https://www.wikidata.org/wiki/Q11560409,Q11560409,,2026-08-15T07:57:14Z,Wikidata P571,
E00121,1826,佐田建設株式会社,date_of_establishment,1949-10-03,date,wikidata,https://www.wikidata.org/wiki/Q11383362,Q11383362,,2026-08-15T07:57:14Z,Wikidata P571,
E00130,1853,株式会社　森組,date_of_establishment,1934-02-03,date,wikidata,https://www.wikidata.org/wiki/Q11540223,Q11540223,,2026-08-15T07:57:14Z,Wikidata P571,
E00133,1897,金下建設株式会社,date_of_establishment,1951-04-10,date,wikidata,https://www.wikidata.org/wiki/Q11646292,Q11646292,,2026-08-15T07:57:14Z,Wikidata P571,
E00137,1934,株式会社ユアテック,date_of_establishment,1944-10-10,date,wikidata,https://www.wikidata.org/wiki/Q11345522,Q11345522,,2026-08-15T07:57:14Z,Wikidata P571,
E00138,1967,株式会社ヤマト,date_of_establishment,1946-07-12,date,wikidata,https://www.wikidata.org/wiki/Q11345169,Q11345169,,2026-08-15T07:57:14Z,Wikidata P571,
E00142,1929,日特建設株式会社,date_of_establishment,1947-12-17,date,wikidata,https://www.wikidata.org/wiki/Q11509683,Q11509683,,2026-08-15T07:57:14Z,Wikidata P571,
E00143,1928,積水ハウス株式会社,date_of_establishment,1960-08-01,date,wikidata,https://www.wikidata.org/wiki/Q1539141,Q1539141,,2026-08-15T07:57:14Z,Wikidata P571,
E00146,1959,株式会社クラフティア,date_of_establishment,1944-12-01,date,wikidata,https://www.wikidata.org/wiki/Q11370470,Q11370470,,2026-08-15T07:57:14Z,Wikidata P571,
E00147,1860,戸田建設株式会社,date_of_establishment,1936-07-10,date,wikidata,https://www.wikidata.org/wiki/Q11496515,Q11496515,,2026-08-15T07:57:14Z,Wikidata P571,
E00148,1870,矢作建設工業株式会社,date_of_establishment,1949-05-14,date,wikidata,https://www.wikidata.org/wiki/Q11583913,Q11583913,,2026-08-15T07:57:14Z,Wikidata P571,
E00149,1969,高砂熱学工業株式会社,date_of_establishment,1923-11-16,date,wikidata,https://www.wikidata.org/wiki/Q11672632,Q11672632,,2026-08-15T07:57:14Z,Wikidata P571,
E00153,1975,株式会社朝日工業社,date_of_establishment,1940-08-08,date,wikidata,https://www.wikidata.org/wiki/Q11517498,Q11517498,,2026-08-15T07:57:14Z,Wikidata P571,
E00157,8157,都築電気株式会社,date_of_establishment,1941-03-26,date,wikidata,https://www.wikidata.org/wiki/Q11643811,Q11643811,,2026-08-15T07:57:14Z,Wikidata P571,
E00161,1976,明星工業株式会社,date_of_establishment,1947-07-02,date,wikidata,https://www.wikidata.org/wiki/Q17230520,Q17230520,,2026-08-15T07:57:14Z,Wikidata P571,
E00167,1807,株式会社佐藤渡辺,date_of_establishment,1938-12-20,date,wikidata,https://www.wikidata.org/wiki/Q11384231,Q11384231,,2026-08-15T07:57:14Z,Wikidata P571,
E00173,1960,株式会社サンテック,date_of_establishment,1948-10-28,date,wikidata,https://www.wikidata.org/wiki/Q17210076,Q17210076,,2026-08-15T07:57:14Z,Wikidata P571,
E00175,1866,北野建設株式会社,date_of_establishment,1946-08-31,date,wikidata,https://www.wikidata.org/wiki/Q11404287,Q11404287,,2026-08-15T07:57:14Z,Wikidata P571,
E00176,1898,世紀東急工業株式会社,date_of_establishment,1950-01-16,date,wikidata,https://www.wikidata.org/wiki/Q11362506,Q11362506,,2026-08-15T07:57:14Z,Wikidata P571,
E00179,1867,株式会社植木組,date_of_establishment,1948-07-26,date,wikidata,https://www.wikidata.org/wiki/Q11540535,Q11540535,,2026-08-15T07:57:14Z,Wikidata P571,
E00181,1939,株式会社四電工,date_of_establishment,1963-05-01,date,wikidata,https://www.wikidata.org/wiki/Q11420184,Q11420184,,2026-08-15T07:57:14Z,Wikidata P571,
E00183,1979,株式会社大気社,date_of_establishment,1949-07-07,date,wikidata,https://www.wikidata.org/wiki/Q11436778,Q11436778,,2026-08-15T07:57:14Z,Wikidata P571,
E00185,1938,日本リーテック株式会社,date_of_establishment,1957-04-08,date,wikidata,https://www.wikidata.org/wiki/Q11507029,Q11507029,,2026-08-15T07:57:14Z,Wikidata P571,
E00187,9767,日建工学株式会社,date_of_establishment,1964,year,wikidata,https://www.wikidata.org/wiki/Q140908408,Q140908408,,2026-08-15T08:40:42Z,Wikidata P571,
E00194,1980,ダイダン株式会社,date_of_establishment,1933-10-10,date,wikidata,https://www.wikidata.org/wiki/Q11316803,Q11316803,,2026-08-15T07:57:14Z,Wikidata P571,
E00196,1899,株式会社福田組,date_of_establishment,1927-12-29,date,wikidata,https://www.wikidata.org/wiki/Q11594237,Q11594237,,2026-08-15T07:57:14Z,Wikidata P571,
E00197,1873,株式会社日本ハウスホールディングス,date_of_establishment,1969-02-13,date,wikidata,https://www.wikidata.org/wiki/Q11527127,Q11527127,,2026-08-15T07:57:14Z,Wikidata P571,
E00201,1869,名工建設株式会社,date_of_establishment,1941-06-28,date,wikidata,https://www.wikidata.org/wiki/Q11415415,Q11415415,,2026-08-15T07:57:14Z,Wikidata P571,
E00204,1914,日本基礎技術株式会社,date_of_establishment,1953,year,wikipedia,https://ja.wikipedia.org/wiki/%E6%97%A5%E6%9C%AC%E5%9F%BA%E7%A4%8E%E6%8A%80%E8%A1%93,,日本基礎技術,2026-08-15T07:57:17Z,Wikipedia infobox 設立,
E00207,1930,北陸電気工事株式会社,date_of_establishment,1944-10-01,date,wikidata,https://www.wikidata.org/wiki/Q11404487,Q11404487,,2026-08-15T07:57:14Z,Wikidata P571,
E00208,9743,株式会社丹青社,date_of_establishment,1959-12-25,date,wikidata,https://www.wikidata.org/wiki/Q11368706,Q11368706,,2026-08-15T07:57:14Z,Wikidata P571,
E00209,1966,株式会社　高田工業所,date_of_establishment,1948-06-30,date,wikidata,https://www.wikidata.org/wiki/Q11672104,Q11672104,,2026-08-15T07:57:14Z,Wikidata P571,
E00218,1878,大東建託株式会社,date_of_establishment,1974-06-20,date,wikidata,https://www.wikidata.org/wiki/Q11436136,Q11436136,,2026-08-15T07:57:14Z,Wikidata P571,
E00221,1879,新日本建設株式会社,date_of_establishment,1969-02-19,date,wikidata,https://www.wikidata.org/wiki/Q11502372,Q11502372,,2026-08-15T07:57:14Z,Wikidata P571,
E00227,1952,新日本空調株式会社,date_of_establishment,1969-10-01,date,wikidata,https://www.wikidata.org/wiki/Q11502398,Q11502398,,2026-08-15T07:57:14Z,Wikidata P571,
E00233,1904,大成温調株式会社,date_of_establishment,1952-12-22,date,wikidata,https://www.wikidata.org/wiki/Q21019116,Q21019116,,2026-08-15T07:57:14Z,Wikidata P571,
E00238,1848,株式会社富士ピー・エス,date_of_establishment,1954,year,wikidata,https://www.wikidata.org/wiki/Q11455886,Q11455886,,2026-08-15T07:57:14Z,Wikidata P571,
E00239,1844,株式会社大盛工業,date_of_establishment,1967-06-13,date,wikidata,https://www.wikidata.org/wiki/Q11438057,Q11438057,,2026-08-15T07:57:14Z,Wikidata P571,
E00242,1828,田辺工業株式会社,date_of_establishment,1969-02-01,date,wikidata,https://www.wikidata.org/wiki/Q11577329,Q11577329,,2026-08-15T07:57:14Z,Wikidata P571,
E00246,1997,暁飯島工業株式会社,date_of_establishment,1965-06-01,date,wikidata,https://www.wikidata.org/wiki/Q11514865,Q11514865,,2026-08-15T07:57:14Z,Wikidata P571,
E00248,1999,サイタホールディングス株式会社,date_of_establishment,1955-12-27,date,wikidata,https://www.wikidata.org/wiki/Q11304089,Q11304089,,2026-08-15T07:57:14Z,Wikidata P571,
E00250,1799,第一建設工業株式会社,date_of_establishment,1942-09-23,date,wikidata,https://www.wikidata.org/wiki/Q11602064,Q11602064,,2026-08-15T07:57:14Z,Wikidata P571,
E00251,1798,株式会社守谷商会,date_of_establishment,1955-08-02,date,wikidata,https://www.wikidata.org/wiki/Q11450120,Q11450120,,2026-08-15T07:57:14Z,Wikidata P571,
E00254,1795,株式会社マサル,date_of_establishment,2018-02-15,date,wikipedia,https://ja.wikipedia.org/wiki/%E3%83%9E%E3%82%B5%E3%83%AB%20%28%E7%8A%AC%29,,マサル (犬),2026-08-15T08:40:44Z,Wikipedia infobox 設立,
E00255,1793,株式会社大本組,date_of_establishment,1937-12-19,date,wikidata,https://www.wikidata.org/wiki/Q11435936,Q11435936,,2026-08-15T07:57:14Z,Wikidata P571,
E00259,1788,株式会社三東工業社,date_of_establishment,1954-07-21,date,wikidata,https://www.wikidata.org/wiki/Q11355871,Q11355871,,2026-08-15T07:57:14Z,Wikidata P571,
E00263,1783,株式会社ｆａｎｔａｓｉｓｔａ,date_of_establishment,1950-08-01,date,wikidata,https://www.wikidata.org/wiki/Q11188621,Q11188621,,2026-08-15T07:57:14Z,Wikidata P571,
E00268,1780,株式会社　ヤマウラ,date_of_establishment,1960-08-30,date,wikidata,https://www.wikidata.org/wiki/Q11345107,Q11345107,,2026-08-15T07:57:14Z,Wikidata P571,
E00271,1777,川崎設備工業株式会社,date_of_establishment,1951-10-29,date,wikidata,https://www.wikidata.org/wiki/Q11478578,Q11478578,,2026-08-15T07:57:14Z,Wikidata P571,
E00276,1771,日本乾溜工業株式会社,date_of_establishment,1939-07-01,date,wikidata,https://www.wikidata.org/wiki/Q11507154,Q11507154,,2026-08-15T07:57:14Z,Wikidata P571,
E00277,1770,藤田エンジニアリング株式会社,date_of_establishment,1964-10-28,date,wikidata,https://www.wikidata.org/wiki/Q11624667,Q11624667,,2026-08-15T07:57:14Z,Wikidata P571,
E00279,1768,株式会社ソネック,date_of_establishment,1944-03-14,date,wikidata,https://www.wikidata.org/wiki/Q11315220,Q11315220,,2026-08-15T07:57:14Z,Wikidata P571,
E00281,1766,東建コーポレーション株式会社,date_of_establishment,1976-07-17,date,wikidata,https://www.wikidata.org/wiki/Q11526904,Q11526904,,2026-08-15T07:57:14Z,Wikidata P571,
E00285,1762,株式会社髙松コンストラクショングループ,date_of_establishment,1965-06-07,date,wikidata,https://www.wikidata.org/wiki/Q420659,Q420659,,2026-08-15T07:57:14Z,Wikidata P571,
E00287,1758,太洋基礎工業株式会社,date_of_establishment,1967-05-01,date,wikidata,https://www.wikidata.org/wiki/Q11444046,Q11444046,,2026-08-15T07:57:14Z,Wikidata P571,
E00311,8904,株式会社ＡＶＡＮＴＩＡ,date_of_establishment,1989-11-16,date,wikidata,https://www.wikidata.org/wiki/Q11306020,Q11306020,,2026-08-15T07:57:14Z,Wikidata P571,
E00315,1718,美樹工業株式会社,date_of_establishment,1962-01-23,date,wikidata,https://www.wikidata.org/wiki/Q11609134,Q11609134,,2026-08-15T07:57:14Z,Wikidata P571,
E00316,1720,東急建設株式会社,date_of_establishment,2003-04-10,date,wikidata,https://www.wikidata.org/wiki/Q11527014,Q11527014,,2026-08-15T07:57:14Z,Wikidata P571,
E00317,1719,株式会社安藤・間,date_of_establishment,1889,year,wikidata,https://www.wikidata.org/wiki/Q4410214,Q4410214,,2026-08-15T07:57:14Z,Wikidata P571,
E00320,1716,第一カッター興業株式会社,date_of_establishment,1967-08-09,date,wikidata,https://www.wikidata.org/wiki/Q96312883,Q96312883,,2026-08-15T07:57:14Z,Wikidata P571,
E00322,1721,コムシスホールディングス株式会社,date_of_establishment,2003,year,wikidata,https://www.wikidata.org/wiki/Q520243,Q520243,,2026-08-15T07:57:14Z,Wikidata P571,
E00323,1401,株式会社エムビーエス,date_of_establishment,2001-07-17,date,wikidata,https://www.wikidata.org/wiki/Q11290821,Q11290821,,2026-08-15T07:57:14Z,Wikidata P571,
E00327,1407,株式会社ウエストホールディングス,date_of_establishment,2006-03-01,date,wikidata,https://www.wikidata.org/wiki/Q11288661,Q11288661,,2026-08-15T07:57:14Z,Wikidata P571,
E00329,1414,ショーボンドホールディングス株式会社,date_of_establishment,2008-01-04,date,wikipedia,https://ja.wikipedia.org/wiki/%E3%82%B7%E3%83%A7%E3%83%BC%E3%83%9C%E3%83%B3%E3%83%89%E3%83%9B%E3%83%BC%E3%83%AB%E3%83%87%E3%82%A3%E3%83%B3%E3%82%B0%E3%82%B9,,ショーボンドホールディングス,2026-08-15T07:57:17Z,Wikipedia infobox 設立,
E00331,2264,森永乳業株式会社,date_of_establishment,1949-04-13,date,wikidata,https://www.wikidata.org/wiki/Q6912239,Q6912239,,2026-08-15T07:57:14Z,Wikidata P571,
E00334,2282,日本ハム株式会社,date_of_establishment,1949,year,wikidata,https://www.wikidata.org/wiki/Q7039626,Q7039626,,2026-08-15T07:57:14Z,Wikidata P571,
E00335,2281,プリマハム株式会社,date_of_establishment,1948-07-09,date,wikidata,https://www.wikidata.org/wiki/Q11335637,Q11335637,,2026-08-15T07:57:14Z,Wikidata P571,
E00337,2266,六甲バター株式会社,date_of_establishment,1948-12-13,date,wikidata,https://www.wikidata.org/wiki/Q11392449,Q11392449,,2026-08-15T07:57:14Z,Wikidata P571,
E00341,2291,福留ハム株式会社,date_of_establishment,1958-03-22,date,wikidata,https://www.wikidata.org/wiki/Q11594297,Q11594297,,2026-08-15T07:57:14Z,Wikidata P571,
E00342,2292,エスフーズ株式会社,date_of_establishment,1967-05-22,date,wikidata,https://www.wikidata.org/wiki/Q11290098,Q11290098,,2026-08-15T07:57:14Z,Wikidata P571,
E00343,2293,滝沢ハム株式会社,date_of_establishment,1950-12-20,date,wikidata,https://www.wikidata.org/wiki/Q11565208,Q11565208,,2026-08-15T07:57:14Z,Wikidata P571,
E00344,1380,株式会社秋川牧園,date_of_establishment,1979-05-25,date,wikidata,https://www.wikidata.org/wiki/Q11595082,Q11595082,,2026-08-15T07:57:14Z,Wikidata P571,
E00345,2001,株式会社ニップン,date_of_establishment,1896,year,wikidata,https://www.wikidata.org/wiki/Q1357076,Q1357076,,2026-08-15T07:57:14Z,Wikidata P571,
E00346,2002,株式会社日清製粉グループ本社,date_of_establishment,1900,year,wikidata,https://www.wikidata.org/wiki/Q7041111,Q7041111,,2026-08-15T07:57:14Z,Wikidata P571,
E00347,2003,日東富士製粉株式会社,date_of_establishment,1914-03-25,date,wikidata,https://www.wikidata.org/wiki/Q11509512,Q11509512,,2026-08-15T07:57:14Z,Wikidata P571,
E00348,2004,昭和産業株式会社,date_of_establishment,1936-02-18,date,wikidata,https://www.wikidata.org/wiki/Q11514112,Q11514112,,2026-08-15T07:57:14Z,Wikidata P571,
E00351,2009,鳥越製粉株式会社,date_of_establishment,1935-12-24,date,wikidata,https://www.wikidata.org/wiki/Q11675152,Q11675152,,2026-08-15T07:57:14Z,Wikidata P571,
E00355,2108,日本甜菜製糖株式会社,date_of_establishment,1919-06-11,date,wikidata,https://www.wikidata.org/wiki/Q11508607,Q11508607,,2026-08-15T07:57:14Z,Wikidata P571,
E00356,2109,ＤＭ三井製糖株式会社,date_of_establishment,2021-04-01,date,wikidata,https://www.wikidata.org/wiki/Q121847503,Q121847503,,2026-08-15T07:57:14Z,Wikidata P571,
E00360,2114,フジ日本株式会社,date_of_establishment,1949-07-19,date,wikidata,https://www.wikidata.org/wiki/Q11333315,Q11333315,,2026-08-15T07:57:14Z,Wikidata P571,
E00361,2112,塩水港精糖株式会社,date_of_establishment,1950-07-01,date,wikidata,https://www.wikidata.org/wiki/Q3847416,Q3847416,,2026-08-15T07:57:14Z,Wikidata P571,
E00369,2201,森永製菓株式会社,date_of_establishment,1910-02-23,date,wikidata,https://www.wikidata.org/wiki/Q1076089,Q1076089,,2026-08-15T07:57:14Z,Wikidata P571,
E00371,2209,井村屋グループ株式会社,date_of_establishment,1947-04-08,date,wikidata,https://www.wikidata.org/wiki/Q11373626,Q11373626,,2026-08-15T07:57:14Z,Wikidata P571,
E00372,2204,株式会社中村屋,date_of_establishment,1901-12,month,wikidata,https://www.wikidata.org/wiki/Q11365540,Q11365540,,2026-08-15T07:57:14Z,Wikidata P571,
E00373,2206,江崎グリコ株式会社,date_of_establishment,1929-02-22,date,wikidata,https://www.wikidata.org/wiki/Q391534,Q391534,,2026-08-15T07:57:14Z,Wikidata P571,
E00374,2211,株式会社不二家,date_of_establishment,1910-11,month,wikidata,https://www.wikidata.org/wiki/Q858452,Q858452,,2026-08-15T07:57:14Z,Wikidata P571,
E00375,2212,山崎製パン株式会社,date_of_establishment,1948,year,wikidata,https://www.wikidata.org/wiki/Q3138937,Q3138937,,2026-08-15T07:57:14Z,Wikidata P571,
E00376,2207,株式会社ｍｅｉｔｏ,date_of_establishment,1945-02-08,date,wikidata,https://www.wikidata.org/wiki/Q11415537,Q11415537,,2026-08-15T07:57:14Z,Wikidata P571,
E00377,2215,第一屋製パン株式会社,date_of_establishment,1955-07-22,date,wikidata,https://www.wikidata.org/wiki/Q11602061,Q11602061,,2026-08-15T07:57:14Z,Wikidata P571,
E00378,2216,カンロ株式会社,date_of_establishment,1950-05-06,date,wikidata,https://www.wikidata.org/wiki/Q11295561,Q11295561,,2026-08-15T07:57:14Z,Wikidata P571,
E00380,2208,株式会社ブルボン,date_of_establishment,1924-11-20,date,wikidata,https://www.wikidata.org/wiki/Q11334857,Q11334857,,2026-08-15T07:57:14Z,Wikidata P571,
E00381,2217,モロゾフ株式会社,date_of_establishment,1931,year,wikidata,https://www.wikidata.org/wiki/Q11344650,Q11344650,,2026-08-15T07:57:14Z,Wikidata P571,
E00382,2218,日糧製パン株式会社,date_of_establishment,1946-05-16,date,wikidata,https://www.wikidata.org/wiki/Q11510147,Q11510147,,2026-08-15T07:57:14Z,Wikidata P571,
E00385,2220,亀田製菓株式会社,date_of_establishment,1957-08-26,date,wikidata,https://www.wikidata.org/wiki/Q11371008,Q11371008,,2026-08-15T07:57:14Z,Wikidata P571,
E00386,2221,岩塚製菓株式会社,date_of_establishment,1954-04-27,date,wikidata,https://www.wikidata.org/wiki/Q11474342,Q11474342,,2026-08-15T07:57:14Z,Wikidata P571,
E00387,2222,寿スピリッツ株式会社,date_of_establishment,1952-04-25,date,wikidata,https://www.wikidata.org/wiki/Q11458294,Q11458294,,2026-08-15T07:57:14Z,Wikidata P571,
E00388,2224,株式会社コモ,date_of_establishment,1984-06-18,date,wikidata,https://www.wikidata.org/wiki/Q11302695,Q11302695,,2026-08-15T07:57:14Z,Wikidata P571,
E00389,2226,株式会社湖池屋,date_of_establishment,1977-01-13,date,wikidata,https://www.wikidata.org/wiki/Q11563252,Q11563252,,2026-08-15T07:57:14Z,Wikidata P571,
E00390,3346,ヒロタグループホールディングス株式会社,date_of_establishment,2000-03-07,date,wikidata,https://www.wikidata.org/wiki/Q11187225,Q11187225,,2026-08-15T07:57:14Z,Wikidata P571,
E00393,2501,サッポロビール株式会社,date_of_establishment,1949-09-01,date,wikidata,https://www.wikidata.org/wiki/Q11304809,Q11304809,,2026-08-15T07:57:14Z,Wikidata P571,
E00394,2502,アサヒグループホールディングス株式会社,date_of_establishment,1949,year,wikidata,https://www.wikidata.org/wiki/Q11283168,Q11283168,,2026-08-15T07:57:14Z,Wikidata P571,
E00395,2503,キリンホールディングス株式会社,date_of_establishment,1885,year,wikidata,https://www.wikidata.org/wiki/Q13403399,Q13403399,,2026-08-15T07:57:14Z,Wikidata P571,
E00396,2531,宝ホールディングス株式会社,date_of_establishment,1925,year,wikidata,https://www.wikidata.org/wiki/Q7677258,Q7677258,,2026-08-15T07:57:14Z,Wikidata P571,
E00397,2533,オエノンホールディングス株式会社,date_of_establishment,1924-10-31,date,wikidata,https://www.wikidata.org/wiki/Q11291738,Q11291738,,2026-08-15T07:57:14Z,Wikidata P571,
E00406,2267,株式会社ヤクルト本社,date_of_establishment,1955,year,wikidata,https://www.wikidata.org/wiki/Q16172223,Q16172223,,2026-08-15T07:57:14Z,Wikidata P571,
E00408,2573,北海道コカ・コーラボトリング株式会社,date_of_establishment,1963-01-24,date,wikidata,https://www.wikidata.org/wiki/Q11402473,Q11402473,,2026-08-15T07:57:14Z,Wikidata P571,
E00410,409A,オリオンビール株式会社,date_of_establishment,1957-05-18,date,wikidata,https://www.wikidata.org/wiki/Q7102771,Q7102771,,2026-08-15T07:57:14Z,Wikidata P571,
E00414,2593,株式会社伊藤園,date_of_establishment,1966,year,wikidata,https://www.wikidata.org/wiki/Q3079325,Q3079325,,2026-08-15T07:57:14Z,Wikidata P571,
E00417,2579,コカ・コーラ　ボトラーズジャパンホールディングス株式会社,date_of_establishment,1960-12-20,date,wikidata,https://www.wikidata.org/wiki/Q28685058,Q28685058,,2026-08-15T07:57:14Z,Wikidata P571,
E00422,2551,マルサンアイ株式会社,date_of_establishment,1952-03-07,date,wikidata,https://www.wikidata.org/wiki/Q11341273,Q11341273,,2026-08-15T07:57:14Z,Wikidata P571,
E00424,2590,ダイドーグループホールディングス株式会社,date_of_establishment,1975-01-27,date,wikipedia,https://ja.wikipedia.org/wiki/%E3%83%80%E3%82%A4%E3%83%89%E3%83%BC%E3%82%B0%E3%83%AB%E3%83%BC%E3%83%97%E3%83%9B%E3%83%BC%E3%83%AB%E3%83%87%E3%82%A3%E3%83%B3%E3%82%B0%E3%82%B9,,ダイドーグループホールディングス,2026-08-15T07:57:17Z,Wikipedia infobox 設立,
E00428,2602,日清オイリオグループ株式会社,date_of_establishment,1907-03-07,date,wikidata,https://www.wikidata.org/wiki/Q11509644,Q11509644,,2026-08-15T07:57:14Z,Wikidata P571,
E00431,2607,不二製油株式会社,date_of_establishment,2015-10-01,date,wikidata,https://www.wikidata.org/wiki/Q11361557,Q11361557,,2026-08-15T07:57:14Z,Wikidata P571,
E00433,2612,かどや製油株式会社,date_of_establishment,1957-05-02,date,wikidata,https://www.wikidata.org/wiki/Q11263994,Q11263994,,2026-08-15T07:57:14Z,Wikidata P571,
E00434,2613,株式会社Ｊ－オイルミルズ,date_of_establishment,2002-04-01,date,wikidata,https://www.wikidata.org/wiki/Q11225132,Q11225132,,2026-08-15T07:57:14Z,Wikidata P571,
E00435,2801,キッコーマン株式会社,date_of_establishment,1917-12-07,date,wikidata,https://www.wikidata.org/wiki/Q1321815,Q1321815,,2026-08-15T07:57:14Z,Wikidata P571,
E00436,2802,味の素株式会社,date_of_establishment,1917,year,wikidata,https://www.wikidata.org/wiki/Q412826,Q412826,,2026-08-15T07:57:14Z,Wikidata P571,
E00439,2053,中部飼料株式会社,date_of_establishment,1949-03-24,date,wikidata,https://www.wikidata.org/wiki/Q11367348,Q11367348,,2026-08-15T07:57:14Z,Wikidata P571,
E00442,2892,日本食品化工株式会社,date_of_establishment,1948-07-26,date,wikidata,https://www.wikidata.org/wiki/Q11509442,Q11509442,,2026-08-15T07:57:14Z,Wikidata P571,
E00443,2286,林兼産業株式会社,date_of_establishment,1941-01-15,date,wikidata,https://www.wikidata.org/wiki/Q11532863,Q11532863,,2026-08-15T07:57:14Z,Wikidata P571,
E00444,2811,カゴメ株式会社,date_of_establishment,1899,year,wikidata,https://www.wikidata.org/wiki/Q6346618,Q6346618,,2026-08-15T07:57:14Z,Wikidata P571,
E00446,2871,株式会社ニチレイ,date_of_establishment,1942-12-24,date,wikidata,https://www.wikidata.org/wiki/Q4921527,Q4921527,,2026-08-15T07:57:14Z,Wikidata P571,
E00447,2872,株式会社セイヒョー,date_of_establishment,1916-03-12,date,wikidata,https://www.wikidata.org/wiki/Q11314145,Q11314145,,2026-08-15T07:57:14Z,Wikidata P571,
E00448,4229,群栄化学工業株式会社,date_of_establishment,1946-01-23,date,wikidata,https://www.wikidata.org/wiki/Q11609506,Q11609506,,2026-08-15T07:57:14Z,Wikidata P571,
E00452,2805,ヱスビー食品株式会社,date_of_establishment,1940-04-05,date,wikidata,https://www.wikidata.org/wiki/Q11290090,Q11290090,,2026-08-15T07:57:14Z,Wikidata P571,
E00453,2894,石井食品株式会社,date_of_establishment,1945-05-14,date,wikidata,https://www.wikidata.org/wiki/Q11585148,Q11585148,,2026-08-15T07:57:14Z,Wikidata P571,
E00454,2055,日和産業株式会社,date_of_establishment,1924-08-05,date,wikidata,https://www.wikidata.org/wiki/Q11505199,Q11505199,,2026-08-15T07:57:14Z,Wikidata P571,
E00456,8006,ユアサ・フナショク株式会社,date_of_establishment,1937-01-18,date,wikidata,https://www.wikidata.org/wiki/Q11345518,Q11345518,,2026-08-15T07:57:14Z,Wikidata P571,
E00457,2897,日清食品ホールディングス株式会社,date_of_establishment,1948-09-04,date,wikidata,https://www.wikidata.org/wiki/Q18341667,Q18341667,,2026-08-15T07:57:14Z,Wikidata P571,
E00458,2288,丸大食品株式会社,date_of_establishment,1958-06-10,date,wikidata,https://www.wikidata.org/wiki/Q11368085,Q11368085,,2026-08-15T07:57:14Z,Wikidata P571,
E00461,2875,東洋水産株式会社,date_of_establishment,1953,year,wikidata,https://www.wikidata.org/wiki/Q7830633,Q7830633,,2026-08-15T07:57:14Z,Wikidata P571,
E00462,2810,ハウス食品グループ本社株式会社,date_of_establishment,1947-06-07,date,wikidata,https://www.wikidata.org/wiki/Q16143436,Q16143436,,2026-08-15T07:57:14Z,Wikidata P571,
E00464,2809,キユーピー株式会社,date_of_establishment,1919-11-30,date,wikidata,https://www.wikidata.org/wiki/Q11297548,Q11297548,,2026-08-15T07:57:14Z,Wikidata P571,
E00465,2806,ユタカフーズ株式会社,date_of_establishment,1944-10-21,date,wikidata,https://www.wikidata.org/wiki/Q11345600,Q11345600,,2026-08-15T07:57:14Z,Wikidata P571,
E00466,2804,ブルドックソース株式会社,date_of_establishment,1926-09-21,date,wikidata,https://www.wikidata.org/wiki/Q11334844,Q11334844,,2026-08-15T07:57:14Z,Wikidata P571,
E00467,250A,シマダヤ株式会社,date_of_establishment,1949-03,month,wikidata,https://www.wikidata.org/wiki/Q11307540,Q11307540,,2026-08-15T07:57:14Z,Wikidata P571,
E00471,2901,株式会社ウェルディッシュ,date_of_establishment,1957-10-10,date,wikidata,https://www.wikidata.org/wiki/Q11585421,Q11585421,,2026-08-15T07:57:14Z,Wikidata P571,
E00472,2902,太陽化学株式会社,date_of_establishment,1948-01-28,date,wikidata,https://www.wikidata.org/wiki/Q11444687,Q11444687,,2026-08-15T07:57:14Z,Wikidata P571,
E00473,2903,シノブフーズ株式会社,date_of_establishment,1971-05-01,date,wikidata,https://www.wikidata.org/wiki/Q17212508,Q17212508,,2026-08-15T07:57:14Z,Wikidata P571,
E00476,2904,一正蒲鉾株式会社,date_of_establishment,1965-01-22,date,wikidata,https://www.wikidata.org/wiki/Q11352915,Q11352915,,2026-08-15T07:57:14Z,Wikidata P571,
E00478,2813,和弘食品株式会社,date_of_establishment,1964-03-30,date,wikidata,https://www.wikidata.org/wiki/Q11417253,Q11417253,,2026-08-15T07:57:14Z,Wikidata P571,
E00480,2907,株式会社あじかん,date_of_establishment,1965-03-19,date,wikidata,https://www.wikidata.org/wiki/Q11257401,Q11257401,,2026-08-15T07:57:14Z,Wikidata P571,
E00481,2908,フジッコ株式会社,date_of_establishment,1960-11-07,date,wikidata,https://www.wikidata.org/wiki/Q11333152,Q11333152,,2026-08-15T07:57:14Z,Wikidata P571,
E00482,2910,株式会社ロック・フィールド,date_of_establishment,1972-06-08,date,wikidata,https://www.wikidata.org/wiki/Q11350465,Q11350465,,2026-08-15T07:57:14Z,Wikidata P571,
E00484,2814,佐藤食品工業株式会社,date_of_establishment,1954-10-21,date,wikidata,https://www.wikidata.org/wiki/Q11384565,Q11384565,,2026-08-15T07:57:14Z,Wikidata P571,
E00486,2815,アリアケジャパン株式会社,date_of_establishment,1978-05-02,date,wikidata,https://www.wikidata.org/wiki/Q2861158,Q2861158,,2026-08-15T07:57:14Z,Wikidata P571,
E00487,2911,旭松食品株式会社,date_of_establishment,1950-12-19,date,wikidata,https://www.wikidata.org/wiki/Q11511816,Q11511816,,2026-08-15T07:57:14Z,Wikidata P571,
E00488,2876,株式会社デルソーレ,date_of_establishment,1964-11-19,date,wikidata,https://www.wikidata.org/wiki/Q21019040,Q21019040,,2026-08-15T07:57:14Z,Wikidata P571,
E00491,2594,キーコーヒー株式会社,date_of_establishment,1952-10-16,date,wikidata,https://www.wikidata.org/wiki/Q11298005,Q11298005,,2026-08-15T07:57:14Z,Wikidata P571,
E00492,2914,日本たばこ産業株式会社,date_of_establishment,1985-04-01,date,wikidata,https://www.wikidata.org/wiki/Q898568,Q898568,,2026-08-15T07:57:14Z,Wikidata P571,
E00493,2915,ケンコーマヨネーズ株式会社,date_of_establishment,1958-03-01,date,wikidata,https://www.wikidata.org/wiki/Q11301272,Q11301272,,2026-08-15T07:57:14Z,Wikidata P571,
E00494,2916,仙波糖化工業株式会社,date_of_establishment,1947-07-01,date,wikidata,https://www.wikidata.org/wiki/Q11378139,Q11378139,,2026-08-15T07:57:14Z,Wikidata P571,
E00495,2917,株式会社大森屋,date_of_establishment,1955-03-05,date,wikidata,https://www.wikidata.org/wiki/Q11436348,Q11436348,,2026-08-15T07:57:14Z,Wikidata P571,
E00496,2918,わらべや日洋ホールディングス株式会社,date_of_establishment,1964-03-18,date,wikidata,https://www.wikidata.org/wiki/Q11281938,Q11281938,,2026-08-15T07:57:14Z,Wikidata P571,
E00497,2919,株式会社　マルタイ,date_of_establishment,1963-12,month,wikidata,https://www.wikidata.org/wiki/Q11341315,Q11341315,,2026-08-15T07:57:14Z,Wikidata P571,
E00498,2877,日東ベスト株式会社,date_of_establishment,1948-07-16,date,wikidata,https://www.wikidata.org/wiki/Q11509499,Q11509499,,2026-08-15T07:57:14Z,Wikidata P571,
E00501,2816,株式会社ダイショー,date_of_establishment,1966-12,month,wikidata,https://www.wikidata.org/wiki/Q11316770,Q11316770,,2026-08-15T07:57:14Z,Wikidata P571,
E00502,2058,株式会社ヒガシマル,date_of_establishment,1979-10-02,date,wikidata,https://www.wikidata.org/wiki/Q11329963,Q11329963,,2026-08-15T07:57:14Z,Wikidata P571,
E00505,2597,株式会社ユニカフェ,date_of_establishment,1972-11-07,date,wikidata,https://www.wikidata.org/wiki/Q11345654,Q11345654,,2026-08-15T07:57:14Z,Wikidata P571,
E00506,2922,株式会社なとり,date_of_establishment,1948-06-11,date,wikidata,https://www.wikidata.org/wiki/Q17227064,Q17227064,,2026-08-15T07:57:14Z,Wikidata P571,
E00508,2831,はごろもフーズ株式会社,date_of_establishment,1947-07-28,date,wikidata,https://www.wikidata.org/wiki/Q11275409,Q11275409,,2026-08-15T07:57:14Z,Wikidata P571,
E00510,2923,サトウ食品株式会社,date_of_establishment,1961-04-15,date,wikidata,https://www.wikidata.org/wiki/Q11384566,Q11384566,,2026-08-15T07:57:14Z,Wikidata P571,
E00511,2924,イフジ産業株式会社,date_of_establishment,1972-10-03,date,wikidata,https://www.wikidata.org/wiki/Q11286953,Q11286953,,2026-08-15T07:57:14Z,Wikidata P571,
E00513,2818,株式会社ピエトロ,date_of_establishment,1985-07-29,date,wikidata,https://www.wikidata.org/wiki/Q11331340,Q11331340,,2026-08-15T07:57:14Z,Wikidata P571,
E00514,2819,エバラ食品工業株式会社,date_of_establishment,1958-05-09,date,wikidata,https://www.wikidata.org/wiki/Q11290491,Q11290491,,2026-08-15T07:57:14Z,Wikidata P571,
E00515,2926,株式会社　篠崎屋,date_of_establishment,1995-10-01,date,wikidata,https://www.wikidata.org/wiki/Q11603736,Q11603736,,2026-08-15T07:57:14Z,Wikidata P571,
E00518,2928,ＲＩＺＡＰグループ株式会社,date_of_establishment,2003-04-10,date,wikidata,https://www.wikidata.org/wiki/Q27016944,Q27016944,,2026-08-15T07:57:14Z,Wikidata P571,
E00520,3002,グンゼ株式会社,date_of_establishment,1896-08-10,date,wikidata,https://www.wikidata.org/wiki/Q11300938,Q11300938,,2026-08-15T07:57:14Z,Wikidata P571,
E00521,3010,ポラリス・ホールディングス株式会社,date_of_establishment,1912-09-20,date,wikidata,https://www.wikidata.org/wiki/Q11385568,Q11385568,,2026-08-15T07:57:14Z,Wikidata P571,
E00523,3003,ヒューリック株式会社,date_of_establishment,1957-03-26,date,wikidata,https://www.wikidata.org/wiki/Q11330273,Q11330273,,2026-08-15T07:57:14Z,Wikidata P571,
E00524,3001,片倉工業株式会社,date_of_establishment,1943,year,wikidata,https://www.wikidata.org/wiki/Q11569525,Q11569525,,2026-08-15T07:57:14Z,Wikidata P571,
E00525,3101,東洋紡株式会社,date_of_establishment,1882-05,month,wikidata,https://www.wikidata.org/wiki/Q7830642,Q7830642,,2026-08-15T07:57:14Z,Wikidata P571,
E00527,3103,ユニチカ株式会社,date_of_establishment,1889-06-19,date,wikidata,https://www.wikidata.org/wiki/Q7893684,Q7893684,,2026-08-15T07:57:14Z,Wikidata P571,
E00528,3106,倉敷紡績株式会社,date_of_establishment,1888-03-09,date,wikidata,https://www.wikidata.org/wiki/Q11386769,Q11386769,,2026-08-15T07:57:14Z,Wikidata P571,
E00529,3107,ダイワボウホールディングス株式会社,date_of_establishment,1941-04-01,date,wikidata,https://www.wikidata.org/wiki/Q11317061,Q11317061,,2026-08-15T07:57:14Z,Wikidata P571,
E00530,3109,シキボウ株式会社,date_of_establishment,1892-08-05,date,wikidata,https://www.wikidata.org/wiki/Q11307076,Q11307076,,2026-08-15T07:57:14Z,Wikidata P571,
E00531,3111,オーミケンシ株式会社,date_of_establishment,1917-08-13,date,wikidata,https://www.wikidata.org/wiki/Q11293509,Q11293509,,2026-08-15T07:57:14Z,Wikidata P571,
E00534,3123,サイボー株式会社,date_of_establishment,1948-06-15,date,wikidata,https://www.wikidata.org/wiki/Q11304210,Q11304210,,2026-08-15T07:57:14Z,Wikidata P571,
E00540,3116,トヨタ紡織株式会社,date_of_establishment,1918-01,month,wikidata,https://www.wikidata.org/wiki/Q7830755,Q7830755,,2026-08-15T07:57:14Z,Wikidata P571,
E00541,3113,株式会社ＵＮＩＶＡ・Ｏａｋホールディングス,date_of_establishment,1918-03-01,date,wikidata,https://www.wikidata.org/wiki/Q17989571,Q17989571,,2026-08-15T07:57:14Z,Wikidata P571,
E00542,3110,日東紡績株式会社,date_of_establishment,1918-04-22,date,wikidata,https://www.wikidata.org/wiki/Q7041568,Q7041568,,2026-08-15T07:57:14Z,Wikidata P571,
E00543,3104,富士紡ホールディングス株式会社,date_of_establishment,1896-03-24,date,wikidata,https://www.wikidata.org/wiki/Q11456123,Q11456123,,2026-08-15T07:57:14Z,Wikidata P571,
E00544,3105,日清紡ホールディングス株式会社,date_of_establishment,1907,year,wikidata,https://www.wikidata.org/wiki/Q7041115,Q7041115,,2026-08-15T07:57:14Z,Wikidata P571,
E00545,3121,マーチャント・バンカーズ株式会社,date_of_establishment,1947-03-17,date,wikidata,https://www.wikidata.org/wiki/Q17210978,Q17210978,,2026-08-15T07:57:14Z,Wikidata P571,
E00547,3202,ダイトウボウ株式会社,date_of_establishment,1896-02-27,date,wikidata,https://www.wikidata.org/wiki/Q11436163,Q11436163,,2026-08-15T07:57:14Z,Wikidata P571,
E00550,3205,株式会社ダイドーリミテッド,date_of_establishment,1949-10-17,date,wikidata,https://www.wikidata.org/wiki/Q11316816,Q11316816,,2026-08-15T07:57:14Z,Wikidata P571,
E00552,3201,日本毛織株式会社,date_of_establishment,1896-12-03,date,wikidata,https://www.wikidata.org/wiki/Q11508417,Q11508417,,2026-08-15T07:57:14Z,Wikidata P571,
E00556,3204,株式会社トーア紡コーポレーション,date_of_establishment,2003-06-12,date,wikidata,https://www.wikidata.org/wiki/Q11322300,Q11322300,,2026-08-15T07:57:14Z,Wikidata P571,
E00558,3306,日本製麻株式会社,date_of_establishment,1947-02-24,date,wikidata,https://www.wikidata.org/wiki/Q11509082,Q11509082,,2026-08-15T07:57:14Z,Wikidata P571,
E00559,3302,帝国繊維株式会社,date_of_establishment,1950-07-01,date,wikidata,https://www.wikidata.org/wiki/Q17216987,Q17216987,,2026-08-15T07:57:14Z,Wikidata P571,
E00562,3569,セーレン株式会社,date_of_establishment,1923,year,wikidata,https://www.wikidata.org/wiki/Q13417155,Q13417155,,2026-08-15T07:57:14Z,Wikidata P571,
E00563,3577,東海染工株式会社,date_of_establishment,1941-03-01,date,wikidata,https://www.wikidata.org/wiki/Q11527922,Q11527922,,2026-08-15T07:57:14Z,Wikidata P571,
E00566,3409,株式会社北紡,date_of_establishment,1948-10-07,date,wikidata,https://www.wikidata.org/wiki/Q11401865,Q11401865,,2026-08-15T07:57:14Z,Wikidata P571,
E00567,3529,アツギ株式会社,date_of_establishment,1947-12-24,date,wikidata,https://www.wikidata.org/wiki/Q11283910,Q11283910,,2026-08-15T07:57:14Z,Wikidata P571,
E00569,3571,株式会社ソトー,date_of_establishment,1923-03,month,wikidata,https://www.wikidata.org/wiki/Q11315142,Q11315142,,2026-08-15T07:57:14Z,Wikidata P571,
E00570,8091,ニチモウ株式会社,date_of_establishment,1919-08-17,date,wikidata,https://www.wikidata.org/wiki/Q11324404,Q11324404,,2026-08-15T07:57:14Z,Wikidata P571,
E00572,3513,イチカワ株式会社,date_of_establishment,1949-11-21,date,wikidata,https://www.wikidata.org/wiki/Q11286747,Q11286747,,2026-08-15T07:57:14Z,Wikidata P571,
E00573,3512,日本フエルト株式会社,date_of_establishment,1917-06-30,date,wikidata,https://www.wikidata.org/wiki/Q11506819,Q11506819,,2026-08-15T07:57:14Z,Wikidata P571,
E00574,3501,ＳＵＭＩＮＯＥ株式会社,date_of_establishment,1913-12-25,date,wikidata,https://www.wikidata.org/wiki/Q11381961,Q11381961,,2026-08-15T07:57:14Z,Wikidata P571,
E00576,3521,テルマー湯ホールディングス株式会社,date_of_establishment,1926-12-22,date,wikidata,https://www.wikidata.org/wiki/Q11289897,Q11289897,,2026-08-15T07:57:14Z,Wikidata P571,
E00578,3524,日東製網株式会社,date_of_establishment,1910-08-01,date,wikidata,https://www.wikidata.org/wiki/Q11509525,Q11509525,,2026-08-15T07:57:14Z,Wikidata P571,
E00584,3583,オーベクス株式会社,date_of_establishment,1892-12-12,date,wikidata,https://www.wikidata.org/wiki/Q30928524,Q30928524,,2026-08-15T07:57:14Z,Wikidata P571,
E00585,3011,株式会社バナーズ,date_of_establishment,1950-08-28,date,wikidata,https://www.wikidata.org/wiki/Q11327959,Q11327959,,2026-08-15T07:57:14Z,Wikidata P571,
E00590,3591,株式会社ワコールホールディングス,date_of_establishment,1949,year,wikidata,https://www.wikidata.org/wiki/Q909522,Q909522,,2026-08-15T07:57:14Z,Wikidata P571,
E00591,3580,小松マテーレ株式会社,date_of_establishment,1943-10-08,date,wikidata,https://www.wikidata.org/wiki/Q11461224,Q11461224,,2026-08-15T07:57:14Z,Wikidata P571,
E00593,8011,株式会社三陽商会,date_of_establishment,1943-05-11,date,wikidata,https://www.wikidata.org/wiki/Q11358279,Q11358279,,2026-08-15T07:57:14Z,Wikidata P571,
E00600,8127,ヤマトインターナショナル株式会社,date_of_establishment,1947-06-16,date,wikidata,https://www.wikidata.org/wiki/Q11345172,Q11345172,,2026-08-15T07:57:14Z,Wikidata P571,
E00603,8111,株式会社ゴールドウイン,date_of_establishment,1951-12-22,date,wikidata,https://www.wikidata.org/wiki/Q11303928,Q11303928,,2026-08-15T07:57:14Z,Wikidata P571,
E00604,8029,株式会社ルックホールディングス,date_of_establishment,1962-10-29,date,wikidata,https://www.wikidata.org/wiki/Q101243621,Q101243621,,2026-08-15T07:57:14Z,Wikidata P571,
E00605,8143,株式会社ラピーヌ,date_of_establishment,1950-02-11,date,wikidata,https://www.wikidata.org/wiki/Q11347223,Q11347223,,2026-08-15T07:57:14Z,Wikidata P571,
E00607,3597,株式会社自重堂,date_of_establishment,1960-07-01,date,wikidata,https://www.wikidata.org/wiki/Q11613150,Q11613150,,2026-08-15T07:57:14Z,Wikidata P571,
E00609,9980,ＭＲＫホールディングス株式会社,date_of_establishment,1978-04-22,date,wikidata,https://www.wikidata.org/wiki/Q17210389,Q17210389,,2026-08-15T07:57:14Z,Wikidata P571,
E00617,3607,株式会社クラウディアホールディングス,date_of_establishment,1976-12-21,date,wikidata,https://www.wikidata.org/wiki/Q11298884,Q11298884,,2026-08-15T07:57:14Z,Wikidata P571,
E00630,7898,株式会社ウッドワン,date_of_establishment,1952-04-02,date,wikidata,https://www.wikidata.org/wiki/Q11289009,Q11289009,,2026-08-15T07:57:14Z,Wikidata P571,
E00631,7822,永大産業株式会社,date_of_establishment,1946-07-29,date,wikidata,https://www.wikidata.org/wiki/Q11549948,Q11549948,,2026-08-15T07:57:14Z,Wikidata P571,
E00632,7897,ホクシン株式会社,date_of_establishment,1950-06-21,date,wikidata,https://www.wikidata.org/wiki/Q11337648,Q11337648,,2026-08-15T07:57:14Z,Wikidata P571,
E00633,7896,セブン工業株式会社,date_of_establishment,1961-02-02,date,wikidata,https://www.wikidata.org/wiki/Q11314440,Q11314440,,2026-08-15T07:57:14Z,Wikidata P571,
E00635,7887,南海プライウッド株式会社,date_of_establishment,1955-04-16,date,wikidata,https://www.wikidata.org/wiki/Q11408163,Q11408163,,2026-08-15T07:57:14Z,Wikidata P571,
E00636,7879,株式会社ノダ,date_of_establishment,1938-01-08,date,wikidata,https://www.wikidata.org/wiki/Q11325684,Q11325684,,2026-08-15T07:57:14Z,Wikidata P571,
E00639,7827,株式会社オービス,date_of_establishment,1959-11,month,wikidata,https://www.wikidata.org/wiki/Q134283020,Q134283020,,2026-08-15T07:57:14Z,Wikidata P571,
E00640,7820,ニホンフラッシュ株式会社,date_of_establishment,1964-09-07,date,wikidata,https://www.wikidata.org/wiki/Q11324606,Q11324606,,2026-08-15T07:57:14Z,Wikidata P571,
E00642,3861,王子ホールディングス株式会社,date_of_establishment,1949-08-01,date,wikidata,https://www.wikidata.org/wiki/Q11572978,Q11572978,,2026-08-15T07:57:14Z,Wikidata P571,
E00644,3864,三菱製紙株式会社,date_of_establishment,1898,year,wikidata,https://www.wikidata.org/wiki/Q2984375,Q2984375,,2026-08-15T07:57:14Z,Wikidata P571,
E00645,3865,北越コーポレーション株式会社,date_of_establishment,1907,year,wikidata,https://www.wikidata.org/wiki/Q11404108,Q11404108,,2026-08-15T07:57:14Z,Wikidata P571,
E00649,3877,中越パルプ工業株式会社,date_of_establishment,1947-02-20,date,wikidata,https://www.wikidata.org/wiki/Q11367179,Q11367179,,2026-08-15T07:57:14Z,Wikidata P571,
E00650,3878,株式会社巴川コーポレーション,date_of_establishment,1917-08-15,date,wikidata,https://www.wikidata.org/wiki/Q11479893,Q11479893,,2026-08-15T07:57:14Z,Wikidata P571,
E00652,7919,野崎印刷紙業株式会社,date_of_establishment,1940-11-06,date,wikidata,https://www.wikidata.org/wiki/Q11645374,Q11645374,,2026-08-15T07:57:14Z,Wikidata P571,
E00659,3941,レンゴー株式会社,date_of_establishment,1920-05-02,date,wikidata,https://www.wikidata.org/wiki/Q11349967,Q11349967,,2026-08-15T07:57:14Z,Wikidata P571,
E00660,3880,大王製紙株式会社,date_of_establishment,1943-05-05,date,wikidata,https://www.wikidata.org/wiki/Q8353441,Q8353441,,2026-08-15T07:57:14Z,Wikidata P571,
E00667,7975,株式会社リヒトラブ,date_of_establishment,1948-05-25,date,wikidata,https://www.wikidata.org/wiki/Q17213652,Q17213652,,2026-08-15T07:57:14Z,Wikidata P571,
E00668,3947,ダイナパック株式会社,date_of_establishment,2005,year,wikidata,https://www.wikidata.org/wiki/Q4037725,Q4037725,,2026-08-15T07:57:14Z,Wikidata P571,
E00669,3946,株式会社トーモク,date_of_establishment,1949-05-27,date,wikidata,https://www.wikidata.org/wiki/Q11322428,Q11322428,,2026-08-15T07:57:14Z,Wikidata P571,
E00670,7984,コクヨ株式会社,date_of_establishment,1920-07-10,date,wikidata,https://www.wikidata.org/wiki/Q11301924,Q11301924,,2026-08-15T07:57:14Z,Wikidata P571,
E00674,3950,ザ・パック株式会社,date_of_establishment,1952-05-10,date,wikidata,https://www.wikidata.org/wiki/Q11306657,Q11306657,,2026-08-15T07:57:14Z,Wikidata P571,
E00677,3943,大石産業株式会社,date_of_establishment,1947-02-03,date,wikidata,https://www.wikidata.org/wiki/Q11438233,Q11438233,,2026-08-15T07:57:14Z,Wikidata P571,
E00678,8113,ユニ・チャーム株式会社,date_of_establishment,1961,year,wikidata,https://www.wikidata.org/wiki/Q5361268,Q5361268,,2026-08-15T07:57:14Z,Wikidata P571,
E00679,7987,ナカバヤシ株式会社,date_of_establishment,1951-06-30,date,wikidata,https://www.wikidata.org/wiki/Q11323694,Q11323694,,2026-08-15T07:57:14Z,Wikidata P571,
E00685,3891,ニッポン高度紙工業株式会社,date_of_establishment,1941-08-18,date,wikidata,https://www.wikidata.org/wiki/Q11324554,Q11324554,,2026-08-15T07:57:14Z,Wikidata P571,
E00686,3954,昭和パックス株式会社,date_of_establishment,1935-12-20,date,wikidata,https://www.wikidata.org/wiki/Q125145495,Q125145495,,2026-08-15T07:57:14Z,Wikidata P571,
E00687,3892,株式会社岡山製紙,date_of_establishment,1907-02-24,date,wikidata,https://www.wikidata.org/wiki/Q11472753,Q11472753,,2026-08-15T07:57:14Z,Wikidata P571,
E00688,3955,株式会社イムラ,date_of_establishment,1950-02-14,date,wikidata,https://www.wikidata.org/wiki/Q11287079,Q11287079,,2026-08-15T07:57:14Z,Wikidata P571,
E00690,3895,ハビックス株式会社,date_of_establishment,1950-12-05,date,wikidata,https://www.wikidata.org/wiki/Q11326630,Q11326630,,2026-08-15T07:57:14Z,Wikidata P571,
E00691,3708,特種東海製紙株式会社,date_of_establishment,2007-04-02,date,wikidata,https://www.wikidata.org/wiki/Q11571046,Q11571046,,2026-08-15T07:57:14Z,Wikidata P571,
E00692,7911,ＴＯＰＰＡＮホールディングス株式会社,date_of_establishment,1900-01-17,date,wikidata,https://www.wikidata.org/wiki/Q986752,Q986752,,2026-08-15T07:57:14Z,Wikidata P571,
E00693,7912,大日本印刷株式会社,date_of_establishment,1876,year,wikidata,https://www.wikidata.org/wiki/Q1157511,Q1157511,,2026-08-15T07:57:14Z,Wikidata P571,
E00695,7914,共同印刷株式会社,date_of_establishment,1925-12-26,date,wikidata,https://www.wikidata.org/wiki/Q11392639,Q11392639,,2026-08-15T07:57:14Z,Wikidata P571,
E00696,7916,光村印刷株式会社,date_of_establishment,1936-12-21,date,wikipedia,https://ja.wikipedia.org/wiki/%E5%85%89%E6%9D%91%E5%8D%B0%E5%88%B7,,光村印刷,2026-08-15T07:57:17Z,Wikipedia infobox 設立,
E00703,7915,ＮＩＳＳＨＡ株式会社,date_of_establishment,1946-12-28,date,wikidata,https://www.wikidata.org/wiki/Q11507356,Q11507356,,2026-08-15T07:57:14Z,Wikidata P571,
E00705,7918,株式会社ヴィア・ホールディングス,date_of_establishment,1948-02-26,date,wikidata,https://www.wikidata.org/wiki/Q20043211,Q20043211,,2026-08-15T07:57:14Z,Wikidata P571,
E00707,9470,株式会社学研ホールディングス,date_of_establishment,1946,year,wikidata,https://www.wikidata.org/wiki/Q2664679,Q2664679,,2026-08-15T07:57:14Z,Wikidata P571,
E00709,9471,株式会社文溪堂,date_of_establishment,1953-12-25,date,wikidata,https://www.wikidata.org/wiki/Q11500043,Q11500043,,2026-08-15T07:57:14Z,Wikidata P571,
E00710,7921,株式会社ＴＡＫＡＲＡ　＆　ＣＯＭＰＡＮＹ,date_of_establishment,1960-04-15,date,wikidata,https://www.wikidata.org/wiki/Q11452345,Q11452345,,2026-08-15T07:57:14Z,Wikidata P571,
E00714,3951,朝日印刷株式会社,date_of_establishment,1946-05-22,date,wikidata,https://www.wikidata.org/wiki/Q11517464,Q11517464,,2026-08-15T07:57:14Z,Wikidata P571,
E00715,7901,株式会社マツモト,date_of_establishment,1989-02-16,date,wikidata,https://www.wikidata.org/wiki/Q11340604,Q11340604,,2026-08-15T07:57:14Z,Wikidata P571,
E00716,7893,株式会社プロネクサス,date_of_establishment,1947-05-01,date,wikidata,https://www.wikidata.org/wiki/Q11336103,Q11336103,,2026-08-15T08:40:42Z,Wikidata P571,
E00717,9474,株式会社ゼンリン,date_of_establishment,1948-04,month,wikidata,https://www.wikidata.org/wiki/Q6150832,Q6150832,,2026-08-15T07:57:14Z,Wikidata P571,
E00719,7883,サンメッセ株式会社,date_of_establishment,1946-09-20,date,wikidata,https://www.wikidata.org/wiki/Q11306008,Q11306008,,2026-08-15T07:57:14Z,Wikidata P571,
E00720,7875,竹田ｉＰホールディングス株式会社,date_of_establishment,1946-11-16,date,wikidata,https://www.wikidata.org/wiki/Q11599313,Q11599313,,2026-08-15T07:57:14Z,Wikidata P571,
E00721,9475,株式会社昭文社ホールディングス,date_of_establishment,1960-05-31,date,wikidata,https://www.wikidata.org/wiki/Q11514182,Q11514182,,2026-08-15T07:57:14Z,Wikidata P571,
E00722,7870,福島印刷株式会社,date_of_establishment,1952-09-10,date,wikidata,https://www.wikidata.org/wiki/Q11593042,Q11593042,,2026-08-15T07:57:14Z,Wikidata P571,
E00723,9476,株式会社中央経済社ホールディングス,date_of_establishment,1948-10-13,date,wikidata,https://www.wikidata.org/wiki/Q11363765,Q11363765,,2026-08-15T07:57:14Z,Wikidata P571,
E00724,7868,株式会社広済堂ホールディングス,date_of_establishment,1962-04-20,date,wikidata,https://www.wikidata.org/wiki/Q11486377,Q11486377,,2026-08-15T07:57:14Z,Wikidata P571,
E00728,9478,ＳＥホールディングス・アンド・インキュベーションズ株式会社,date_of_establishment,1985-12,month,wikipedia,https://ja.wikipedia.org/wiki/SE%E3%83%9B%E3%83%BC%E3%83%AB%E3%83%87%E3%82%A3%E3%83%B3%E3%82%B0%E3%82%B9%E3%83%BB%E3%82%A2%E3%83%B3%E3%83%89%E3%83%BB%E3%82%A4%E3%83%B3%E3%82%AD%E3%83%A5%E3%83%99%E3%83%BC%E3%82%B7%E3%83%A7%E3%83%B3%E3%82%BA,,SEホールディングス・アンド・インキュベーションズ,2026-08-15T07:57:17Z,Wikipedia infobox 設立,
E00730,7857,セキ株式会社,date_of_establishment,1949-03-31,date,wikidata,https://www.wikidata.org/wiki/Q11314220,Q11314220,,2026-08-15T07:57:14Z,Wikidata P571,
E00736,7849,スターツ出版株式会社,date_of_establishment,1983-03-02,date,wikidata,https://www.wikidata.org/wiki/Q11312055,Q11312055,,2026-08-15T07:57:14Z,Wikidata P571,
E00744,2376,株式会社　サイネックス,date_of_establishment,1966-02-25,date,wikidata,https://www.wikidata.org/wiki/Q11304127,Q11304127,,2026-08-15T07:57:14Z,Wikidata P571,
E00745,2388,株式会社ウェッジホールディングス,date_of_establishment,2001-10-31,date,wikidata,https://www.wikidata.org/wiki/Q11288521,Q11288521,,2026-08-15T07:57:14Z,Wikidata P571,
E00748,7831,株式会社ウイルコホールディングス,date_of_establishment,1979-05-22,date,wikidata,https://www.wikidata.org/wiki/Q11288363,Q11288363,,2026-08-15T07:57:14Z,Wikidata P571,
E00751,4004,株式会社レゾナック・ホールディングス,date_of_establishment,1939,year,wikidata,https://www.wikidata.org/wiki/Q905412,Q905412,,2026-08-15T07:57:14Z,Wikidata P571,
E00752,4005,住友化学株式会社,date_of_establishment,1913,year,wikidata,https://www.wikidata.org/wiki/Q137803,Q137803,,2026-08-15T07:57:14Z,Wikidata P571,
E00755,4008,住友精化株式会社,date_of_establishment,1944-07-20,date,wikidata,https://www.wikidata.org/wiki/Q11381774,Q11381774,,2026-08-15T07:57:14Z,Wikidata P571,
E00759,4021,日産化学株式会社,date_of_establishment,1921-04-20,date,wikidata,https://www.wikidata.org/wiki/Q7040930,Q7040930,,2026-08-15T07:57:14Z,Wikidata P571,
E00760,4022,ラサ工業株式会社,date_of_establishment,1918-06-26,date,wikidata,https://www.wikidata.org/wiki/Q10852305,Q10852305,,2026-08-15T07:57:14Z,Wikidata P571,
E00761,4023,株式会社クレハ,date_of_establishment,1944,year,wikidata,https://www.wikidata.org/wiki/Q11299598,Q11299598,,2026-08-15T07:57:14Z,Wikidata P571,
E00762,4025,多木化学株式会社,date_of_establishment,1918-12-13,date,wikidata,https://www.wikidata.org/wiki/Q11430799,Q11430799,,2026-08-15T07:57:14Z,Wikidata P571,
E00763,4026,神島化学工業株式会社,date_of_establishment,1946-03-02,date,wikidata,https://www.wikidata.org/wiki/Q11589600,Q11589600,,2026-08-15T07:57:14Z,Wikidata P571,
E00764,4027,テイカ株式会社,date_of_establishment,1919-12-22,date,wikidata,https://www.wikidata.org/wiki/Q11319089,Q11319089,,2026-08-15T07:57:14Z,Wikidata P571,
E00765,4028,石原産業株式会社,date_of_establishment,1949-06-01,date,wikidata,https://www.wikidata.org/wiki/Q11585294,Q11585294,,2026-08-15T07:57:14Z,Wikidata P571,
E00766,4041,日本曹達株式会社,date_of_establishment,1920,year,wikidata,https://www.wikidata.org/wiki/Q7039658,Q7039658,,2026-08-15T07:57:14Z,Wikidata P571,
E00767,4042,東ソー株式会社,date_of_establishment,1935-02-11,date,wikidata,https://www.wikidata.org/wiki/Q906991,Q906991,,2026-08-15T07:57:14Z,Wikidata P571,
E00768,4043,株式会社トクヤマ,date_of_establishment,1918,year,wikidata,https://www.wikidata.org/wiki/Q11321180,Q11321180,,2026-08-15T07:57:14Z,Wikidata P571,
E00769,4044,セントラル硝子株式会社,date_of_establishment,1936-10-10,date,wikidata,https://www.wikidata.org/wiki/Q11314806,Q11314806,,2026-08-15T07:57:14Z,Wikidata P571,
E00770,4045,東亞合成株式会社,date_of_establishment,1942-03-31,date,wikidata,https://www.wikidata.org/wiki/Q7811386,Q7811386,,2026-08-15T07:57:14Z,Wikidata P571,
E00771,4046,株式会社大阪ソーダ,date_of_establishment,1915-10-26,date,wikidata,https://www.wikidata.org/wiki/Q11316791,Q11316791,,2026-08-15T07:57:14Z,Wikidata P571,
E00772,4047,関東電化工業株式会社,date_of_establishment,1938-09-22,date,wikidata,https://www.wikidata.org/wiki/Q11656031,Q11656031,,2026-08-15T07:57:14Z,Wikidata P571,
E00774,4061,デンカ株式会社,date_of_establishment,1915-05-01,date,wikidata,https://www.wikidata.org/wiki/Q5257898,Q5257898,,2026-08-15T07:57:14Z,Wikidata P571,
E00775,4062,イビデン株式会社,date_of_establishment,1912,year,wikidata,https://www.wikidata.org/wiki/Q585314,Q585314,,2026-08-15T07:57:14Z,Wikidata P571,
E00776,4063,信越化学工業株式会社,date_of_establishment,1926-09-16,date,wikidata,https://www.wikidata.org/wiki/Q904284,Q904284,,2026-08-15T07:57:14Z,Wikidata P571,
E00777,4064,日本カーバイド工業株式会社,date_of_establishment,1935-10-08,date,wikidata,https://www.wikidata.org/wiki/Q11506357,Q11506357,,2026-08-15T07:57:14Z,Wikidata P571,
E00780,4078,堺化学工業株式会社,date_of_establishment,1932-02-25,date,wikidata,https://www.wikidata.org/wiki/Q11428104,Q11428104,,2026-08-15T07:57:14Z,Wikidata P571,
E00781,4097,高圧ガス工業株式会社,date_of_establishment,1958-06-26,date,wikidata,https://www.wikidata.org/wiki/Q11668990,Q11668990,,2026-08-15T07:57:14Z,Wikidata P571,
E00783,4091,日本酸素ホールディングス株式会社,date_of_establishment,1918-07-20,date,wikidata,https://www.wikidata.org/wiki/Q11441729,Q11441729,,2026-08-15T07:57:14Z,Wikidata P571,
E00784,4092,日本化学工業株式会社,date_of_establishment,1915-09,month,wikidata,https://www.wikidata.org/wiki/Q17229636,Q17229636,,2026-08-15T07:57:14Z,Wikidata P571,
E00787,4093,東邦アセチレン株式会社,date_of_establishment,1955-03-07,date,wikidata,https://www.wikidata.org/wiki/Q96323559,Q96323559,,2026-08-15T07:57:14Z,Wikidata P571,
E00789,4031,片倉コープアグリ株式会社,date_of_establishment,1920-03-14,date,wikidata,https://www.wikidata.org/wiki/Q11569514,Q11569514,,2026-08-15T07:57:14Z,Wikidata P571,
E00791,4102,丸尾カルシウム株式会社,date_of_establishment,1948-11-18,date,wikidata,https://www.wikidata.org/wiki/Q11368115,Q11368115,,2026-08-15T07:57:14Z,Wikidata P571,
E00792,4088,エア・ウォーター株式会社,date_of_establishment,1929-09-24,date,wikidata,https://www.wikidata.org/wiki/Q11289523,Q11289523,,2026-08-15T07:57:14Z,Wikidata P571,
E00796,4098,チタン工業株式会社,date_of_establishment,1936-06-22,date,wikidata,https://www.wikidata.org/wiki/Q11317936,Q11317936,,2026-08-15T07:57:14Z,Wikidata P571,
E00804,4462,石原ケミカル株式会社,date_of_establishment,1939-03-03,date,wikidata,https://www.wikidata.org/wiki/Q11585310,Q11585310,,2026-08-15T07:57:14Z,Wikidata P571,
E00805,4109,ステラケミファ株式会社,date_of_establishment,1944-02-01,date,wikidata,https://www.wikidata.org/wiki/Q11312306,Q11312306,,2026-08-15T07:57:14Z,Wikidata P571,
E00806,4082,第一稀元素化学工業株式会社,date_of_establishment,1956-05-21,date,wikidata,https://www.wikidata.org/wiki/Q11602098,Q11602098,,2026-08-15T07:57:14Z,Wikidata P571,
E00808,4188,三菱ケミカルグループ株式会社,date_of_establishment,2005,year,wikidata,https://www.wikidata.org/wiki/Q3107966,Q3107966,,2026-08-15T07:57:14Z,Wikidata P571,
E00809,4112,保土谷化学工業株式会社,date_of_establishment,1916-12-11,date,wikidata,https://www.wikidata.org/wiki/Q11385713,Q11385713,,2026-08-15T07:57:14Z,Wikidata P571,
E00810,4113,田岡化学工業株式会社,date_of_establishment,1934-10-29,date,wikidata,https://www.wikidata.org/wiki/Q11576583,Q11576583,,2026-08-15T07:57:14Z,Wikidata P571,
E00811,4114,株式会社日本触媒,date_of_establishment,1941-08-21,date,wikidata,https://www.wikidata.org/wiki/Q11509093,Q11509093,,2026-08-15T07:57:14Z,Wikidata P571,
E00815,4182,三菱瓦斯化学株式会社,date_of_establishment,1918,year,wikidata,https://www.wikidata.org/wiki/Q1589451,Q1589451,,2026-08-15T07:57:14Z,Wikidata P571,
E00816,4151,協和キリン株式会社,date_of_establishment,1949,year,wikidata,https://www.wikidata.org/wiki/Q6452254,Q6452254,,2026-08-15T07:57:14Z,Wikidata P571,
E00818,4202,株式会社ダイセル,date_of_establishment,1919-09-08,date,wikidata,https://www.wikidata.org/wiki/Q11316788,Q11316788,,2026-08-15T07:57:14Z,Wikidata P571,
E00819,4203,住友ベークライト株式会社,date_of_establishment,1932,year,wikidata,https://www.wikidata.org/wiki/Q4050336,Q4050336,,2026-08-15T07:57:14Z,Wikidata P571,
E00820,4204,積水化学工業株式会社,date_of_establishment,1947-03-03,date,wikidata,https://www.wikidata.org/wiki/Q11597149,Q11597149,,2026-08-15T07:57:14Z,Wikidata P571,
E00821,4205,日本ゼオン株式会社,date_of_establishment,1950,year,wikidata,https://www.wikidata.org/wiki/Q9097645,Q9097645,,2026-08-15T07:57:14Z,Wikidata P571,
E00824,4206,アイカ工業株式会社,date_of_establishment,1936-10-22,date,wikidata,https://www.wikidata.org/wiki/Q11282086,Q11282086,,2026-08-15T07:57:14Z,Wikidata P571,
E00828,4996,クミアイ化学工業株式会社,date_of_establishment,1928,year,wikidata,https://www.wikidata.org/wiki/Q11298808,Q11298808,,2026-08-15T07:57:14Z,Wikidata P571,
E00829,7871,フクビ化学工業株式会社,date_of_establishment,1953-05-25,date,wikidata,https://www.wikidata.org/wiki/Q11333062,Q11333062,,2026-08-15T07:57:14Z,Wikidata P571,
E00830,4216,旭有機材株式会社,date_of_establishment,1945-03-12,date,wikidata,https://www.wikidata.org/wiki/Q11511794,Q11511794,,2026-08-15T07:57:14Z,Wikidata P571,
E00832,4620,藤倉化成株式会社,date_of_establishment,1938-09-22,date,wikidata,https://www.wikidata.org/wiki/Q11622938,Q11622938,,2026-08-15T07:57:14Z,Wikidata P571,
E00834,4221,大倉工業株式会社,date_of_establishment,1947-07-11,date,wikidata,https://www.wikidata.org/wiki/Q11432425,Q11432425,,2026-08-15T07:57:14Z,Wikidata P571,
E00836,4272,日本化薬株式会社,date_of_establishment,1916,year,wikidata,https://www.wikidata.org/wiki/Q7039635,Q7039635,,2026-08-15T07:57:14Z,Wikidata P571,
E00838,4220,リケンテクノス株式会社,date_of_establishment,1951-03-30,date,wikidata,https://www.wikidata.org/wiki/Q11347918,Q11347918,,2026-08-15T07:57:14Z,Wikidata P571,
E00839,4222,児玉化学工業株式会社,date_of_establishment,1946-03-08,date,wikidata,https://www.wikidata.org/wiki/Q11388710,Q11388710,,2026-08-15T07:57:14Z,Wikidata P571,
E00840,4183,三井化学株式会社,date_of_establishment,1997-10-01,date,wikidata,https://www.wikidata.org/wiki/Q777141,Q777141,,2026-08-15T07:57:14Z,Wikidata P571,
E00841,4099,四国化成ホールディングス株式会社,date_of_establishment,1947-10-10,date,wikidata,https://www.wikidata.org/wiki/Q11419711,Q11419711,,2026-08-15T07:57:14Z,Wikidata P571,
E00842,4100,戸田工業株式会社,date_of_establishment,1933-11-30,date,wikidata,https://www.wikidata.org/wiki/Q11496499,Q11496499,,2026-08-15T07:57:14Z,Wikidata P571,
E00845,4228,積水化成品工業株式会社,date_of_establishment,1948-11-20,date,wikidata,https://www.wikidata.org/wiki/Q11597150,Q11597150,,2026-08-15T07:57:14Z,Wikidata P571,
E00846,5816,オーナンバ株式会社,date_of_establishment,1941,year,wikipedia,https://ja.wikipedia.org/wiki/%E3%82%AA%E3%83%BC%E3%83%8A%E3%83%B3%E3%83%90,,オーナンバ,2026-08-15T07:57:17Z,Wikipedia infobox 設立,
E00848,4531,有機合成薬品工業株式会社,date_of_establishment,1947,year,wikidata,https://www.wikidata.org/wiki/Q11516538,Q11516538,,2026-08-15T07:57:14Z,Wikidata P571,
E00850,4274,細谷火工株式会社,date_of_establishment,1951-05-28,date,wikipedia,https://ja.wikipedia.org/wiki/%E7%B4%B0%E8%B0%B7%E7%81%AB%E5%B7%A5,,細谷火工,2026-08-15T07:57:17Z,Wikipedia infobox 設立,
E00852,4362,日本精化株式会社,date_of_establishment,1918,year,wikidata,https://www.wikidata.org/wiki/Q11508789,Q11508789,,2026-08-15T07:57:14Z,Wikidata P571,
E00854,4186,東京応化工業株式会社,date_of_establishment,1940-10-25,date,wikidata,https://www.wikidata.org/wiki/Q11524851,Q11524851,,2026-08-15T07:57:14Z,Wikidata P571,
E00855,4187,大阪有機化学工業株式会社,date_of_establishment,1946-12,month,wikidata,https://www.wikidata.org/wiki/Q11441472,Q11441472,,2026-08-15T07:57:14Z,Wikidata P571,
E00858,7942,株式会社ジェイエスピー,date_of_establishment,1962-01,month,wikidata,https://www.wikidata.org/wiki/Q30926237,Q30926237,,2026-08-15T07:57:14Z,Wikidata P571,
E00863,7894,丸東産業株式会社,date_of_establishment,1947-03-24,date,wikidata,https://www.wikidata.org/wiki/Q11368352,Q11368352,,2026-08-15T07:57:14Z,Wikidata P571,
E00866,7888,三光合成株式会社,date_of_establishment,1944-09-18,date,wikidata,https://www.wikidata.org/wiki/Q11354430,Q11354430,,2026-08-15T07:57:14Z,Wikidata P571,
E00868,4960,ケミプロ化成株式会社,date_of_establishment,1949-10-06,date,wikidata,https://www.wikidata.org/wiki/Q96312647,Q96312647,,2026-08-15T07:57:14Z,Wikidata P571,
E00871,4242,株式会社タカギセイコー,date_of_establishment,1959-08-29,date,wikidata,https://www.wikidata.org/wiki/Q11315911,Q11315911,,2026-08-15T07:57:14Z,Wikidata P571,
E00872,3401,帝人株式会社,date_of_establishment,1918,year,wikidata,https://www.wikidata.org/wiki/Q1111609,Q1111609,,2026-08-15T07:57:14Z,Wikidata P571,
E00873,3402,東レ株式会社,date_of_establishment,1926,year,wikidata,https://www.wikidata.org/wiki/Q168115,Q168115,,2026-08-15T07:57:14Z,Wikidata P571,
E00876,3405,株式会社クラレ,date_of_establishment,1926,year,wikidata,https://www.wikidata.org/wiki/Q908206,Q908206,,2026-08-15T07:57:14Z,Wikidata P571,
E00877,3407,旭化成株式会社,date_of_establishment,1931-05-21,date,wikidata,https://www.wikidata.org/wiki/Q720489,Q720489,,2026-08-15T07:57:14Z,Wikidata P571,
E00878,4401,株式会社ＡＤＥＫＡ,date_of_establishment,1917,year,wikidata,https://www.wikidata.org/wiki/Q11188921,Q11188921,,2026-08-15T07:57:14Z,Wikidata P571,
E00879,4118,株式会社カネカ,date_of_establishment,1949,year,wikidata,https://www.wikidata.org/wiki/Q11294493,Q11294493,,2026-08-15T07:57:14Z,Wikidata P571,
E00880,4403,日油株式会社,date_of_establishment,1949-07-01,date,wikidata,https://www.wikidata.org/wiki/Q11509624,Q11509624,,2026-08-15T07:57:14Z,Wikidata P571,
E00881,4404,ミヨシ油脂株式会社,date_of_establishment,1937-02-15,date,wikidata,https://www.wikidata.org/wiki/Q11342764,Q11342764,,2026-08-15T07:57:14Z,Wikidata P571,
E00882,4406,新日本理化株式会社,date_of_establishment,1919-11-10,date,wikidata,https://www.wikidata.org/wiki/Q11502390,Q11502390,,2026-08-15T07:57:14Z,Wikidata P571,
E00883,4452,花王株式会社,date_of_establishment,1940-05-21,date,wikidata,https://www.wikidata.org/wiki/Q902855,Q902855,,2026-08-15T07:57:14Z,Wikidata P571,
E00884,4471,三洋化成工業株式会社,date_of_establishment,1949,year,wikidata,https://www.wikidata.org/wiki/Q2604728,Q2604728,,2026-08-15T07:57:14Z,Wikidata P571,
E00885,4461,第一工業製薬株式会社,date_of_establishment,1909,year,wikidata,https://www.wikidata.org/wiki/Q11602063,Q11602063,,2026-08-15T07:57:14Z,Wikidata P571,
E00886,4409,東邦化学工業株式会社,date_of_establishment,1938-03-18,date,wikidata,https://www.wikidata.org/wiki/Q11528440,Q11528440,,2026-08-15T07:57:14Z,Wikidata P571,
E00887,4463,日華化学株式会社,date_of_establishment,1941-09-15,date,wikidata,https://www.wikidata.org/wiki/Q11510293,Q11510293,,2026-08-15T07:57:14Z,Wikidata P571,
E00888,4365,松本油脂製薬株式会社,date_of_establishment,1939-03-20,date,wikidata,https://www.wikidata.org/wiki/Q11531165,Q11531165,,2026-08-15T07:57:14Z,Wikidata P571,
E00890,4465,株式会社ニイタカ,date_of_establishment,1963-04-24,date,wikidata,https://www.wikidata.org/wiki/Q11324174,Q11324174,,2026-08-15T07:57:14Z,Wikidata P571,
E00891,4611,大日本塗料株式会社,date_of_establishment,1929-07-25,date,wikidata,https://www.wikidata.org/wiki/Q10935589,Q10935589,,2026-08-15T07:57:14Z,Wikidata P571,
E00892,4612,日本ペイントホールディングス株式会社,date_of_establishment,1881,year,wikidata,https://www.wikidata.org/wiki/Q3661655,Q3661655,,2026-08-15T07:57:14Z,Wikidata P571,
E00893,4613,関西ペイント株式会社,date_of_establishment,1987,year,wikidata,https://www.wikidata.org/wiki/Q11656239,Q11656239,,2026-08-15T07:57:14Z,Wikidata P571,
E00895,4615,神東塗料株式会社,date_of_establishment,1933-04-17,date,wikidata,https://www.wikidata.org/wiki/Q11590352,Q11590352,,2026-08-15T07:57:14Z,Wikidata P571,
E00896,4616,川上塗料株式会社,date_of_establishment,1945-01-20,date,wikidata,https://www.wikidata.org/wiki/Q17228189,Q17228189,,2026-08-15T07:57:14Z,Wikidata P571,
E00897,4617,中国塗料株式会社,date_of_establishment,1917,year,wikidata,https://www.wikidata.org/wiki/Q30264042,Q30264042,,2026-08-15T07:57:14Z,Wikidata P571,
E00898,4095,日本パーカライジング株式会社,date_of_establishment,1928-07-12,date,wikidata,https://www.wikidata.org/wiki/Q11506781,Q11506781,,2026-08-15T07:57:14Z,Wikidata P571,
E00899,4119,株式会社日本ピグメントホールディングス,date_of_establishment,1949-07-11,date,wikidata,https://www.wikidata.org/wiki/Q124748765,Q124748765,,2026-08-15T07:57:14Z,Wikidata P571,
E00900,4619,日本特殊塗料株式会社,date_of_establishment,1929-06-01,date,wikidata,https://www.wikidata.org/wiki/Q17213269,Q17213269,,2026-08-15T07:57:14Z,Wikidata P571,
E00901,4631,ＤＩＣ株式会社,date_of_establishment,1908,year,wikidata,https://www.wikidata.org/wiki/Q15731340,Q15731340,,2026-08-15T07:57:14Z,Wikidata P571,
E00902,4116,大日精化工業株式会社,date_of_establishment,1931,year,wikidata,https://www.wikidata.org/wiki/Q11435754,Q11435754,,2026-08-15T07:57:14Z,Wikidata P571,
E00903,4634,ａｒｔｉｅｎｃｅ株式会社,date_of_establishment,1907-01-15,date,wikidata,https://www.wikidata.org/wiki/Q11527588,Q11527588,,2026-08-15T07:57:14Z,Wikidata P571,
E00905,4633,サカタインクス株式会社,date_of_establishment,1920-09-05,date,wikidata,https://www.wikidata.org/wiki/Q11304398,Q11304398,,2026-08-15T07:57:14Z,Wikidata P571,
E00906,4120,スガイ化学工業株式会社,date_of_establishment,1952-04-14,date,wikidata,https://www.wikidata.org/wiki/Q11311369,Q11311369,,2026-08-15T07:57:14Z,Wikidata P571,
E00909,4623,株式会社アサヒペン,date_of_establishment,1947-09-19,date,wikidata,https://www.wikidata.org/wiki/Q11283180,Q11283180,,2026-08-15T07:57:14Z,Wikidata P571,
E00910,4624,イサム塗料株式会社,date_of_establishment,1947-07-12,date,wikidata,https://www.wikidata.org/wiki/Q11286504,Q11286504,,2026-08-15T07:57:14Z,Wikidata P571,
E00912,7953,菊水化学工業株式会社,date_of_establishment,1959-05-21,date,wikidata,https://www.wikidata.org/wiki/Q11619687,Q11619687,,2026-08-15T07:57:14Z,Wikidata P571,
E00913,4626,太陽ホールディングス株式会社,date_of_establishment,1953,year,wikipedia,https://ja.wikipedia.org/wiki/%E5%A4%AA%E9%99%BD%E3%83%9B%E3%83%BC%E3%83%AB%E3%83%87%E3%82%A3%E3%83%B3%E3%82%B0%E3%82%B9,,太陽ホールディングス,2026-08-15T07:57:17Z,Wikipedia infobox 設立,
E00915,4627,ナトコ株式会社,date_of_establishment,1948-11-01,date,wikidata,https://www.wikidata.org/wiki/Q11323914,Q11323914,,2026-08-15T07:57:14Z,Wikidata P571,
E00916,4628,エスケー化研株式会社,date_of_establishment,1958-04-17,date,wikidata,https://www.wikidata.org/wiki/Q11290028,Q11290028,,2026-08-15T07:57:14Z,Wikidata P571,
E00919,4502,武田薬品工業株式会社,date_of_establishment,1781-08-01,date,wikidata,https://www.wikidata.org/wiki/Q899133,Q899133,,2026-08-15T07:57:14Z,Wikidata P571,
E00920,4503,アステラス製薬株式会社,date_of_establishment,2005-04-01,date,wikidata,https://www.wikidata.org/wiki/Q528842,Q528842,,2026-08-15T07:57:14Z,Wikidata P571,
E00922,4506,住友ファーマ株式会社,date_of_establishment,1897-05-14,date,wikidata,https://www.wikidata.org/wiki/Q1087980,Q1087980,,2026-08-15T07:57:14Z,Wikidata P571,
E00923,4507,塩野義製薬株式会社,date_of_establishment,1919-06-05,date,wikidata,https://www.wikidata.org/wiki/Q3482319,Q3482319,,2026-08-15T07:57:14Z,Wikidata P571,
E00926,8841,株式会社テーオーシー,date_of_establishment,1926-04-03,date,wikidata,https://www.wikidata.org/wiki/Q11319897,Q11319897,,2026-08-15T07:57:14Z,Wikidata P571,
E00928,4512,わかもと製薬株式会社,date_of_establishment,1933-01-15,date,wikidata,https://www.wikidata.org/wiki/Q11281687,Q11281687,,2026-08-15T07:57:14Z,Wikidata P571,
E00931,4516,日本新薬株式会社,date_of_establishment,1919-09-29,date,wikidata,https://www.wikidata.org/wiki/Q11508222,Q11508222,,2026-08-15T07:57:14Z,Wikidata P571,
E00932,4519,中外製薬株式会社,date_of_establishment,1925,year,wikidata,https://www.wikidata.org/wiki/Q750619,Q750619,,2026-08-15T07:57:14Z,Wikidata P571,
E00935,4521,科研製薬株式会社,date_of_establishment,1948-03-01,date,wikidata,https://www.wikidata.org/wiki/Q11595949,Q11595949,,2026-08-15T07:57:14Z,Wikidata P571,
E00937,4997,日本農薬株式会社,date_of_establishment,1928,year,wikidata,https://www.wikidata.org/wiki/Q8653738,Q8653738,,2026-08-15T07:57:14Z,Wikidata P571,
E00939,4523,エーザイ株式会社,date_of_establishment,1936,year,wikidata,https://www.wikidata.org/wiki/Q903384,Q903384,,2026-08-15T07:57:14Z,Wikidata P571,
E00941,4524,森下仁丹株式会社,date_of_establishment,1936-11-28,date,wikidata,https://www.wikidata.org/wiki/Q11539166,Q11539166,,2026-08-15T07:57:14Z,Wikidata P571,
E00942,4527,ロート製薬株式会社,date_of_establishment,1899,year,wikidata,https://www.wikidata.org/wiki/Q7359845,Q7359845,,2026-08-15T07:57:14Z,Wikidata P571,
E00945,4528,小野薬品工業株式会社,date_of_establishment,1947-07-04,date,wikidata,https://www.wikidata.org/wiki/Q11464265,Q11464265,,2026-08-15T07:57:14Z,Wikidata P571,
E00947,4534,持田製薬株式会社,date_of_establishment,1913,year,wikidata,https://www.wikidata.org/wiki/Q6887578,Q6887578,,2026-08-15T07:57:14Z,Wikidata P571,
E00948,4559,ゼリア新薬工業株式会社,date_of_establishment,1955-12,month,wikidata,https://www.wikidata.org/wiki/Q11314982,Q11314982,,2026-08-15T07:57:14Z,Wikidata P571,
E00949,4536,参天製薬株式会社,date_of_establishment,1890,year,wikidata,https://www.wikidata.org/wiki/Q16927590,Q16927590,,2026-08-15T07:57:14Z,Wikidata P571,
E00952,4526,理研ビタミン株式会社,date_of_establishment,1949-08-27,date,wikidata,https://www.wikidata.org/wiki/Q11573579,Q11573579,,2026-08-15T07:57:14Z,Wikidata P571,
E00953,4538,扶桑薬品工業株式会社,date_of_establishment,1937-03-25,date,wikidata,https://www.wikidata.org/wiki/Q11497301,Q11497301,,2026-08-15T07:57:14Z,Wikidata P571,
E00957,4539,日本ケミファ株式会社,date_of_establishment,1950-06-16,date,wikidata,https://www.wikidata.org/wiki/Q11506426,Q11506426,,2026-08-15T07:57:14Z,Wikidata P571,
E00961,4549,栄研化学株式会社,date_of_establishment,1939-02-20,date,wikidata,https://www.wikidata.org/wiki/Q11535735,Q11535735,,2026-08-15T07:57:14Z,Wikidata P571,
E00962,4547,キッセイ薬品工業株式会社,date_of_establishment,1946-08-09,date,wikidata,https://www.wikidata.org/wiki/Q11296797,Q11296797,,2026-08-15T07:57:14Z,Wikidata P571,
E00967,4544,Ｈ．Ｕ．グループホールディングス株式会社,date_of_establishment,1950-12-18,date,wikidata,https://www.wikidata.org/wiki/Q11279358,Q11279358,,2026-08-15T07:57:14Z,Wikidata P571,
E00970,4548,生化学工業株式会社,date_of_establishment,1947-06-02,date,wikidata,https://www.wikidata.org/wiki/Q11574430,Q11574430,,2026-08-15T07:57:14Z,Wikidata P571,
E00973,4552,ＪＣＲファーマ株式会社,date_of_establishment,1975-09-13,date,wikidata,https://www.wikidata.org/wiki/Q11506425,Q11506425,,2026-08-15T07:57:14Z,Wikidata P571,
E00974,4553,東和薬品株式会社,date_of_establishment,1957-04-19,date,wikidata,https://www.wikidata.org/wiki/Q11526360,Q11526360,,2026-08-15T07:57:14Z,Wikidata P571,
E00975,4554,富士製薬工業株式会社,date_of_establishment,1965-04-01,date,wikidata,https://www.wikidata.org/wiki/Q11456139,Q11456139,,2026-08-15T07:57:14Z,Wikidata P571,
E00981,4565,ネクセラファーマ株式会社,date_of_establishment,1990-06,month,wikidata,https://www.wikidata.org/wiki/Q28685940,Q28685940,,2026-08-15T07:57:14Z,Wikidata P571,
E00984,4568,第一三共株式会社,date_of_establishment,2005,year,wikidata,https://www.wikidata.org/wiki/Q669441,Q669441,,2026-08-15T07:57:14Z,Wikidata P571,
E00985,4569,杏林製薬株式会社,date_of_establishment,1958-10-31,date,wikidata,https://www.wikidata.org/wiki/Q11297589,Q11297589,,2026-08-15T07:57:14Z,Wikidata P571,
E00986,4570,株式会社免疫生物研究所,date_of_establishment,1982-09-09,date,wikidata,https://www.wikidata.org/wiki/Q11388615,Q11388615,,2026-08-15T07:57:14Z,Wikidata P571,
E00987,4572,カルナバイオサイエンス株式会社,date_of_establishment,2003-04-10,date,wikidata,https://www.wikidata.org/wiki/Q11295126,Q11295126,,2026-08-15T07:57:14Z,Wikidata P571,
E00988,4901,富士フイルムホールディングス株式会社,date_of_establishment,2006-10-02,date,wikidata,https://www.wikidata.org/wiki/Q164740,Q164740,,2026-08-15T07:57:14Z,Wikidata P571,
E00989,4902,コニカミノルタ株式会社,date_of_establishment,2003,year,wikidata,https://www.wikidata.org/wiki/Q118911,Q118911,,2026-08-15T07:57:14Z,Wikidata P571,
E00990,4911,株式会社資生堂,date_of_establishment,1872-09-17,date,wikidata,https://www.wikidata.org/wiki/Q728185,Q728185,,2026-08-15T07:57:14Z,Wikidata P571,
E00991,4912,ライオン株式会社,date_of_establishment,1918,year,wikidata,https://www.wikidata.org/wiki/Q1131297,Q1131297,,2026-08-15T07:57:14Z,Wikidata P571,
E00993,4914,高砂香料工業株式会社,date_of_establishment,1920,year,wikidata,https://www.wikidata.org/wiki/Q611119,Q611119,,2026-08-15T07:57:14Z,Wikidata P571,
E00994,3553,共和レザー株式会社,date_of_establishment,1935-08-01,date,wikidata,https://www.wikidata.org/wiki/Q11392672,Q11392672,,2026-08-15T07:57:14Z,Wikidata P571,
E00995,7971,東リ株式会社,date_of_establishment,1919-12-01,date,wikidata,https://www.wikidata.org/wiki/Q11523845,Q11523845,,2026-08-15T07:57:14Z,Wikidata P571,
E00996,3551,ダイニック株式会社,date_of_establishment,1919-08-18,date,wikidata,https://www.wikidata.org/wiki/Q11316894,Q11316894,,2026-08-15T07:57:14Z,Wikidata P571,
E01000,4218,ニチバン株式会社,date_of_establishment,1934-12-01,date,wikidata,https://www.wikidata.org/wiki/Q11324399,Q11324399,,2026-08-15T07:57:14Z,Wikidata P571,
E01001,4992,北興化学工業株式会社,date_of_establishment,1950,year,wikidata,https://www.wikidata.org/wiki/Q11403957,Q11403957,,2026-08-15T07:57:14Z,Wikidata P571,
E01002,4208,ＵＢＥ株式会社,date_of_establishment,1942,year,wikidata,https://www.wikidata.org/wiki/Q260121,Q260121,,2026-08-15T07:57:14Z,Wikidata P571,
E01005,5010,日本精蝋株式会社,date_of_establishment,1951-12-10,date,wikidata,https://www.wikidata.org/wiki/Q11508804,Q11508804,,2026-08-15T07:57:14Z,Wikidata P571,
E01006,4361,川口化学工業株式会社,date_of_establishment,1937-01-11,date,wikidata,https://www.wikidata.org/wiki/Q11477942,Q11477942,,2026-08-15T07:57:14Z,Wikidata P571,
E01007,4998,フマキラー株式会社,date_of_establishment,1950-12-25,date,wikidata,https://www.wikidata.org/wiki/Q11333395,Q11333395,,2026-08-15T07:57:14Z,Wikidata P571,
E01008,4212,積水樹脂株式会社,date_of_establishment,1941-09-03,date,wikidata,https://www.wikidata.org/wiki/Q11597151,Q11597151,,2026-08-15T07:57:14Z,Wikidata P571,
E01009,4995,サンケイ化学株式会社,date_of_establishment,1941-12-24,date,wikidata,https://www.wikidata.org/wiki/Q11305547,Q11305547,,2026-08-15T07:57:14Z,Wikidata P571,
E01014,4366,ダイトーケミックス株式会社,date_of_establishment,1949-12-02,date,wikidata,https://www.wikidata.org/wiki/Q17224860,Q17224860,,2026-08-15T07:57:14Z,Wikidata P571,
E01015,4985,アース製薬株式会社,date_of_establishment,1925-08-26,date,wikidata,https://www.wikidata.org/wiki/Q11285616,Q11285616,,2026-08-15T07:57:14Z,Wikidata P571,
E01018,4540,株式会社ツムラ,date_of_establishment,1936-04-25,date,wikidata,https://www.wikidata.org/wiki/Q11318805,Q11318805,,2026-08-15T07:57:14Z,Wikidata P571,
E01019,4951,エステー株式会社,date_of_establishment,1946-08,month,wikidata,https://www.wikidata.org/wiki/Q11290062,Q11290062,,2026-08-15T07:57:14Z,Wikidata P571,
E01020,4410,ハリマ化成グループ株式会社,date_of_establishment,1947-11-18,date,wikidata,https://www.wikidata.org/wiki/Q11326826,Q11326826,,2026-08-15T07:57:14Z,Wikidata P571,
E01024,4231,タイガースポリマー株式会社,date_of_establishment,1943-05-26,date,wikidata,https://www.wikidata.org/wiki/Q11315658,Q11315658,,2026-08-15T07:57:14Z,Wikidata P571,
E01028,4107,伊勢化学工業株式会社,date_of_establishment,1948-03-06,date,wikidata,https://www.wikidata.org/wiki/Q11378947,Q11378947,,2026-08-15T07:57:14Z,Wikidata P571,
E01031,7928,旭化学工業株式会社,date_of_establishment,1966-09-01,date,wikidata,https://www.wikidata.org/wiki/Q11511644,Q11511644,,2026-08-15T07:57:14Z,Wikidata P571,
E01032,7927,ムトー精工株式会社,date_of_establishment,1970-06-24,date,wikidata,https://www.wikidata.org/wiki/Q11343139,Q11343139,,2026-08-15T07:57:14Z,Wikidata P571,
E01034,4958,長谷川香料株式会社,date_of_establishment,1903,year,wikidata,https://www.wikidata.org/wiki/Q7668303,Q7668303,,2026-08-15T07:57:14Z,Wikidata P571,
E01035,4918,株式会社アイビー化粧品,date_of_establishment,1975-12-16,date,wikidata,https://www.wikidata.org/wiki/Q17190772,Q17190772,,2026-08-15T07:57:14Z,Wikidata P571,
E01039,4919,株式会社ミルボン,date_of_establishment,1960-07-02,date,wikidata,https://www.wikidata.org/wiki/Q11342954,Q11342954,,2026-08-15T07:57:14Z,Wikidata P571,
E01040,4920,株式会社日本色材工業研究所,date_of_establishment,1957-03-01,date,wikidata,https://www.wikidata.org/wiki/Q138463165,Q138463165,,2026-08-15T07:57:14Z,Wikidata P571,
E01045,4966,上村工業株式会社,date_of_establishment,2027-03,month,web_search,https://www.uyemura.co.jp/,,上村工業株式会社 site,2026-08-15T08:06:02Z,web page / search snippet 設立,
E01047,4967,小林製薬株式会社,date_of_establishment,1919-08-22,date,wikidata,https://www.wikidata.org/wiki/Q10959162,Q10959162,,2026-08-15T07:57:14Z,Wikidata P571,
E01048,4968,荒川化学工業株式会社,date_of_establishment,1936-05-31,date,wikidata,https://www.wikidata.org/wiki/Q11618534,Q11618534,,2026-08-15T07:57:14Z,Wikidata P571,
E01049,4922,株式会社コーセーホールディングス,date_of_establishment,1948-06-11,date,wikidata,https://www.wikidata.org/wiki/Q18857532,Q18857532,,2026-08-15T07:57:14Z,Wikidata P571,
E01051,4970,東洋合成工業株式会社,date_of_establishment,1954-09-27,date,wikidata,https://www.wikidata.org/wiki/Q11527623,Q11527623,,2026-08-15T07:57:14Z,Wikidata P571,
E01052,4234,株式会社サンエー化研,date_of_establishment,1942-09-02,date,wikidata,https://www.wikidata.org/wiki/Q11305473,Q11305473,,2026-08-15T07:57:14Z,Wikidata P571,
E01053,7856,萩原工業株式会社,date_of_establishment,1962-11-29,date,wikidata,https://www.wikidata.org/wiki/Q11620333,Q11620333,,2026-08-15T07:57:14Z,Wikidata P571,
E01054,4971,メック株式会社,date_of_establishment,1969-05-01,date,wikidata,https://www.wikidata.org/wiki/Q11343740,Q11343740,,2026-08-15T07:57:14Z,Wikidata P571,
E01056,4368,扶桑化学工業株式会社,date_of_establishment,1957-06-24,date,wikidata,https://www.wikidata.org/wiki/Q11497291,Q11497291,,2026-08-15T07:57:14Z,Wikidata P571,
E01057,4464,株式会社ソフト９９コーポレーション,date_of_establishment,1954-10-28,date,wikidata,https://www.wikidata.org/wiki/Q11315256,Q11315256,,2026-08-15T07:57:14Z,Wikidata P571,
E01058,4994,大成ラミックグループ株式会社,date_of_establishment,1966-03-22,date,wikidata,https://www.wikidata.org/wiki/Q11435486,Q11435486,,2026-08-15T07:57:14Z,Wikidata P571,
E01059,4923,コタ株式会社,date_of_establishment,1979-09-27,date,wikidata,https://www.wikidata.org/wiki/Q11302182,Q11302182,,2026-08-15T07:57:14Z,Wikidata P571,
E01060,4973,日本高純度化学株式会社,date_of_establishment,1971,year,wikipedia,https://ja.wikipedia.org/wiki/%E6%97%A5%E6%9C%AC%E9%AB%98%E7%B4%94%E5%BA%A6%E5%8C%96%E5%AD%A6,,日本高純度化学,2026-08-15T07:57:17Z,Wikipedia infobox 設立,
E01063,4925,株式会社ハーバー研究所,date_of_establishment,1983-05,month,wikidata,https://www.wikidata.org/wiki/Q11327326,Q11327326,,2026-08-15T07:57:14Z,Wikidata P571,
E01064,2927,株式会社ＡＦＣ－ＨＤアムスライフサイエンス,date_of_establishment,1980-12-08,date,wikidata,https://www.wikidata.org/wiki/Q11188952,Q11188952,,2026-08-15T07:57:14Z,Wikidata P571,
E01065,4975,株式会社ＪＣＵ,date_of_establishment,1968-04-01,date,wikidata,https://www.wikidata.org/wiki/Q43305382,Q43305382,,2026-08-15T07:57:14Z,Wikidata P571,
E01068,4976,東洋ドライルーブ株式会社,date_of_establishment,1962-07-31,date,wikidata,https://www.wikidata.org/wiki/Q95991949,Q95991949,,2026-08-15T07:57:14Z,Wikidata P571,
E01074,8131,株式会社ミツウロコグループホールディングス,date_of_establishment,1926-05-10,date,wikidata,https://www.wikidata.org/wiki/Q17213086,Q17213086,,2026-08-15T07:57:14Z,Wikidata P571,
E01075,8132,シナネンホールディングス株式会社,date_of_establishment,1934-04-25,date,wikidata,https://www.wikidata.org/wiki/Q11307354,Q11307354,,2026-08-15T07:57:14Z,Wikidata P571,
E01077,5011,ニチレキグループ株式会社,date_of_establishment,1949-09-12,date,wikidata,https://www.wikidata.org/wiki/Q11324413,Q11324413,,2026-08-15T07:57:14Z,Wikidata P571,
E01080,5013,株式会社ユシロ,date_of_establishment,1944-07-24,date,wikidata,https://www.wikidata.org/wiki/Q17225773,Q17225773,,2026-08-15T07:57:14Z,Wikidata P571,
E01081,5016,ＪＸ金属株式会社,date_of_establishment,2002-09-27,date,wikidata,https://www.wikidata.org/wiki/Q17210819,Q17210819,,2026-08-15T07:57:14Z,Wikidata P571,
E01083,5018,株式会社ＭＯＲＥＳＣＯ,date_of_establishment,1958-10-27,date,wikidata,https://www.wikidata.org/wiki/Q11231960,Q11231960,,2026-08-15T07:57:14Z,Wikidata P571,
E01084,5019,出光興産株式会社,date_of_establishment,1911,year,wikidata,https://www.wikidata.org/wiki/Q2216770,Q2216770,,2026-08-15T07:57:14Z,Wikidata P571,
E01085,5101,横浜ゴム株式会社,date_of_establishment,1917,year,wikidata,https://www.wikidata.org/wiki/Q1471756,Q1471756,,2026-08-15T07:57:14Z,Wikidata P571,
E01086,5108,株式会社ブリヂストン,date_of_establishment,1931,year,wikidata,https://www.wikidata.org/wiki/Q179433,Q179433,,2026-08-15T07:57:14Z,Wikidata P571,
E01088,5103,昭和ホールディングス株式会社,date_of_establishment,1937-06-01,date,wikidata,https://www.wikidata.org/wiki/Q11514014,Q11514014,,2026-08-15T07:57:14Z,Wikidata P571,
E01090,5105,ＴＯＹＯ　ＴＩＲＥ株式会社,date_of_establishment,1945,year,wikidata,https://www.wikidata.org/wiki/Q568406,Q568406,,2026-08-15T07:57:14Z,Wikidata P571,
E01092,5195,バンドー化学株式会社,date_of_establishment,1937-01-07,date,wikidata,https://www.wikidata.org/wiki/Q11328437,Q11328437,,2026-08-15T07:57:14Z,Wikidata P571,
E01094,5121,藤倉コンポジット株式会社,date_of_establishment,1920-04-01,date,wikidata,https://www.wikidata.org/wiki/Q11622934,Q11622934,,2026-08-15T07:57:14Z,Wikidata P571,
E01095,5194,相模ゴム工業株式会社,date_of_establishment,1934,year,wikidata,https://www.wikidata.org/wiki/Q11582081,Q11582081,,2026-08-15T07:57:14Z,Wikidata P571,
E01096,5142,アキレス株式会社,date_of_establishment,1947-05-30,date,wikidata,https://www.wikidata.org/wiki/Q11282798,Q11282798,,2026-08-15T07:57:14Z,Wikidata P571,
E01098,5192,三ツ星ベルト株式会社,date_of_establishment,1932-10-10,date,wikidata,https://www.wikidata.org/wiki/Q11354018,Q11354018,,2026-08-15T07:57:14Z,Wikidata P571,
E01100,5122,オカモト株式会社,date_of_establishment,1934,year,wikidata,https://www.wikidata.org/wiki/Q4045699,Q4045699,,2026-08-15T07:57:14Z,Wikidata P571,
E01103,4224,ロンシール工業株式会社,date_of_establishment,1943-12,month,wikidata,https://www.wikidata.org/wiki/Q11350821,Q11350821,,2026-08-15T07:57:14Z,Wikidata P571,
E01107,5189,櫻護謨株式会社,date_of_establishment,1918,year,wikidata,https://www.wikidata.org/wiki/Q140908389,Q140908389,,2026-08-15T08:40:42Z,Wikidata P571,
E01108,7282,豊田合成株式会社,date_of_establishment,1949-06-15,date,wikidata,https://www.wikidata.org/wiki/Q11634006,Q11634006,,2026-08-15T07:57:14Z,Wikidata P571,
E01109,5199,不二ラテックス株式会社,date_of_establishment,1949-03-02,date,wikidata,https://www.wikidata.org/wiki/Q11361538,Q11361538,,2026-08-15T07:57:14Z,Wikidata P571,
E01110,5110,住友ゴム工業株式会社,date_of_establishment,1909,year,wikidata,https://www.wikidata.org/wiki/Q1648148,Q1648148,,2026-08-15T07:57:14Z,Wikidata P571,
E01111,5186,ニッタ株式会社,date_of_establishment,1945-02-10,date,wikidata,https://www.wikidata.org/wiki/Q11324481,Q11324481,,2026-08-15T07:57:14Z,Wikidata P571,
E01112,5161,西川ゴム工業株式会社,date_of_establishment,1949-04-26,date,wikidata,https://www.wikidata.org/wiki/Q11628046,Q11628046,,2026-08-15T07:57:14Z,Wikidata P571,
E01113,5185,株式会社フコク,date_of_establishment,1953-12-24,date,wikidata,https://www.wikidata.org/wiki/Q11333069,Q11333069,,2026-08-15T07:57:14Z,Wikidata P571,
E01114,5184,株式会社ニチリン,date_of_establishment,1924-03-08,date,wikidata,https://www.wikidata.org/wiki/Q17211971,Q17211971,,2026-08-15T07:57:14Z,Wikidata P571,
E01115,5162,株式会社朝日ラバー,date_of_establishment,1976-06,month,wikidata,https://www.wikidata.org/wiki/Q11517447,Q11517447,,2026-08-15T07:57:14Z,Wikidata P571,
E01118,7938,株式会社リーガルコーポレーション,date_of_establishment,1902-01-21,date,wikidata,https://www.wikidata.org/wiki/Q11348720,Q11348720,,2026-08-15T07:57:14Z,Wikidata P571,
E01120,7932,株式会社ニッピ,date_of_establishment,1907-04-01,date,wikidata,https://www.wikidata.org/wiki/Q11324499,Q11324499,,2026-08-15T07:57:14Z,Wikidata P571,
E01121,5202,日本板硝子株式会社,date_of_establishment,1918,year,wikidata,https://www.wikidata.org/wiki/Q326700,Q326700,,2026-08-15T07:57:14Z,Wikidata P571,
E01122,5201,ＡＧＣ株式会社,date_of_establishment,1907-09-08,date,wikidata,https://www.wikidata.org/wiki/Q720484,Q720484,,2026-08-15T07:57:14Z,Wikidata P571,
E01123,5204,石塚硝子株式会社,date_of_establishment,1941-04-16,date,wikidata,https://www.wikidata.org/wiki/Q11585482,Q11585482,,2026-08-15T07:57:14Z,Wikidata P571,
E01124,7741,ＨＯＹＡ株式会社,date_of_establishment,1941,year,wikidata,https://www.wikidata.org/wiki/Q368777,Q368777,,2026-08-15T07:57:14Z,Wikidata P571,
E01126,5210,日本山村硝子株式会社,date_of_establishment,1955-01-17,date,wikidata,https://www.wikidata.org/wiki/Q11507987,Q11507987,,2026-08-15T07:57:14Z,Wikidata P571,
E01127,5232,住友大阪セメント株式会社,date_of_establishment,1907,year,wikidata,https://www.wikidata.org/wiki/Q4050346,Q4050346,,2026-08-15T07:57:14Z,Wikidata P571,
E01130,5233,太平洋セメント株式会社,date_of_establishment,1881-05,month,wikidata,https://www.wikidata.org/wiki/Q1385852,Q1385852,,2026-08-15T07:57:14Z,Wikidata P571,
E01131,5355,日本坩堝株式会社,date_of_establishment,1906,year,wikidata,https://www.wikidata.org/wiki/Q140907924,Q140907924,,2026-08-15T08:40:42Z,Wikidata P571,
E01135,5343,ニッコー株式会社,date_of_establishment,1908,year,wikidata,https://www.wikidata.org/wiki/Q11324453,Q11324453,,2026-08-15T07:57:14Z,Wikidata P571,
E01136,5334,日本特殊陶業株式会社,date_of_establishment,1936,year,wikidata,https://www.wikidata.org/wiki/Q585666,Q585666,,2026-08-15T07:57:14Z,Wikidata P571,
E01137,5333,ＮＧＫ株式会社,date_of_establishment,1919-05-05,date,wikidata,https://www.wikidata.org/wiki/Q1254304,Q1254304,,2026-08-15T07:57:14Z,Wikidata P571,
E01138,5332,ＴＯＴＯ株式会社,date_of_establishment,1917,year,wikidata,https://www.wikidata.org/wiki/Q1751566,Q1751566,,2026-08-15T07:57:14Z,Wikidata P571,
E01139,5331,ノリタケ株式会社,date_of_establishment,1904,year,wikidata,https://www.wikidata.org/wiki/Q1669309,Q1669309,,2026-08-15T07:57:14Z,Wikidata P571,
E01140,5302,日本カーボン株式会社,date_of_establishment,1915-12-20,date,wikidata,https://www.wikidata.org/wiki/Q11506358,Q11506358,,2026-08-15T07:57:14Z,Wikidata P571,
E01141,5337,ダントーホールディングス株式会社,date_of_establishment,1885-08-15,date,wikidata,https://www.wikidata.org/wiki/Q11317540,Q11317540,,2026-08-15T07:57:14Z,Wikidata P571,
E01142,5269,日本コンクリート工業株式会社,date_of_establishment,1948-08-05,date,wikidata,https://www.wikidata.org/wiki/Q11506449,Q11506449,,2026-08-15T07:57:14Z,Wikidata P571,
E01146,5351,品川リフラ株式会社,date_of_establishment,1903-06-25,date,wikidata,https://www.wikidata.org/wiki/Q11418366,Q11418366,,2026-08-15T07:57:14Z,Wikidata P571,
E01147,5357,株式会社　ヨータイ,date_of_establishment,1936-08-01,date,wikidata,https://www.wikidata.org/wiki/Q11346216,Q11346216,,2026-08-15T07:57:14Z,Wikidata P571,
E01149,5363,東京窯業株式会社,date_of_establishment,1947-02-05,date,wikidata,https://www.wikidata.org/wiki/Q11525073,Q11525073,,2026-08-15T07:57:14Z,Wikidata P571,
E01151,5393,ニチアス株式会社,date_of_establishment,1896-04-09,date,wikidata,https://www.wikidata.org/wiki/Q11324384,Q11324384,,2026-08-15T07:57:14Z,Wikidata P571,
E01152,5208,株式会社有沢製作所,date_of_establishment,1949-07-01,date,wikidata,https://www.wikidata.org/wiki/Q11516561,Q11516561,,2026-08-15T07:57:14Z,Wikidata P571,
E01156,5261,リソルホールディングス株式会社,date_of_establishment,1931-02-27,date,wikidata,https://www.wikidata.org/wiki/Q11348062,Q11348062,,2026-08-15T07:57:14Z,Wikidata P571,
E01157,5262,日本ヒューム株式会社,date_of_establishment,1925-10-20,date,wikidata,https://www.wikidata.org/wiki/Q11506784,Q11506784,,2026-08-15T07:57:14Z,Wikidata P571,
E01161,1871,ピーエス・コンストラクション株式会社,date_of_establishment,1952-03-01,date,wikidata,https://www.wikidata.org/wiki/Q11331705,Q11331705,,2026-08-15T07:57:14Z,Wikidata P571,
E01162,5301,東海カーボン株式会社,date_of_establishment,1918,year,wikidata,https://www.wikidata.org/wiki/Q7813461,Q7813461,,2026-08-15T07:57:14Z,Wikidata P571,
E01163,5391,株式会社エーアンドエーマテリアル,date_of_establishment,1924-03-10,date,wikidata,https://www.wikidata.org/wiki/Q30331538,Q30331538,,2026-08-15T07:57:14Z,Wikidata P571,
E01164,7995,株式会社バルカー,date_of_establishment,1932-04-08,date,wikidata,https://www.wikidata.org/wiki/Q11506763,Q11506763,,2026-08-15T07:57:14Z,Wikidata P571,
E01165,5271,株式会社トーヨーアサノ,date_of_establishment,1951,year,wikidata,https://www.wikidata.org/wiki/Q140907486,Q140907486,,2026-08-15T08:40:42Z,Wikidata P571,
E01166,5237,株式会社ノザワ,date_of_establishment,1913-09-28,date,wikidata,https://www.wikidata.org/wiki/Q11325652,Q11325652,,2026-08-15T07:57:14Z,Wikidata P571,
E01169,5273,三谷セキサン株式会社,date_of_establishment,1956-09-20,date,wikidata,https://www.wikidata.org/wiki/Q11357246,Q11357246,,2026-08-15T07:57:14Z,Wikidata P571,
E01170,5218,株式会社オハラ,date_of_establishment,1941-11-01,date,wikidata,https://www.wikidata.org/wiki/Q7080621,Q7080621,,2026-08-15T07:57:14Z,Wikidata P571,
E01173,5304,ＳＥＣカーボン株式会社,date_of_establishment,1934-10-23,date,wikidata,https://www.wikidata.org/wiki/Q11242835,Q11242835,,2026-08-15T07:57:14Z,Wikidata P571,
E01176,5341,ＡＳＡＨＩ　ＥＩＴＯホールディングス株式会社,date_of_establishment,1950-12-20,date,wikidata,https://www.wikidata.org/wiki/Q11283190,Q11283190,,2026-08-15T07:57:14Z,Wikidata P571,
E01177,5342,ジャニス工業株式会社,date_of_establishment,1935-05-06,date,wikidata,https://www.wikidata.org/wiki/Q11309891,Q11309891,,2026-08-15T07:57:14Z,Wikidata P571,
E01180,5356,美濃窯業株式会社,date_of_establishment,1918-08-28,date,wikidata,https://www.wikidata.org/wiki/Q11609258,Q11609258,,2026-08-15T07:57:14Z,Wikidata P571,
E01182,6971,京セラ株式会社,date_of_establishment,1959-04-01,date,wikidata,https://www.wikidata.org/wiki/Q745099,Q745099,,2026-08-15T07:57:14Z,Wikidata P571,
E01183,7979,株式会社松風,date_of_establishment,1922-05-15,date,wikidata,https://www.wikidata.org/wiki/Q11532432,Q11532432,,2026-08-15T07:57:14Z,Wikidata P571,
E01188,5367,株式会社ニッカトー,date_of_establishment,1921-05-10,date,wikidata,https://www.wikidata.org/wiki/Q11324419,Q11324419,,2026-08-15T07:57:14Z,Wikidata P571,
E01190,5214,日本電気硝子株式会社,date_of_establishment,1949,year,wikidata,https://www.wikidata.org/wiki/Q3391016,Q3391016,,2026-08-15T07:57:14Z,Wikidata P571,
E01195,5388,クニミネ工業株式会社,date_of_establishment,1943-06-01,date,wikidata,https://www.wikidata.org/wiki/Q111487196,Q111487196,,2026-08-15T07:57:14Z,Wikidata P571,
E01200,5279,日本興業株式会社,date_of_establishment,1956-08-10,date,wikidata,https://www.wikidata.org/wiki/Q11508977,Q11508977,,2026-08-15T07:57:14Z,Wikidata P571,
E01202,5280,ヨシコン株式会社,date_of_establishment,1969-01-13,date,wikidata,https://www.wikidata.org/wiki/Q11346052,Q11346052,,2026-08-15T07:57:14Z,Wikidata P571,
E01204,5386,株式会社鶴弥,date_of_establishment,1968-02-01,date,wikidata,https://www.wikidata.org/wiki/Q11676018,Q11676018,,2026-08-15T07:57:14Z,Wikidata P571,
E01205,5216,株式会社倉元製作所,date_of_establishment,1980-08-29,date,wikidata,https://www.wikidata.org/wiki/Q11386543,Q11386543,,2026-08-15T07:57:14Z,Wikidata P571,
E01206,5282,ジオスター株式会社,date_of_establishment,1970-03,month,wikidata,https://www.wikidata.org/wiki/Q11309467,Q11309467,,2026-08-15T07:57:14Z,Wikidata P571,
E01207,5384,株式会社フジミインコーポレーテッド,date_of_establishment,1953-03-20,date,wikidata,https://www.wikidata.org/wiki/Q11333284,Q11333284,,2026-08-15T07:57:14Z,Wikidata P571,
E01208,5283,株式会社高見澤,date_of_establishment,1951-03-29,date,wikidata,https://www.wikidata.org/wiki/Q11672824,Q11672824,,2026-08-15T07:57:14Z,Wikidata P571,
E01210,5344,株式会社ＭＡＲＵＷＡ,date_of_establishment,1973-04-05,date,wikidata,https://www.wikidata.org/wiki/Q11231060,Q11231060,,2026-08-15T07:57:14Z,Wikidata P571,
E01211,5284,ヤマウホールディングス株式会社,date_of_establishment,1958-02,month,wikidata,https://www.wikidata.org/wiki/Q11345104,Q11345104,,2026-08-15T07:57:14Z,Wikidata P571,
E01212,5285,株式会社ヤマックス,date_of_establishment,1963-10-10,date,wikidata,https://www.wikidata.org/wiki/Q11345162,Q11345162,,2026-08-15T07:57:14Z,Wikidata P571,
E01216,5287,株式会社イトーヨーギョー,date_of_establishment,1950-12-25,date,wikidata,https://www.wikidata.org/wiki/Q11286865,Q11286865,,2026-08-15T07:57:14Z,Wikidata P571,
E01218,5381,マイポックス株式会社,date_of_establishment,1941-12-12,date,wikidata,https://www.wikidata.org/wiki/Q133853264,Q133853264,,2026-08-15T07:57:14Z,Wikidata P571,
E01219,5380,新東株式会社,date_of_establishment,1963-09-02,date,wikidata,https://www.wikidata.org/wiki/Q11502554,Q11502554,,2026-08-15T07:57:14Z,Wikidata P571,
E01221,7746,岡本硝子株式会社,date_of_establishment,1947-03-31,date,wikidata,https://www.wikidata.org/wiki/Q11473183,Q11473183,,2026-08-15T07:57:14Z,Wikidata P571,
E01223,5310,東洋炭素株式会社,date_of_establishment,1947-07-31,date,wikidata,https://www.wikidata.org/wiki/Q259622,Q259622,,2026-08-15T07:57:14Z,Wikidata P571,
E01225,5401,日本製鉄株式会社,date_of_establishment,2012-10-01,date,wikidata,https://www.wikidata.org/wiki/Q1151693,Q1151693,,2026-08-15T07:57:14Z,Wikidata P571,
E01229,5408,株式会社中山製鋼所,date_of_establishment,1923-12-22,date,wikidata,https://www.wikidata.org/wiki/Q11364278,Q11364278,,2026-08-15T07:57:14Z,Wikidata P571,
E01230,7231,トピー工業株式会社,date_of_establishment,1934-12-19,date,wikidata,https://www.wikidata.org/wiki/Q7825200,Q7825200,,2026-08-15T07:57:14Z,Wikidata P571,
E01231,5406,株式会社　神戸製鋼所,date_of_establishment,1905,year,wikidata,https://www.wikidata.org/wiki/Q1730802,Q1730802,,2026-08-15T07:57:14Z,Wikidata P571,
E01232,5631,株式会社日本製鋼所,date_of_establishment,1907-11-01,date,wikidata,https://www.wikidata.org/wiki/Q6157860,Q6157860,,2026-08-15T07:57:14Z,Wikidata P571,
E01233,5632,三菱製鋼株式会社,date_of_establishment,1949-12-01,date,wikidata,https://www.wikidata.org/wiki/Q11357130,Q11357130,,2026-08-15T07:57:14Z,Wikidata P571,
E01234,5482,愛知製鋼株式会社,date_of_establishment,1940,year,wikidata,https://www.wikidata.org/wiki/Q403696,Q403696,,2026-08-15T07:57:14Z,Wikidata P571,
E01235,5410,合同製鐵株式会社,date_of_establishment,1937-12-09,date,wikidata,https://www.wikidata.org/wiki/Q11412422,Q11412422,,2026-08-15T07:57:14Z,Wikidata P571,
E01236,5609,日本鋳造株式会社,date_of_establishment,1948-12-01,date,wikidata,https://www.wikidata.org/wiki/Q11509319,Q11509319,,2026-08-15T07:57:14Z,Wikidata P571,
E01239,5471,大同特殊鋼株式会社,date_of_establishment,1950-02,month,wikidata,https://www.wikidata.org/wiki/Q584414,Q584414,,2026-08-15T07:57:14Z,Wikidata P571,
E01242,5480,日本冶金工業株式会社,date_of_establishment,1925-08-22,date,wikidata,https://www.wikidata.org/wiki/Q11086253,Q11086253,,2026-08-15T07:57:14Z,Wikidata P571,
E01245,5484,東北特殊鋼株式会社,date_of_establishment,1937-04-20,date,wikidata,https://www.wikidata.org/wiki/Q11526229,Q11526229,,2026-08-15T07:57:14Z,Wikidata P571,
E01247,5451,株式会社ヨドコウ,date_of_establishment,1935-01-30,date,wikidata,https://www.wikidata.org/wiki/Q11559719,Q11559719,,2026-08-15T07:57:14Z,Wikidata P571,
E01251,5461,中部鋼鈑株式会社,date_of_establishment,1950-02-15,date,wikidata,https://www.wikidata.org/wiki/Q11367344,Q11367344,,2026-08-15T07:57:14Z,Wikidata P571,
E01253,5463,丸一鋼管株式会社,date_of_establishment,1947-12-18,date,wikidata,https://www.wikidata.org/wiki/Q11367971,Q11367971,,2026-08-15T07:57:14Z,Wikidata P571,
E01254,5541,大平洋金属株式会社,date_of_establishment,1949-12-01,date,wikidata,https://www.wikidata.org/wiki/Q7122558,Q7122558,,2026-08-15T07:57:14Z,Wikidata P571,
E01256,5563,新日本電工株式会社,date_of_establishment,1935-01-10,date,wikidata,https://www.wikidata.org/wiki/Q11509371,Q11509371,,2026-08-15T07:57:14Z,Wikidata P571,
E01257,5542,新報国マテリアル株式会社,date_of_establishment,1949-10,month,wikidata,https://www.wikidata.org/wiki/Q11501636,Q11501636,,2026-08-15T07:57:14Z,Wikidata P571,
E01259,5444,大和工業株式会社,date_of_establishment,1944-11-08,date,wikidata,https://www.wikidata.org/wiki/Q11433451,Q11433451,,2026-08-15T07:57:14Z,Wikidata P571,
E01260,5446,北越メタル株式会社,date_of_establishment,1942-06-23,date,wikidata,https://www.wikidata.org/wiki/Q11404102,Q11404102,,2026-08-15T07:57:14Z,Wikidata P571,
E01261,5423,東京製鐵株式会社,date_of_establishment,1934-11-23,date,wikidata,https://www.wikidata.org/wiki/Q11525139,Q11525139,,2026-08-15T07:57:14Z,Wikidata P571,
E01262,5449,大阪製鐵株式会社,date_of_establishment,1978-05-15,date,wikidata,https://www.wikidata.org/wiki/Q11441615,Q11441615,,2026-08-15T07:57:14Z,Wikidata P571,
E01264,5411,ＪＦＥホールディングス株式会社,date_of_establishment,2002,year,wikidata,https://www.wikidata.org/wiki/Q962591,Q962591,,2026-08-15T07:57:14Z,Wikidata P571,
E01266,5440,共英製鋼株式会社,date_of_establishment,1947-08-21,date,wikidata,https://www.wikidata.org/wiki/Q11392778,Q11392778,,2026-08-15T07:57:14Z,Wikidata P571,
E01267,6326,株式会社　クボタ,date_of_establishment,1890-02,month,wikidata,https://www.wikidata.org/wiki/Q1514221,Q1514221,,2026-08-15T07:57:14Z,Wikidata P571,
E01268,5602,株式会社栗本鐵工所,date_of_establishment,1934-05-10,date,wikidata,https://www.wikidata.org/wiki/Q11535972,Q11535972,,2026-08-15T07:57:14Z,Wikidata P571,
E01269,5603,虹技株式会社,date_of_establishment,1916-12-21,date,wikidata,https://www.wikidata.org/wiki/Q17218380,Q17218380,,2026-08-15T07:57:14Z,Wikidata P571,
E01275,5458,高砂鐵工株式会社,date_of_establishment,1923-11-16,date,wikidata,https://www.wikidata.org/wiki/Q11672648,Q11672648,,2026-08-15T07:57:14Z,Wikidata P571,
E01276,5491,日本金属株式会社,date_of_establishment,1939-12-02,date,wikidata,https://www.wikidata.org/wiki/Q11509292,Q11509292,,2026-08-15T07:57:14Z,Wikidata P571,
E01277,6439,中日本鋳工株式会社,date_of_establishment,1943-05-24,date,wikidata,https://www.wikidata.org/wiki/Q11365099,Q11365099,,2026-08-15T07:57:14Z,Wikidata P571,
E01280,5659,日本精線株式会社,date_of_establishment,1951-06-30,date,wikidata,https://www.wikidata.org/wiki/Q11508803,Q11508803,,2026-08-15T07:57:14Z,Wikidata P571,
E01282,5660,神鋼鋼線工業株式会社,date_of_establishment,1954-03-18,date,wikidata,https://www.wikidata.org/wiki/Q11591005,Q11591005,,2026-08-15T07:57:14Z,Wikidata P571,
E01284,5607,中央可鍛工業株式会社,date_of_establishment,1944-01-21,date,wikidata,https://www.wikidata.org/wiki/Q11363643,Q11363643,,2026-08-15T07:57:14Z,Wikidata P571,
E01287,5658,日亜鋼業株式会社,date_of_establishment,1952-06,month,wikidata,https://www.wikidata.org/wiki/Q11504821,Q11504821,,2026-08-15T07:57:14Z,Wikidata P571,
E01292,5445,東京鐵鋼株式会社,date_of_establishment,1939-06-23,date,wikidata,https://www.wikidata.org/wiki/Q11525897,Q11525897,,2026-08-15T07:57:14Z,Wikidata P571,
E01300,5721,エスクリプトエナジー株式会社,date_of_establishment,1946-04-13,date,wikidata,https://www.wikidata.org/wiki/Q17227819,Q17227819,,2026-08-15T07:57:14Z,Wikidata P571,
E01303,5852,株式会社アーレスティ,date_of_establishment,1943-11-02,date,wikidata,https://www.wikidata.org/wiki/Q11285809,Q11285809,,2026-08-15T07:57:14Z,Wikidata P571,
E01305,5753,日本伸銅株式会社,date_of_establishment,1938-04-09,date,wikidata,https://www.wikidata.org/wiki/Q11507227,Q11507227,,2026-08-15T07:57:14Z,Wikidata P571,
E01308,5707,東邦亜鉛株式会社,date_of_establishment,1937-02-27,date,wikidata,https://www.wikidata.org/wiki/Q7813284,Q7813284,,2026-08-15T07:57:14Z,Wikidata P571,
E01315,5464,モリ工業株式会社,date_of_establishment,1949-04,month,wikidata,https://www.wikidata.org/wiki/Q11344620,Q11344620,,2026-08-15T07:57:14Z,Wikidata P571,
E01317,5938,株式会社ＬＩＸＩＬ,date_of_establishment,1949-09-19,date,wikidata,https://www.wikidata.org/wiki/Q11229272,Q11229272,,2026-08-15T07:57:14Z,Wikidata P571,
E01320,5928,アルメタックス株式会社,date_of_establishment,1969-11,month,wikidata,https://www.wikidata.org/wiki/Q96323579,Q96323579,,2026-08-15T07:57:14Z,Wikidata P571,
E01324,7414,小野建株式会社,date_of_establishment,1949-08-11,date,wikidata,https://www.wikidata.org/wiki/Q11464080,Q11464080,,2026-08-15T07:57:14Z,Wikidata P571,
E01325,5900,株式会社ダイケン,date_of_establishment,1948-03-26,date,wikidata,https://www.wikidata.org/wiki/Q11316750,Q11316750,,2026-08-15T07:57:14Z,Wikidata P571,
E01327,5726,株式会社大阪チタニウムテクノロジーズ,date_of_establishment,1952,year,wikidata,https://www.wikidata.org/wiki/Q7105609,Q7105609,,2026-08-15T07:57:14Z,Wikidata P571,
E01330,5741,株式会社ＵＡＣＪ,date_of_establishment,1890-04,month,wikidata,https://www.wikidata.org/wiki/Q11411359,Q11411359,,2026-08-15T07:57:14Z,Wikidata P571,
E01332,5801,古河電気工業株式会社,date_of_establishment,1884,year,wikidata,https://www.wikidata.org/wiki/Q5509800,Q5509800,,2026-08-15T07:57:14Z,Wikidata P571,
E01333,5802,住友電気工業株式会社,date_of_establishment,1897,year,wikidata,https://www.wikidata.org/wiki/Q1814247,Q1814247,,2026-08-15T07:57:14Z,Wikidata P571,
E01334,5803,株式会社フジクラ,date_of_establishment,1910,year,wikidata,https://www.wikidata.org/wiki/Q5507432,Q5507432,,2026-08-15T07:57:14Z,Wikidata P571,
E01336,5805,ＳＷＣＣ株式会社,date_of_establishment,1936-05-26,date,wikidata,https://www.wikidata.org/wiki/Q11514164,Q11514164,,2026-08-15T07:57:14Z,Wikidata P571,
E01348,5817,ＪＭＡＣＳ株式会社,date_of_establishment,1965-03-10,date,wikidata,https://www.wikidata.org/wiki/Q11509392,Q11509392,,2026-08-15T07:57:14Z,Wikidata P571,
E01350,5819,カナレ電気株式会社,date_of_establishment,1974-02-02,date,wikidata,https://www.wikidata.org/wiki/Q11294464,Q11294464,,2026-08-15T07:57:14Z,Wikidata P571,
E01351,5820,株式会社三ッ星,date_of_establishment,1947-03-24,date,wikidata,https://www.wikidata.org/wiki/Q11353990,Q11353990,,2026-08-15T07:57:14Z,Wikidata P571,
E01352,5821,平河ヒューテック株式会社,date_of_establishment,1948-09-29,date,wikidata,https://www.wikidata.org/wiki/Q11483183,Q11483183,,2026-08-15T07:57:14Z,Wikidata P571,
E01353,5901,東洋製罐グループホールディングス株式会社,date_of_establishment,1917-06-25,date,wikidata,https://www.wikidata.org/wiki/Q17220947,Q17220947,,2026-08-15T07:57:14Z,Wikidata P571,
E01354,5902,ホッカンホールディングス株式会社,date_of_establishment,1921-10-23,date,wikidata,https://www.wikidata.org/wiki/Q11337750,Q11337750,,2026-08-15T07:57:14Z,Wikidata P571,
E01355,5911,株式会社横河ブリッジホールディングス,date_of_establishment,2007-08-01,date,wikipedia,https://ja.wikipedia.org/wiki/%E6%A8%AA%E6%B2%B3%E3%83%96%E3%83%AA%E3%83%83%E3%82%B8%E3%83%9B%E3%83%BC%E3%83%AB%E3%83%87%E3%82%A3%E3%83%B3%E3%82%B0%E3%82%B9,,横河ブリッジホールディングス,2026-08-15T08:40:44Z,Wikipedia infobox 設立,
E01362,5915,株式会社駒井ハルテック,date_of_establishment,1943-04-30,date,wikidata,https://www.wikidata.org/wiki/Q11668297,Q11668297,,2026-08-15T07:57:14Z,Wikidata P571,
E01364,5918,瀧上工業株式会社,date_of_establishment,1937-01-28,date,wikidata,https://www.wikidata.org/wiki/Q17209728,Q17209728,,2026-08-15T07:57:14Z,Wikidata P571,
E01365,5922,那須電機鉄工株式会社,date_of_establishment,1939-06-01,date,wikidata,https://www.wikidata.org/wiki/Q11642982,Q11642982,,2026-08-15T07:57:14Z,Wikidata P571,
E01367,5991,日本発條株式会社,date_of_establishment,1939,year,wikidata,https://www.wikidata.org/wiki/Q6954025,Q6954025,,2026-08-15T07:57:14Z,Wikidata P571,
E01368,5952,アマテイ株式会社,date_of_establishment,1949-12-01,date,wikidata,https://www.wikidata.org/wiki/Q17191794,Q17191794,,2026-08-15T07:57:14Z,Wikidata P571,
E01369,5955,株式会社ワイズホールディングス,date_of_establishment,1917-09-01,date,wikidata,https://www.wikidata.org/wiki/Q17230610,Q17230610,,2026-08-15T07:57:14Z,Wikidata P571,
E01370,5942,日本フイルコン株式会社,date_of_establishment,1936-03-18,date,wikidata,https://www.wikidata.org/wiki/Q11506818,Q11506818,,2026-08-15T07:57:14Z,Wikidata P571,
E01372,6306,日工株式会社,date_of_establishment,1919-08-13,date,wikidata,https://www.wikidata.org/wiki/Q11505283,Q11505283,,2026-08-15T07:57:14Z,Wikidata P571,
E01373,5923,高田機工株式会社,date_of_establishment,1932-03-01,date,wikidata,https://www.wikidata.org/wiki/Q11672153,Q11672153,,2026-08-15T07:57:14Z,Wikidata P571,
E01377,6136,オーエスジー株式会社,date_of_establishment,1938-03-26,date,wikidata,https://www.wikidata.org/wiki/Q11293105,Q11293105,,2026-08-15T07:57:14Z,Wikidata P571,
E01378,5981,東京製綱株式会社,date_of_establishment,1887-04-01,date,wikidata,https://www.wikidata.org/wiki/Q11525138,Q11525138,,2026-08-15T07:57:14Z,Wikidata P571,
E01379,5851,リョービ株式会社,date_of_establishment,1943-12-16,date,wikidata,https://www.wikidata.org/wiki/Q1104912,Q1104912,,2026-08-15T07:57:14Z,Wikidata P571,
E01380,5967,ＴＯＮＥ株式会社,date_of_establishment,1938-08-06,date,wikidata,https://www.wikidata.org/wiki/Q11397747,Q11397747,,2026-08-15T07:57:14Z,Wikidata P571,
E01382,5975,東プレ株式会社,date_of_establishment,1935-04-30,date,wikidata,https://www.wikidata.org/wiki/Q11523839,Q11523839,,2026-08-15T07:57:14Z,Wikidata P571,
E01385,5929,三和ホールディングス株式会社,date_of_establishment,1956,year,wikipedia,https://ja.wikipedia.org/wiki/%E4%B8%89%E5%92%8C%E3%83%9B%E3%83%BC%E3%83%AB%E3%83%87%E3%82%A3%E3%83%B3%E3%82%B0%E3%82%B9,,三和ホールディングス,2026-08-15T08:40:44Z,Wikipedia infobox 設立,
E01391,5962,浅香工業株式会社,date_of_establishment,1931-11-25,date,wikidata,https://www.wikidata.org/wiki/Q11557499,Q11557499,,2026-08-15T07:57:14Z,Wikidata P571,
E01393,5998,株式会社　アドバネクス,date_of_establishment,1946-11,month,wikidata,https://www.wikidata.org/wiki/Q11086638,Q11086638,,2026-08-15T07:57:14Z,Wikidata P571,
E01394,1921,株式会社　巴コーポレーション,date_of_establishment,1934-06-26,date,wikidata,https://www.wikidata.org/wiki/Q11479881,Q11479881,,2026-08-15T07:57:14Z,Wikidata P571,
E01396,5994,株式会社ファインシンター,date_of_establishment,1950-12-14,date,wikidata,https://www.wikidata.org/wiki/Q11331928,Q11331928,,2026-08-15T07:57:14Z,Wikidata P571,
E01398,9930,北沢産業株式会社,date_of_establishment,1951-03-28,date,wikidata,https://www.wikidata.org/wiki/Q11402327,Q11402327,,2026-08-15T07:57:14Z,Wikidata P571,
E01400,5976,高周波熱錬株式会社,date_of_establishment,1946-05-15,date,wikipedia,https://ja.wikipedia.org/wiki/%E9%AB%98%E5%91%A8%E6%B3%A2%E7%86%B1%E9%8C%AC,,高周波熱錬,2026-08-15T07:57:17Z,Wikipedia infobox 設立,
E01402,5985,サンコール株式会社,date_of_establishment,1943-06-02,date,wikidata,https://www.wikidata.org/wiki/Q17209856,Q17209856,,2026-08-15T07:57:14Z,Wikidata P571,
E01403,5969,株式会社ロブテックス,date_of_establishment,1923-08-12,date,wikidata,https://www.wikidata.org/wiki/Q11350630,Q11350630,,2026-08-15T07:57:14Z,Wikidata P571,
E01405,5992,中央発條株式会社,date_of_establishment,1948-12-25,date,wikidata,https://www.wikidata.org/wiki/Q11363733,Q11363733,,2026-08-15T07:57:14Z,Wikidata P571,
E01408,5905,日本製罐株式会社,date_of_establishment,1925-06-23,date,wikidata,https://www.wikidata.org/wiki/Q11509067,Q11509067,,2026-08-15T07:57:14Z,Wikidata P571,
E01409,5958,三洋工業株式会社,date_of_establishment,1954,year,wikidata,https://www.wikidata.org/wiki/Q140908361,Q140908361,,2026-08-15T08:40:42Z,Wikidata P571,
E01411,5986,モリテックスチール株式会社,date_of_establishment,1950-11-18,date,wikidata,https://www.wikidata.org/wiki/Q11344607,Q11344607,,2026-08-15T07:57:14Z,Wikidata P571,
E01412,5959,岡部株式会社,date_of_establishment,1944-02-01,date,wikidata,https://www.wikidata.org/wiki/Q11473801,Q11473801,,2026-08-15T07:57:14Z,Wikidata P571,
E01413,5930,文化シヤッター株式会社,date_of_establishment,1955-04-18,date,wikidata,https://www.wikidata.org/wiki/Q11499789,Q11499789,,2026-08-15T07:57:14Z,Wikidata P571,
E01414,6486,イーグル工業株式会社,date_of_establishment,1964-10-01,date,wikidata,https://www.wikidata.org/wiki/Q11287877,Q11287877,,2026-08-15T07:57:14Z,Wikidata P571,
E01415,5936,東洋シヤッター株式会社,date_of_establishment,1946-12-09,date,wikidata,https://www.wikidata.org/wiki/Q11527599,Q11527599,,2026-08-15T07:57:14Z,Wikidata P571,
E01417,5947,リンナイ株式会社,date_of_establishment,1920,year,wikidata,https://www.wikidata.org/wiki/Q795243,Q795243,,2026-08-15T07:57:14Z,Wikidata P571,
E01420,5966,京都機械工具株式会社,date_of_establishment,1950-08-02,date,wikidata,https://www.wikidata.org/wiki/Q11375615,Q11375615,,2026-08-15T07:57:14Z,Wikidata P571,
E01421,5950,日本パワーファスニング株式会社,date_of_establishment,1964-04-21,date,wikidata,https://www.wikidata.org/wiki/Q11506775,Q11506775,,2026-08-15T07:57:14Z,Wikidata P571,
E01422,5940,不二サッシ株式会社,date_of_establishment,1930-07-07,date,wikidata,https://www.wikidata.org/wiki/Q11361535,Q11361535,,2026-08-15T07:57:14Z,Wikidata P571,
E01425,5939,株式会社大谷工業,date_of_establishment,1947-06-30,date,wikidata,https://www.wikidata.org/wiki/Q11439071,Q11439071,,2026-08-15T07:57:14Z,Wikidata P571,
E01426,5945,天龍製鋸株式会社,date_of_establishment,1913-12-20,date,wikidata,https://www.wikidata.org/wiki/Q11443806,Q11443806,,2026-08-15T07:57:14Z,Wikidata P571,
E01427,5951,ダイニチ工業株式会社,date_of_establishment,1964-04-01,date,wikidata,https://www.wikidata.org/wiki/Q11316893,Q11316893,,2026-08-15T07:57:14Z,Wikidata P571,
E01428,7939,株式会社研創,date_of_establishment,1971-09-01,date,wikidata,https://www.wikidata.org/wiki/Q11587525,Q11587525,,2026-08-15T07:57:14Z,Wikidata P571,
E01430,5933,アルインコ株式会社,date_of_establishment,1940-07-04,date,wikidata,https://www.wikidata.org/wiki/Q4726740,Q4726740,,2026-08-15T07:57:14Z,Wikidata P571,
E01431,5997,協立エアテック株式会社,date_of_establishment,1971-02-12,date,wikidata,https://www.wikidata.org/wiki/Q11407255,Q11407255,,2026-08-15T07:57:14Z,Wikidata P571,
E01434,6484,株式会社ＫＶＫ,date_of_establishment,1949-01-25,date,wikidata,https://www.wikidata.org/wiki/Q11228297,Q11228297,,2026-08-15T07:57:14Z,Wikidata P571,
E01435,5990,株式会社スーパーツール,date_of_establishment,1960-12-10,date,wikidata,https://www.wikidata.org/wiki/Q11313777,Q11313777,,2026-08-15T07:57:14Z,Wikidata P571,
E01437,5984,兼房株式会社,date_of_establishment,1948-11-25,date,wikidata,https://www.wikidata.org/wiki/Q1723686,Q1723686,,2026-08-15T07:57:14Z,Wikidata P571,
E01438,5988,株式会社パイオラックス,date_of_establishment,1939-09-24,date,wikidata,https://www.wikidata.org/wiki/Q11328651,Q11328651,,2026-08-15T07:57:14Z,Wikidata P571,
E01439,5983,イワブチ株式会社,date_of_establishment,1950-08-01,date,wikidata,https://www.wikidata.org/wiki/Q17193727,Q17193727,,2026-08-15T07:57:14Z,Wikidata P571,
E01441,5973,株式会社トーアミ,date_of_establishment,1940-09-10,date,wikidata,https://www.wikidata.org/wiki/Q17221013,Q17221013,,2026-08-15T07:57:14Z,Wikidata P571,
E01442,5971,株式会社共和工業所,date_of_establishment,1961-12-05,date,wikidata,https://www.wikidata.org/wiki/Q11392679,Q11392679,,2026-08-15T07:57:14Z,Wikidata P571,
E01443,3433,トーカロ株式会社,date_of_establishment,1951-07-01,date,wikidata,https://www.wikidata.org/wiki/Q11322307,Q11322307,,2026-08-15T07:57:14Z,Wikidata P571,
E01444,5909,株式会社　コロナ,date_of_establishment,1950-07-03,date,wikidata,https://www.wikidata.org/wiki/Q11302881,Q11302881,,2026-08-15T07:57:14Z,Wikidata P571,
E01445,5941,株式会社　中西製作所,date_of_establishment,1958-08-27,date,wikipedia,https://ja.wikipedia.org/wiki/%E4%B8%AD%E8%A5%BF%E8%A3%BD%E4%BD%9C%E6%89%80,,中西製作所,2026-08-15T07:57:17Z,Wikipedia infobox 設立,
E01448,5979,カネソウ株式会社,date_of_establishment,1979-10-23,date,wikidata,https://www.wikidata.org/wiki/Q11294503,Q11294503,,2026-08-15T07:57:14Z,Wikidata P571,
E01451,3421,株式会社稲葉製作所,date_of_establishment,1950-11-09,date,wikidata,https://www.wikidata.org/wiki/Q11596979,Q11596979,,2026-08-15T07:57:14Z,Wikidata P571,
E01452,3422,株式会社　Ｊ－ＭＡＸ,date_of_establishment,1960-01-04,date,wikidata,https://www.wikidata.org/wiki/Q11368458,Q11368458,,2026-08-15T07:57:14Z,Wikidata P571,
E01454,6469,株式会社　放電精密加工研究所,date_of_establishment,1961-12-21,date,wikidata,https://www.wikidata.org/wiki/Q22127056,Q22127056,,2026-08-15T07:57:14Z,Wikidata P571,
E01459,7841,株式会社遠藤製作所,date_of_establishment,1950-11-08,date,wikidata,https://www.wikidata.org/wiki/Q11642345,Q11642345,,2026-08-15T07:57:14Z,Wikidata P571,
E01461,3431,宮地エンジニアリンググループ株式会社,date_of_establishment,2003-09-29,date,wikipedia,https://ja.wikipedia.org/wiki/%E5%AE%AE%E5%9C%B0%E3%82%A8%E3%83%B3%E3%82%B8%E3%83%8B%E3%82%A2%E3%83%AA%E3%83%B3%E3%82%B0%E3%82%B0%E3%83%AB%E3%83%BC%E3%83%97,,宮地エンジニアリンググループ,2026-08-15T08:40:44Z,Wikipedia infobox 設立,
E01462,3435,サンコーテクノ株式会社,date_of_establishment,1964-05-15,date,wikidata,https://www.wikidata.org/wiki/Q11305563,Q11305563,,2026-08-15T07:57:14Z,Wikidata P571,
E01464,3437,特殊電極株式会社,date_of_establishment,1950-01-26,date,wikipedia,https://ja.wikipedia.org/wiki/%E7%89%B9%E6%AE%8A%E9%9B%BB%E6%A5%B5,,特殊電極,2026-08-15T07:57:18Z,Wikipedia infobox 設立,
E01465,6264,株式会社マルマエ,date_of_establishment,1988-10,month,wikidata,https://www.wikidata.org/wiki/Q11341433,Q11341433,,2026-08-15T07:57:14Z,Wikidata P571,
E01466,3442,株式会社ＭＩＥコーポレーション,date_of_establishment,2008-01-04,date,wikidata,https://www.wikidata.org/wiki/Q11231561,Q11231561,,2026-08-15T07:57:14Z,Wikidata P571,
E01469,6013,株式会社タクマ,date_of_establishment,1938-06-10,date,wikidata,https://www.wikidata.org/wiki/Q11316048,Q11316048,,2026-08-15T07:57:14Z,Wikidata P571,
E01471,6018,阪神内燃機工業株式会社,date_of_establishment,1918-01-28,date,wikidata,https://www.wikidata.org/wiki/Q11656925,Q11656925,,2026-08-15T07:57:14Z,Wikidata P571,
E01474,6016,株式会社ジャパンエンジンコーポレーション,date_of_establishment,1920-06-10,date,wikidata,https://www.wikidata.org/wiki/Q11590184,Q11590184,,2026-08-15T07:57:14Z,Wikidata P571,
E01475,6022,株式会社　赤阪鐵工所,date_of_establishment,1934-12-26,date,wikidata,https://www.wikidata.org/wiki/Q11636012,Q11636012,,2026-08-15T07:57:14Z,Wikidata P571,
E01477,6023,ダイハツインフィニアース株式会社,date_of_establishment,1939-04-29,date,wikidata,https://www.wikidata.org/wiki/Q11316909,Q11316909,,2026-08-15T07:57:14Z,Wikidata P571,
E01478,6005,三浦工業株式会社,date_of_establishment,1959-05-01,date,wikidata,https://www.wikidata.org/wiki/Q11356418,Q11356418,,2026-08-15T07:57:14Z,Wikidata P571,
E01480,6101,株式会社ツガミ,date_of_establishment,1937-03-15,date,wikidata,https://www.wikidata.org/wiki/Q11318711,Q11318711,,2026-08-15T07:57:14Z,Wikidata P571,
E01481,6103,オークマ株式会社,date_of_establishment,1918-07-15,date,wikidata,https://www.wikidata.org/wiki/Q13479653,Q13479653,,2026-08-15T07:57:14Z,Wikidata P571,
E01482,6104,芝浦機械株式会社,date_of_establishment,1949-03-18,date,wikidata,https://www.wikidata.org/wiki/Q11528257,Q11528257,,2026-08-15T07:57:14Z,Wikidata P571,
E01486,6113,株式会社アマダ,date_of_establishment,1946,year,wikidata,https://www.wikidata.org/wiki/Q451688,Q451688,,2026-08-15T07:57:14Z,Wikidata P571,
E01488,6138,ダイジェット工業株式会社,date_of_establishment,1950-12-23,date,wikidata,https://www.wikidata.org/wiki/Q11316780,Q11316780,,2026-08-15T07:57:14Z,Wikidata P571,
E01493,6125,株式会社岡本工作機械製作所,date_of_establishment,1935-06-10,date,wikidata,https://www.wikidata.org/wiki/Q11473117,Q11473117,,2026-08-15T07:57:14Z,Wikidata P571,
E01495,6134,株式会社ＦＵＪＩ,date_of_establishment,1959-04-07,date,wikidata,https://www.wikidata.org/wiki/Q11456087,Q11456087,,2026-08-15T07:57:14Z,Wikidata P571,
E01496,6135,株式会社　牧野フライス製作所,date_of_establishment,1937,year,wikidata,https://www.wikidata.org/wiki/Q626459,Q626459,,2026-08-15T07:57:14Z,Wikidata P571,
E01499,6140,旭ダイヤモンド工業株式会社,date_of_establishment,1937-10-09,date,wikidata,https://www.wikidata.org/wiki/Q17191226,Q17191226,,2026-08-15T07:57:14Z,Wikidata P571,
E01502,6141,ＤＭＧ森精機株式会社,date_of_establishment,1946,year,wikidata,https://www.wikidata.org/wiki/Q1688845,Q1688845,,2026-08-15T07:57:14Z,Wikidata P571,
E01503,6142,富士精工株式会社,date_of_establishment,1958-03-01,date,wikidata,https://www.wikidata.org/wiki/Q11456122,Q11456122,,2026-08-15T07:57:14Z,Wikidata P571,
E01504,6143,株式会社ソディック,date_of_establishment,1976-08-03,date,wikidata,https://www.wikidata.org/wiki/Q11315138,Q11315138,,2026-08-15T07:57:14Z,Wikidata P571,
E01506,6146,株式会社ディスコ,date_of_establishment,1937,year,wikidata,https://www.wikidata.org/wiki/Q5281524,Q5281524,,2026-08-15T07:57:14Z,Wikidata P571,
E01507,6147,株式会社ヤマザキ,date_of_establishment,1989,year,wikidata,https://www.wikidata.org/wiki/Q140908416,Q140908416,,2026-08-15T08:40:42Z,Wikidata P571,
E01508,6150,タケダ機械株式会社,date_of_establishment,1971-06-02,date,wikidata,https://www.wikidata.org/wiki/Q11316068,Q11316068,,2026-08-15T07:57:14Z,Wikidata P571,
E01509,6151,日東工器株式会社,date_of_establishment,1956-10,month,wikidata,https://www.wikidata.org/wiki/Q17211996,Q17211996,,2026-08-15T07:57:14Z,Wikidata P571,
E01510,6155,高松機械工業株式会社,date_of_establishment,1961-07-01,date,wikidata,https://www.wikidata.org/wiki/Q11670441,Q11670441,,2026-08-15T07:57:14Z,Wikidata P571,
E01511,6158,株式会社和井田製作所,date_of_establishment,1946-10-22,date,wikidata,https://www.wikidata.org/wiki/Q11417140,Q11417140,,2026-08-15T07:57:14Z,Wikidata P571,
E01515,6203,豊和工業株式会社,date_of_establishment,1907-02-09,date,wikidata,https://www.wikidata.org/wiki/Q911891,Q911891,,2026-08-15T07:57:14Z,Wikidata P571,
E01518,6208,株式会社石川製作所,date_of_establishment,1937-01-25,date,wikidata,https://www.wikidata.org/wiki/Q11586358,Q11586358,,2026-08-15T07:57:14Z,Wikidata P571,
E01521,6218,エンシュウ株式会社,date_of_establishment,1920-02-05,date,wikidata,https://www.wikidata.org/wiki/Q11291299,Q11291299,,2026-08-15T07:57:14Z,Wikidata P571,
E01524,6217,津田駒工業株式会社,date_of_establishment,1939-12-30,date,wikidata,https://www.wikidata.org/wiki/Q11556351,Q11556351,,2026-08-15T07:57:14Z,Wikidata P571,
E01531,6222,株式会社島精機製作所,date_of_establishment,1962,year,wikidata,https://www.wikidata.org/wiki/Q11477023,Q11477023,,2026-08-15T07:57:14Z,Wikidata P571,
E01532,6301,株式会社小松製作所,date_of_establishment,1921,year,wikidata,https://www.wikidata.org/wiki/Q162257,Q162257,,2026-08-15T07:57:14Z,Wikidata P571,
E01533,6302,住友重機械工業株式会社,date_of_establishment,1888,year,wikidata,https://www.wikidata.org/wiki/Q1808912,Q1808912,,2026-08-15T07:57:14Z,Wikidata P571,
E01534,6360,株式会社　東京自働機械製作所,date_of_establishment,1944-06-05,date,wikidata,https://www.wikidata.org/wiki/Q125445882,Q125445882,,2026-08-15T07:57:14Z,Wikidata P571,
E01536,6331,三菱化工機株式会社,date_of_establishment,1949-09-01,date,wikipedia,https://ja.wikipedia.org/wiki/%E4%B8%89%E8%8F%B1%E5%8C%96%E5%B7%A5%E6%A9%9F,,三菱化工機,2026-08-15T07:57:18Z,Wikipedia infobox 設立,
E01537,6332,月島ホールディングス株式会社,date_of_establishment,1917-05,month,wikidata,https://www.wikidata.org/wiki/Q11516071,Q11516071,,2026-08-15T07:57:14Z,Wikidata P571,
E01538,6334,明治機械株式会社,date_of_establishment,1925-08-20,date,wikidata,https://www.wikidata.org/wiki/Q11512377,Q11512377,,2026-08-15T07:57:14Z,Wikidata P571,
E01539,6335,株式会社東京機械製作所,date_of_establishment,1916-02-15,date,wikidata,https://www.wikidata.org/wiki/Q11524935,Q11524935,,2026-08-15T07:57:14Z,Wikidata P571,
E01541,6339,新東工業株式会社,date_of_establishment,1934-10-02,date,wikidata,https://www.wikidata.org/wiki/Q11502570,Q11502570,,2026-08-15T07:57:14Z,Wikidata P571,
E01542,6361,株式会社荏原製作所,date_of_establishment,1920-05-20,date,wikidata,https://www.wikidata.org/wiki/Q5331498,Q5331498,,2026-08-15T07:57:14Z,Wikidata P571,
E01544,6365,株式会社電業社機械製作所,date_of_establishment,1955-03,month,wikidata,https://www.wikidata.org/wiki/Q11660381,Q11660381,,2026-08-15T07:57:14Z,Wikidata P571,
E01545,6118,アイダエンジニアリング株式会社,date_of_establishment,1917-03,month,wikidata,https://www.wikidata.org/wiki/Q11282231,Q11282231,,2026-08-15T07:57:14Z,Wikidata P571,
E01546,6378,木村化工機株式会社,date_of_establishment,1950-06-09,date,wikidata,https://www.wikidata.org/wiki/Q11518742,Q11518742,,2026-08-15T07:57:14Z,Wikidata P571,
E01547,6342,株式会社太平製作所,date_of_establishment,1925-05-21,date,wikidata,https://www.wikidata.org/wiki/Q11443999,Q11443999,,2026-08-15T07:57:14Z,Wikidata P571,
E01550,6111,旭精機工業株式会社,date_of_establishment,1953-08-11,date,wikidata,https://www.wikidata.org/wiki/Q11511850,Q11511850,,2026-08-15T07:57:14Z,Wikidata P571,
E01551,6383,株式会社ダイフク,date_of_establishment,1937,year,wikidata,https://www.wikidata.org/wiki/Q4036978,Q4036978,,2026-08-15T07:57:14Z,Wikidata P571,
E01554,6381,アネスト岩田株式会社,date_of_establishment,1926,year,wikidata,https://www.wikidata.org/wiki/Q4652956,Q4652956,,2026-08-15T07:57:14Z,Wikidata P571,
E01563,6310,井関農機株式会社,date_of_establishment,1936,year,wikidata,https://www.wikidata.org/wiki/Q1581562,Q1581562,,2026-08-15T07:57:14Z,Wikidata P571,
E01568,6316,株式会社丸山製作所,date_of_establishment,1937-11-01,date,wikidata,https://www.wikidata.org/wiki/Q11368277,Q11368277,,2026-08-15T07:57:14Z,Wikidata P571,
E01569,6366,千代田化工建設株式会社,date_of_establishment,1948-01-20,date,wikidata,https://www.wikidata.org/wiki/Q955596,Q955596,,2026-08-15T07:57:14Z,Wikidata P571,
E01570,6367,ダイキン工業株式会社,date_of_establishment,1924,year,wikidata,https://www.wikidata.org/wiki/Q1157589,Q1157589,,2026-08-15T07:57:14Z,Wikidata P571,
E01571,6368,オルガノ株式会社,date_of_establishment,1941-07-29,date,wikidata,https://www.wikidata.org/wiki/Q11292796,Q11292796,,2026-08-15T07:57:14Z,Wikidata P571,
E01572,6369,トーヨーカネツ株式会社,date_of_establishment,1941-05-16,date,wikidata,https://www.wikidata.org/wiki/Q11322430,Q11322430,,2026-08-15T07:57:14Z,Wikidata P571,
E01573,6370,栗田工業株式会社,date_of_establishment,1949,year,wikidata,https://www.wikidata.org/wiki/Q6446085,Q6446085,,2026-08-15T07:57:14Z,Wikidata P571,
E01575,1963,日揮ホールディングス株式会社,date_of_establishment,1928-10-25,date,wikidata,https://www.wikidata.org/wiki/Q5216057,Q5216057,,2026-08-15T07:57:14Z,Wikidata P571,
E01577,6379,レイズネクスト株式会社,date_of_establishment,1938-07,month,wikidata,https://www.wikidata.org/wiki/Q11503989,Q11503989,,2026-08-15T07:57:14Z,Wikidata P571,
E01578,6371,株式会社椿本チエイン,date_of_establishment,1917,year,wikidata,https://www.wikidata.org/wiki/Q2458461,Q2458461,,2026-08-15T07:57:14Z,Wikidata P571,
E01581,6380,オリエンタルチエン工業株式会社,date_of_establishment,1947-08-26,date,wikidata,https://www.wikidata.org/wiki/Q11292548,Q11292548,,2026-08-15T07:57:14Z,Wikidata P571,
E01583,6390,株式会社加藤製作所,date_of_establishment,1895,year,wikidata,https://www.wikidata.org/wiki/Q4041964,Q4041964,,2026-08-15T07:57:14Z,Wikidata P571,
E01584,6317,株式会社北川鉄工所,date_of_establishment,1941-11-28,date,wikidata,https://www.wikidata.org/wiki/Q11401681,Q11401681,,2026-08-15T07:57:14Z,Wikidata P571,
E01585,6305,日立建機株式会社,date_of_establishment,1951,year,wikidata,https://www.wikidata.org/wiki/Q5871641,Q5871641,,2026-08-15T07:57:14Z,Wikidata P571,
E01587,7719,株式会社東京衡機,date_of_establishment,1936-12-20,date,wikidata,https://www.wikidata.org/wiki/Q11319900,Q11319900,,2026-08-15T07:57:14Z,Wikidata P571,
E01589,6728,株式会社　アルバック,date_of_establishment,1952-08-23,date,wikidata,https://www.wikidata.org/wiki/Q17192226,Q17192226,,2026-08-15T07:57:14Z,Wikidata P571,
E01590,6436,アマノ株式会社,date_of_establishment,1945-11-22,date,wikidata,https://www.wikidata.org/wiki/Q11284890,Q11284890,,2026-08-15T07:57:14Z,Wikidata P571,
E01591,6376,日機装株式会社,date_of_establishment,1950-03-07,date,wikidata,https://www.wikidata.org/wiki/Q11509557,Q11509557,,2026-08-15T07:57:14Z,Wikidata P571,
E01593,7259,株式会社アイシン,date_of_establishment,1949,year,wikidata,https://www.wikidata.org/wiki/Q409907,Q409907,,2026-08-15T07:57:14Z,Wikidata P571,
E01594,6448,ブラザー工業株式会社,date_of_establishment,1908,year,wikidata,https://www.wikidata.org/wiki/Q990804,Q990804,,2026-08-15T07:57:14Z,Wikidata P571,
E01595,6445,株式会社ジャノメ,date_of_establishment,1921,year,wikidata,https://www.wikidata.org/wiki/Q3066841,Q3066841,,2026-08-15T07:57:14Z,Wikidata P571,
E01596,6440,ＪＵＫＩ株式会社,date_of_establishment,1938-12,month,wikidata,https://www.wikidata.org/wiki/Q11226587,Q11226587,,2026-08-15T07:57:14Z,Wikidata P571,
E01599,6463,ＴＰＲ株式会社,date_of_establishment,1939-12-03,date,wikidata,https://www.wikidata.org/wiki/Q11250008,Q11250008,,2026-08-15T07:57:14Z,Wikidata P571,
E01600,6471,日本精工株式会社,date_of_establishment,1916,year,wikidata,https://www.wikidata.org/wiki/Q1961495,Q1961495,,2026-08-15T07:57:14Z,Wikidata P571,
E01601,6472,ＮＴＮ株式会社,date_of_establishment,1918,year,wikidata,https://www.wikidata.org/wiki/Q951567,Q951567,,2026-08-15T07:57:14Z,Wikidata P571,
E01602,6473,株式会社ジェイテクト,date_of_establishment,2006,year,wikidata,https://www.wikidata.org/wiki/Q6109069,Q6109069,,2026-08-15T07:57:14Z,Wikidata P571,
E01603,6474,株式会社不二越,date_of_establishment,1928-12-21,date,wikidata,https://www.wikidata.org/wiki/Q11361559,Q11361559,,2026-08-15T07:57:14Z,Wikidata P571,
E01607,6479,ミネベアミツミ株式会社,date_of_establishment,1951,year,wikidata,https://www.wikidata.org/wiki/Q820239,Q820239,,2026-08-15T07:57:14Z,Wikidata P571,
E01609,6492,岡野バルブ製造株式会社,date_of_establishment,1936-02-21,date,wikidata,https://www.wikidata.org/wiki/Q11473899,Q11473899,,2026-08-15T07:57:14Z,Wikidata P571,
E01610,6358,酒井重工業株式会社,date_of_establishment,1949-05-07,date,wikidata,https://www.wikidata.org/wiki/Q11644268,Q11644268,,2026-08-15T07:57:14Z,Wikidata P571,
E01612,6393,油研工業株式会社,date_of_establishment,1979,year,wikidata,https://www.wikidata.org/wiki/Q11554379,Q11554379,,2026-08-15T07:57:14Z,Wikidata P571,
E01613,6395,株式会社タダノ,date_of_establishment,1948,year,wikidata,https://www.wikidata.org/wiki/Q2387094,Q2387094,,2026-08-15T07:57:14Z,Wikidata P571,
E01617,6325,株式会社タカキタ,date_of_establishment,1945-03-31,date,wikidata,https://www.wikidata.org/wiki/Q17225983,Q17225983,,2026-08-15T07:57:14Z,Wikidata P571,
E01620,6343,フリージア・マクロス株式会社,date_of_establishment,1947-10-30,date,wikidata,https://www.wikidata.org/wiki/Q11333817,Q11333817,,2026-08-15T07:57:14Z,Wikidata P571,
E01624,6495,株式会社宮入バルブ製作所,date_of_establishment,1949-04-08,date,wikidata,https://www.wikidata.org/wiki/Q11453270,Q11453270,,2026-08-15T07:57:14Z,Wikidata P571,
E01627,6382,トリニティ工業株式会社,date_of_establishment,1946-10-02,date,wikidata,https://www.wikidata.org/wiki/Q11321986,Q11321986,,2026-08-15T07:57:14Z,Wikidata P571,
E01629,6346,キクカワエンタープライズ株式会社,date_of_establishment,1954-04-02,date,wikidata,https://www.wikidata.org/wiki/Q11296613,Q11296613,,2026-08-15T07:57:14Z,Wikidata P571,
E01630,4543,テルモ株式会社,date_of_establishment,1921,year,wikidata,https://www.wikidata.org/wiki/Q3518961,Q3518961,,2026-08-15T07:57:14Z,Wikidata P571,
E01631,6480,日本トムソン株式会社,date_of_establishment,1950-02-10,date,wikidata,https://www.wikidata.org/wiki/Q24866547,Q24866547,,2026-08-15T07:57:14Z,Wikidata P571,
E01632,6357,三精テクノロジーズ株式会社,date_of_establishment,1951,year,wikidata,https://www.wikidata.org/wiki/Q11356940,Q11356940,,2026-08-15T07:57:14Z,Wikidata P571,
E01635,6396,株式会社宇野澤組鐵工所,date_of_establishment,1933-12-15,date,wikidata,https://www.wikidata.org/wiki/Q11449895,Q11449895,,2026-08-15T07:57:14Z,Wikidata P571,
E01636,6363,株式会社酉島製作所,date_of_establishment,1928-04,month,wikidata,https://www.wikidata.org/wiki/Q11643944,Q11643944,,2026-08-15T07:57:14Z,Wikidata P571,
E01642,6282,オイレス工業株式会社,date_of_establishment,1952-03-11,date,wikidata,https://www.wikidata.org/wiki/Q11291683,Q11291683,,2026-08-15T07:57:14Z,Wikidata P571,
E01643,6247,株式会社日阪製作所,date_of_establishment,1942-05-05,date,wikidata,https://www.wikidata.org/wiki/Q11510708,Q11510708,,2026-08-15T07:57:14Z,Wikidata P571,
E01645,6490,株式会社ＰＩＬＬＡＲ,date_of_establishment,1948-05-22,date,wikidata,https://www.wikidata.org/wiki/Q96324053,Q96324053,,2026-08-15T07:57:14Z,Wikidata P571,
E01647,6408,小倉クラッチ株式会社,date_of_establishment,1948-05-25,date,wikidata,https://www.wikidata.org/wiki/Q11458891,Q11458891,,2026-08-15T07:57:14Z,Wikidata P571,
E01649,6496,株式会社中北製作所,date_of_establishment,1937-05-11,date,wikidata,https://www.wikidata.org/wiki/Q96312667,Q96312667,,2026-08-15T07:57:14Z,Wikidata P571,
E01650,6457,グローリー株式会社,date_of_establishment,1918,year,wikidata,https://www.wikidata.org/wiki/Q11300920,Q11300920,,2026-08-15T07:57:14Z,Wikidata P571,
E01652,6497,株式会社ハマイ,date_of_establishment,1958,year,wikidata,https://www.wikidata.org/wiki/Q140907822,Q140907822,,2026-08-15T08:40:42Z,Wikidata P571,
E01653,6455,株式会社モリタホールディングス,date_of_establishment,1932-07-23,date,wikidata,https://www.wikidata.org/wiki/Q2850657,Q2850657,,2026-08-15T07:57:14Z,Wikidata P571,
E01654,6465,ホシザキ株式会社,date_of_establishment,1947-02-05,date,wikidata,https://www.wikidata.org/wiki/Q1630382,Q1630382,,2026-08-15T07:57:14Z,Wikidata P571,
E01656,7986,日本アイ・エス・ケイ株式会社,date_of_establishment,1948,year,wikidata,https://www.wikidata.org/wiki/Q140908315,Q140908315,,2026-08-15T08:40:42Z,Wikidata P571,
E01657,6345,株式会社アイチコーポレーション,date_of_establishment,1962-02-02,date,wikidata,https://www.wikidata.org/wiki/Q11282239,Q11282239,,2026-08-15T07:57:14Z,Wikidata P571,
E01659,5946,株式会社長府製作所,date_of_establishment,1954-07-01,date,wikidata,https://www.wikidata.org/wiki/Q11652976,Q11652976,,2026-08-15T07:57:14Z,Wikidata P571,
E01660,6498,株式会社キッツ,date_of_establishment,1951-01-26,date,wikidata,https://www.wikidata.org/wiki/Q11296815,Q11296815,,2026-08-15T07:57:14Z,Wikidata P571,
E01661,6330,東洋エンジニアリング株式会社,date_of_establishment,1961,year,wikidata,https://www.wikidata.org/wiki/Q7830625,Q7830625,,2026-08-15T07:57:14Z,Wikidata P571,
E01662,6351,株式会社鶴見製作所,date_of_establishment,1924,year,wikidata,https://www.wikidata.org/wiki/Q2458602,Q2458602,,2026-08-15T07:57:14Z,Wikidata P571,
E01663,6364,株式会社ＡＩＲＭＡＮ,date_of_establishment,1938-05-15,date,wikidata,https://www.wikidata.org/wiki/Q11404105,Q11404105,,2026-08-15T07:57:14Z,Wikidata P571,
E01666,6340,澁谷工業株式会社,date_of_establishment,1949-06-21,date,wikidata,https://www.wikidata.org/wiki/Q11565782,Q11565782,,2026-08-15T07:57:14Z,Wikidata P571,
E01667,6349,株式会社小森コーポレーション,date_of_establishment,1923-10,month,wikidata,https://www.wikidata.org/wiki/Q1671042,Q1671042,,2026-08-15T07:57:14Z,Wikidata P571,
E01669,6458,新晃工業株式会社,date_of_establishment,1950-06-16,date,wikidata,https://www.wikidata.org/wiki/Q17217359,Q17217359,,2026-08-15T08:40:42Z,Wikidata P571,
E01670,6272,レオン自動機株式会社,date_of_establishment,1963-03-15,date,wikidata,https://www.wikidata.org/wiki/Q11349490,Q11349490,,2026-08-15T07:57:14Z,Wikidata P571,
E01673,6273,ＳＭＣ株式会社,date_of_establishment,1959,year,wikidata,https://www.wikidata.org/wiki/Q839552,Q839552,,2026-08-15T07:57:14Z,Wikidata P571,
E01675,6276,シリウスビジョン株式会社,date_of_establishment,1980-01-12,date,wikidata,https://www.wikidata.org/wiki/Q11323973,Q11323973,,2026-08-15T07:57:14Z,Wikidata P571,
E01676,6277,ホソカワミクロン株式会社,date_of_establishment,1949-08-13,date,wikidata,https://www.wikidata.org/wiki/Q11337721,Q11337721,,2026-08-15T07:57:14Z,Wikidata P571,
E01677,6279,株式会社瑞光,date_of_establishment,1963,year,wikidata,https://www.wikidata.org/wiki/Q106411875,Q106411875,,2026-08-15T07:57:14Z,Wikidata P571,
E01678,6481,ＴＨＫ株式会社,date_of_establishment,1971,year,wikidata,https://www.wikidata.org/wiki/Q965361,Q965361,,2026-08-15T07:57:14Z,Wikidata P571,
E01682,6284,日精エー・エス・ビー機械株式会社,date_of_establishment,1978-11-08,date,wikidata,https://www.wikidata.org/wiki/Q11510145,Q11510145,,2026-08-15T07:57:14Z,Wikidata P571,
E01683,6488,株式会社ヨシタケ,date_of_establishment,1944-02-18,date,wikidata,https://www.wikidata.org/wiki/Q11346054,Q11346054,,2026-08-15T07:57:14Z,Wikidata P571,
E01684,6286,靜甲株式会社,date_of_establishment,1939-05-18,date,wikidata,https://www.wikidata.org/wiki/Q11663688,Q11663688,,2026-08-15T07:57:14Z,Wikidata P571,
E01685,6287,株式会社サトー,date_of_establishment,1951-05-16,date,wikidata,https://www.wikidata.org/wiki/Q11304901,Q11304901,,2026-08-15T07:57:14Z,Wikidata P571,
E01686,9895,株式会社コンセック,date_of_establishment,1967-11-06,date,wikidata,https://www.wikidata.org/wiki/Q125200746,Q125200746,,2026-08-15T07:57:14Z,Wikidata P571,
E01688,5953,昭和鉄工株式会社,date_of_establishment,1933-04-30,date,wikidata,https://www.wikidata.org/wiki/Q11514155,Q11514155,,2026-08-15T07:57:14Z,Wikidata P571,
E01690,6289,株式会社技研製作所,date_of_establishment,1978,year,wikipedia,https://ja.wikipedia.org/wiki/%E6%8A%80%E7%A0%94%E8%A3%BD%E4%BD%9C%E6%89%80,,技研製作所,2026-08-15T07:57:18Z,Wikipedia infobox 設立,
E01692,6149,株式会社小田原エンジニアリング,date_of_establishment,1979-10-15,date,wikidata,https://www.wikidata.org/wiki/Q124638147,Q124638147,,2026-08-15T07:57:14Z,Wikidata P571,
E01693,6485,前澤給装工業株式会社,date_of_establishment,1957-01-23,date,wikidata,https://www.wikidata.org/wiki/Q11397357,Q11397357,,2026-08-15T07:57:14Z,Wikidata P571,
E01694,6292,株式会社カワタ,date_of_establishment,1951-07-13,date,wikidata,https://www.wikidata.org/wiki/Q11295395,Q11295395,,2026-08-15T07:57:14Z,Wikidata P571,
E01696,6294,オカダアイヨン株式会社,date_of_establishment,1960-09-01,date,wikidata,https://www.wikidata.org/wiki/Q11291801,Q11291801,,2026-08-15T07:57:14Z,Wikidata P571,
E01698,6418,日本金銭機械株式会社,date_of_establishment,1955-01-11,date,wikidata,https://www.wikidata.org/wiki/Q11509294,Q11509294,,2026-08-15T07:57:14Z,Wikidata P571,
E01704,6307,サンセイ株式会社,date_of_establishment,1963-07-22,date,wikidata,https://www.wikidata.org/wiki/Q96312661,Q96312661,,2026-08-15T07:57:14Z,Wikidata P571,
E01705,6309,巴工業株式会社,date_of_establishment,1941-05-29,date,wikidata,https://www.wikidata.org/wiki/Q96324050,Q96324050,,2026-08-15T07:57:14Z,Wikidata P571,
E01708,6315,ＴＯＷＡ株式会社,date_of_establishment,1979-04-27,date,wikidata,https://www.wikidata.org/wiki/Q11249950,Q11249950,,2026-08-15T07:57:14Z,Wikidata P571,
E01710,6482,ＹＵＳＨＩＮ株式会社,date_of_establishment,1973-10-22,date,wikidata,https://www.wikidata.org/wiki/Q11345873,Q11345873,,2026-08-15T07:57:14Z,Wikidata P571,
E01712,6324,株式会社ハーモニック・ドライブ・システムズ,date_of_establishment,1989-02-23,date,wikidata,https://www.wikidata.org/wiki/Q11327365,Q11327365,,2026-08-15T07:57:14Z,Wikidata P571,
E01713,6327,北川精機株式会社,date_of_establishment,1957-01-14,date,wikidata,https://www.wikidata.org/wiki/Q11401664,Q11401664,,2026-08-15T07:57:14Z,Wikidata P571,
E01714,6328,荏原実業株式会社,date_of_establishment,1946-11,month,wikidata,https://www.wikidata.org/wiki/Q11618307,Q11618307,,2026-08-15T07:57:14Z,Wikidata P571,
E01715,6338,株式会社タカトリ,date_of_establishment,1956-10,month,wikidata,https://www.wikidata.org/wiki/Q11315935,Q11315935,,2026-08-15T07:57:14Z,Wikidata P571,
E01716,6466,株式会社ＴＶＥ,date_of_establishment,2000-03-16,date,wikidata,https://www.wikidata.org/wiki/Q11523940,Q11523940,,2026-08-15T07:57:14Z,Wikidata P571,
E01717,6834,株式会社　精工技研,date_of_establishment,1972-06-17,date,wikidata,https://www.wikidata.org/wiki/Q11604672,Q11604672,,2026-08-15T07:57:14Z,Wikidata P571,
E01718,6428,株式会社オーイズミ,date_of_establishment,1974-07-18,date,wikidata,https://www.wikidata.org/wiki/Q11293097,Q11293097,,2026-08-15T07:57:14Z,Wikidata P571,
E01719,6384,株式会社昭和真空,date_of_establishment,1958-08-26,date,wikidata,https://www.wikidata.org/wiki/Q11514127,Q11514127,,2026-08-15T07:57:14Z,Wikidata P571,
E01721,6402,兼松エンジニアリング株式会社,date_of_establishment,1971-09-01,date,wikidata,https://www.wikidata.org/wiki/Q11393808,Q11393808,,2026-08-15T07:57:14Z,Wikidata P571,
E01723,6432,株式会社竹内製作所,date_of_establishment,1963-08-21,date,wikidata,https://www.wikidata.org/wiki/Q451944,Q451944,,2026-08-15T07:57:14Z,Wikidata P571,
E01724,6405,鈴茂器工株式会社,date_of_establishment,1961-01-13,date,wikidata,https://www.wikidata.org/wiki/Q11649448,Q11649448,,2026-08-15T07:57:14Z,Wikidata P571,
E01725,6269,三井海洋開発株式会社,date_of_establishment,1968,year,wikidata,https://www.wikidata.org/wiki/Q11354285,Q11354285,,2026-08-15T07:57:14Z,Wikidata P571,
E01726,6268,ナブテスコ株式会社,date_of_establishment,2003-09-29,date,wikidata,https://www.wikidata.org/wiki/Q11323984,Q11323984,,2026-08-15T07:57:14Z,Wikidata P571,
E01727,6433,ヒーハイスト株式会社,date_of_establishment,1963-07-19,date,wikidata,https://www.wikidata.org/wiki/Q11330421,Q11330421,,2026-08-15T07:57:14Z,Wikidata P571,
E01728,6265,コンバム株式会社,date_of_establishment,1951-04-16,date,wikidata,https://www.wikidata.org/wiki/Q11446894,Q11446894,,2026-08-15T07:57:14Z,Wikidata P571,
E01729,6157,日進工具株式会社,date_of_establishment,1979-12-06,date,wikidata,https://www.wikidata.org/wiki/Q56346846,Q56346846,,2026-08-15T07:57:14Z,Wikidata P571,
E01730,6161,株式会社エスティック,date_of_establishment,1993-08-25,date,wikidata,https://www.wikidata.org/wiki/Q11290043,Q11290043,,2026-08-15T07:57:14Z,Wikidata P571,
E01731,6262,株式会社ＰＥＧＡＳＵＳ,date_of_establishment,1947-01-08,date,wikidata,https://www.wikidata.org/wiki/Q11337354,Q11337354,,2026-08-15T07:57:14Z,Wikidata P571,
E01733,6258,平田機工株式会社,date_of_establishment,1951,year,wikidata,https://www.wikidata.org/wiki/Q1419754,Q1419754,,2026-08-15T07:57:14Z,Wikidata P571,
E01734,6255,株式会社エヌ・ピー・シー,date_of_establishment,1992,year,wikidata,https://www.wikidata.org/wiki/Q11290445,Q11290445,,2026-08-15T07:57:14Z,Wikidata P571,
E01735,6254,野村マイクロ・サイエンス株式会社,date_of_establishment,1969-04-02,date,wikipedia,https://ja.wikipedia.org/wiki/%E9%87%8E%E6%9D%91%E3%83%9E%E3%82%A4%E3%82%AF%E3%83%AD%E3%83%BB%E3%82%B5%E3%82%A4%E3%82%A8%E3%83%B3%E3%82%B9,,野村マイクロ・サイエンス,2026-08-15T07:57:18Z,Wikipedia infobox 設立,
E01737,6501,株式会社日立製作所,date_of_establishment,1910,year,wikidata,https://www.wikidata.org/wiki/Q53238,Q53238,,2026-08-15T07:57:14Z,Wikidata P571,
E01739,6503,三菱電機株式会社,date_of_establishment,1921,year,wikidata,https://www.wikidata.org/wiki/Q53257,Q53257,,2026-08-15T07:57:14Z,Wikidata P571,
E01740,6504,富士電機株式会社,date_of_establishment,1923,year,wikidata,https://www.wikidata.org/wiki/Q498662,Q498662,,2026-08-15T07:57:14Z,Wikidata P571,
E01741,6506,株式会社安川電機,date_of_establishment,1915,year,wikidata,https://www.wikidata.org/wiki/Q2620239,Q2620239,,2026-08-15T07:57:14Z,Wikidata P571,
E01742,6505,東洋電機製造株式会社,date_of_establishment,1918-06-20,date,wikidata,https://www.wikidata.org/wiki/Q11527706,Q11527706,,2026-08-15T07:57:14Z,Wikidata P571,
E01743,6507,シンフォニアテクノロジー株式会社,date_of_establishment,1949-08-18,date,wikidata,https://www.wikidata.org/wiki/Q11308673,Q11308673,,2026-08-15T07:57:14Z,Wikidata P571,
E01744,6508,株式会社明電舎,date_of_establishment,1917-06-01,date,wikidata,https://www.wikidata.org/wiki/Q6809967,Q6809967,,2026-08-15T07:57:14Z,Wikidata P571,
E01747,6643,株式会社戸上電機製作所,date_of_establishment,1925-03-12,date,wikidata,https://www.wikidata.org/wiki/Q11496204,Q11496204,,2026-08-15T07:57:14Z,Wikidata P571,
E01748,6623,愛知電機株式会社,date_of_establishment,1942-05-27,date,wikidata,https://www.wikidata.org/wiki/Q11494849,Q11494849,,2026-08-15T07:57:14Z,Wikidata P571,
E01750,6622,株式会社ダイヘン,date_of_establishment,1919-12-01,date,wikidata,https://www.wikidata.org/wiki/Q11316955,Q11316955,,2026-08-15T07:57:14Z,Wikidata P571,
E01751,6513,株式会社オリジン,date_of_establishment,1938-05-01,date,wikidata,https://www.wikidata.org/wiki/Q17226191,Q17226191,,2026-08-15T07:57:14Z,Wikidata P571,
E01752,6644,大崎電気工業株式会社,date_of_establishment,1937-01-26,date,wikidata,https://www.wikidata.org/wiki/Q11435077,Q11435077,,2026-08-15T07:57:14Z,Wikidata P571,
E01754,6648,株式会社かわでん,date_of_establishment,1940-06-20,date,wikidata,https://www.wikidata.org/wiki/Q11264489,Q11264489,,2026-08-15T07:57:14Z,Wikidata P571,
E01755,6645,オムロン株式会社,date_of_establishment,1933,year,wikidata,https://www.wikidata.org/wiki/Q501376,Q501376,,2026-08-15T07:57:14Z,Wikidata P571,
E01757,6590,芝浦メカトロニクス株式会社,date_of_establishment,1939-10-12,date,wikidata,https://www.wikidata.org/wiki/Q11614679,Q11614679,,2026-08-15T07:57:14Z,Wikidata P571,
E01758,6517,デンヨー株式会社,date_of_establishment,1948-07-02,date,wikidata,https://www.wikidata.org/wiki/Q11320908,Q11320908,,2026-08-15T07:57:14Z,Wikidata P571,
E01759,6651,日東工業株式会社,date_of_establishment,1948-11-24,date,wikidata,https://www.wikidata.org/wiki/Q11509513,Q11509513,,2026-08-15T07:57:14Z,Wikidata P571,
E01760,6653,株式会社正興電機製作所,date_of_establishment,1921-05,month,wikidata,https://www.wikidata.org/wiki/Q11545619,Q11545619,,2026-08-15T07:57:14Z,Wikidata P571,
E01761,6333,株式会社ＴＥＩＫＯＫＵ,date_of_establishment,1939-09-12,date,wikidata,https://www.wikidata.org/wiki/Q11481038,Q11481038,,2026-08-15T07:57:14Z,Wikidata P571,
E01764,6637,寺崎電気産業株式会社,date_of_establishment,1980-04-01,date,wikidata,https://www.wikidata.org/wiki/Q4050844,Q4050844,,2026-08-15T07:57:14Z,Wikidata P571,
E01765,6701,日本電気株式会社,date_of_establishment,1899-07-17,date,wikidata,https://www.wikidata.org/wiki/Q219203,Q219203,,2026-08-15T07:57:14Z,Wikidata P571,
E01766,6702,富士通株式会社,date_of_establishment,1935-06-20,date,wikidata,https://www.wikidata.org/wiki/Q186394,Q186394,,2026-08-15T07:57:14Z,Wikidata P571,
E01767,6703,沖電気工業株式会社,date_of_establishment,1881-01,month,wikidata,https://www.wikidata.org/wiki/Q786947,Q786947,,2026-08-15T07:57:14Z,Wikidata P571,
E01769,6741,日本信号株式会社,date_of_establishment,1928-12-27,date,wikidata,https://www.wikidata.org/wiki/Q11086233,Q11086233,,2026-08-15T07:57:14Z,Wikidata P571,
E01770,6742,株式会社京三製作所,date_of_establishment,1917-09-03,date,wikidata,https://www.wikidata.org/wiki/Q11374206,Q11374206,,2026-08-15T07:57:14Z,Wikidata P571,
E01772,6752,パナソニックホールディングス株式会社,date_of_establishment,1918-03-13,date,wikidata,https://www.wikidata.org/wiki/Q53247,Q53247,,2026-08-15T07:57:14Z,Wikidata P571,
E01773,6753,シャープ株式会社,date_of_establishment,1912,year,wikidata,https://www.wikidata.org/wiki/Q53227,Q53227,,2026-08-15T07:57:14Z,Wikidata P571,
E01774,6754,アンリツ株式会社,date_of_establishment,1931,year,wikidata,https://www.wikidata.org/wiki/Q2852426,Q2852426,,2026-08-15T07:57:14Z,Wikidata P571,
E01777,6758,ソニーグループ株式会社,date_of_establishment,1946-05-07,date,wikidata,https://www.wikidata.org/wiki/Q41187,Q41187,,2026-08-15T07:57:14Z,Wikidata P571,
E01780,6762,ＴＤＫ株式会社,date_of_establishment,1935-12-07,date,wikidata,https://www.wikidata.org/wiki/Q855479,Q855479,,2026-08-15T07:57:14Z,Wikidata P571,
E01782,6763,帝国通信工業株式会社,date_of_establishment,1944-08-01,date,wikipedia,https://ja.wikipedia.org/wiki/%E5%B8%9D%E5%9B%BD%E9%80%9A%E4%BF%A1%E5%B7%A5%E6%A5%AD,,帝国通信工業,2026-08-15T07:57:18Z,Wikipedia infobox 設立,
E01786,6768,株式会社タムラ製作所,date_of_establishment,1939-11-21,date,wikidata,https://www.wikidata.org/wiki/Q11316348,Q11316348,,2026-08-15T07:57:14Z,Wikidata P571,
E01790,6707,サンケン電気株式会社,date_of_establishment,1946-09-05,date,wikidata,https://www.wikidata.org/wiki/Q11305549,Q11305549,,2026-08-15T07:57:14Z,Wikidata P571,
E01793,6770,アルプスアルパイン株式会社,date_of_establishment,1948-11-01,date,wikidata,https://www.wikidata.org/wiki/Q1611033,Q1611033,,2026-08-15T07:57:14Z,Wikidata P571,
E01795,6775,株式会社ＴＢグループ,date_of_establishment,1946-11-06,date,wikidata,https://www.wikidata.org/wiki/Q96323590,Q96323590,,2026-08-15T07:57:14Z,Wikidata P571,
E01797,6794,フォスター電機株式会社,date_of_establishment,1973,year,wikidata,https://www.wikidata.org/wiki/Q1439493,Q1439493,,2026-08-15T07:57:14Z,Wikidata P571,
E01798,6848,東亜ディーケーケー株式会社,date_of_establishment,1944-09-19,date,wikidata,https://www.wikidata.org/wiki/Q11523939,Q11523939,,2026-08-15T07:57:14Z,Wikidata P571,
E01802,6745,ホーチキ株式会社,date_of_establishment,1918-04-02,date,wikidata,https://www.wikidata.org/wiki/Q11338360,Q11338360,,2026-08-15T07:57:14Z,Wikidata P571,
E01803,6744,能美防災株式会社,date_of_establishment,1944-05-05,date,wikidata,https://www.wikidata.org/wiki/Q11612064,Q11612064,,2026-08-15T07:57:14Z,Wikidata P571,
E01805,6798,ＳＭＫ株式会社,date_of_establishment,1929-01-15,date,wikidata,https://www.wikidata.org/wiki/Q11243716,Q11243716,,2026-08-15T07:57:14Z,Wikidata P571,
E01806,6516,山洋電気株式会社,date_of_establishment,1936-12-31,date,wikidata,https://www.wikidata.org/wiki/Q11469986,Q11469986,,2026-08-15T07:57:14Z,Wikidata P571,
E01807,6779,日本電波工業株式会社,date_of_establishment,1948,year,wikidata,https://www.wikidata.org/wiki/Q11509382,Q11509382,,2026-08-15T07:57:14Z,Wikidata P571,
E01808,6800,株式会社ヨコオ,date_of_establishment,1951-06-14,date,wikidata,https://www.wikidata.org/wiki/Q11346016,Q11346016,,2026-08-15T07:57:14Z,Wikidata P571,
E01811,6772,東京コスモス電機株式会社,date_of_establishment,1957-04,month,wikidata,https://www.wikidata.org/wiki/Q11524139,Q11524139,,2026-08-15T07:57:14Z,Wikidata P571,
E01815,6804,ホシデン株式会社,date_of_establishment,1950-09-14,date,wikidata,https://www.wikidata.org/wiki/Q1630389,Q1630389,,2026-08-15T07:57:14Z,Wikidata P571,
E01816,6743,大同信号株式会社,date_of_establishment,1949-12-20,date,wikidata,https://www.wikidata.org/wiki/Q11433322,Q11433322,,2026-08-15T07:57:14Z,Wikidata P571,
E01817,6989,北陸電気工業株式会社,date_of_establishment,1943-04-04,date,wikidata,https://www.wikidata.org/wiki/Q11404489,Q11404489,,2026-08-15T07:57:14Z,Wikidata P571,
E01819,6771,池上通信機株式会社,date_of_establishment,1948-02-21,date,wikidata,https://www.wikidata.org/wiki/Q282090,Q282090,,2026-08-15T07:57:14Z,Wikidata P571,
E01821,6882,株式会社三社電機製作所,date_of_establishment,1948-04-28,date,wikidata,https://www.wikidata.org/wiki/Q96323593,Q96323593,,2026-08-15T07:57:14Z,Wikidata P571,
E01824,6976,太陽誘電株式会社,date_of_establishment,1950,year,wikidata,https://www.wikidata.org/wiki/Q1141882,Q1141882,,2026-08-15T07:57:14Z,Wikidata P571,
E01828,6807,日本航空電子工業株式会社,date_of_establishment,1953,year,wikidata,https://www.wikidata.org/wiki/Q6156517,Q6156517,,2026-08-15T07:57:14Z,Wikidata P571,
E01831,6809,ＴＯＡ株式会社,date_of_establishment,1949-04-20,date,wikidata,https://www.wikidata.org/wiki/Q4204767,Q4204767,,2026-08-15T07:57:14Z,Wikidata P571,
E01834,7944,ローランド株式会社,date_of_establishment,1972-04-18,date,wikidata,https://www.wikidata.org/wiki/Q848490,Q848490,,2026-08-15T07:57:14Z,Wikidata P571,
E01839,6814,古野電気株式会社,date_of_establishment,1951-05-23,date,wikidata,https://www.wikidata.org/wiki/Q1475219,Q1475219,,2026-08-15T07:57:14Z,Wikidata P571,
E01841,6986,双葉電子工業株式会社,date_of_establishment,1948-02-03,date,wikidata,https://www.wikidata.org/wiki/Q632949,Q632949,,2026-08-15T07:57:14Z,Wikidata P571,
E01842,6823,リオン株式会社,date_of_establishment,1944-06-21,date,wikidata,https://www.wikidata.org/wiki/Q11347860,Q11347860,,2026-08-15T07:57:14Z,Wikidata P571,
E01847,6864,株式会社エヌエフホールディングス,date_of_establishment,1963-08-23,date,wikidata,https://www.wikidata.org/wiki/Q11290401,Q11290401,,2026-08-15T07:57:14Z,Wikidata P571,
E01849,6718,アイホン株式会社,date_of_establishment,1959-03-16,date,wikidata,https://www.wikidata.org/wiki/Q11282411,Q11282411,,2026-08-15T07:57:14Z,Wikidata P571,
E01850,6820,アイコム株式会社,date_of_establishment,1954,year,wikidata,https://www.wikidata.org/wiki/Q1207071,Q1207071,,2026-08-15T07:57:14Z,Wikidata P571,
E01855,1832,株式会社北海電工,date_of_establishment,1944-10-01,date,wikidata,https://www.wikidata.org/wiki/Q11403739,Q11403739,,2026-08-15T07:57:14Z,Wikidata P571,
E01856,6905,コーセル株式会社,date_of_establishment,1969-07-26,date,wikidata,https://www.wikidata.org/wiki/Q11303343,Q11303343,,2026-08-15T07:57:14Z,Wikidata P571,
E01857,6904,原田工業株式会社,date_of_establishment,1958-03-29,date,wikidata,https://www.wikidata.org/wiki/Q48762234,Q48762234,,2026-08-15T07:57:14Z,Wikidata P571,
E01859,6822,大井電気株式会社,date_of_establishment,1950-01-07,date,wikipedia,https://ja.wikipedia.org/wiki/%E5%A4%A7%E4%BA%95%E9%9B%BB%E6%B0%97,,大井電気,2026-08-15T08:40:44Z,Wikipedia infobox 設立,
E01864,6838,株式会社多摩川ホールディングス,date_of_establishment,1968-11-04,date,wikidata,https://www.wikidata.org/wiki/Q11430736,Q11430736,,2026-08-15T07:57:14Z,Wikidata P571,
E01867,6835,アライドテレシスホールディングス株式会社,date_of_establishment,1987,year,wikidata,https://www.wikidata.org/wiki/Q4654699,Q4654699,,2026-08-15T07:57:14Z,Wikidata P571,
E01870,6777,ｓａｎｔｅｃ　Ｈｏｌｄｉｎｇｓ株式会社,date_of_establishment,1979-08-25,date,wikidata,https://www.wikidata.org/wiki/Q11245510,Q11245510,,2026-08-15T07:57:14Z,Wikidata P571,
E01873,6724,セイコーエプソン株式会社,date_of_establishment,1881,year,wikidata,https://www.wikidata.org/wiki/Q159614,Q159614,,2026-08-15T07:57:14Z,Wikidata P571,
E01874,6675,サクサ株式会社,date_of_establishment,2004-02-02,date,wikidata,https://www.wikidata.org/wiki/Q11304455,Q11304455,,2026-08-15T07:57:14Z,Wikidata P571,
E01875,6659,株式会社メディアリンクス,date_of_establishment,2010-02,month,wikidata,https://www.wikidata.org/wiki/Q21019719,Q21019719,,2026-08-15T08:40:42Z,Wikidata P571,
E01878,6841,横河電機株式会社,date_of_establishment,1915,year,wikidata,https://www.wikidata.org/wiki/Q1779684,Q1779684,,2026-08-15T07:57:14Z,Wikidata P571,
E01879,6845,アズビル株式会社,date_of_establishment,1949-08-22,date,wikidata,https://www.wikidata.org/wiki/Q11283600,Q11283600,,2026-08-15T07:57:14Z,Wikidata P571,
E01880,6923,スタンレー電気株式会社,date_of_establishment,1920,year,wikidata,https://www.wikidata.org/wiki/Q11311968,Q11311968,,2026-08-15T07:57:14Z,Wikidata P571,
E01884,6588,東芝テック株式会社,date_of_establishment,1950-02-07,date,wikidata,https://www.wikidata.org/wiki/Q2445268,Q2445268,,2026-08-15T07:57:14Z,Wikidata P571,
E01887,6844,新電元工業株式会社,date_of_establishment,1949-08-16,date,wikidata,https://www.wikidata.org/wiki/Q17217776,Q17217776,,2026-08-15T07:57:14Z,Wikidata P571,
E01888,6988,日東電工株式会社,date_of_establishment,1918,year,wikidata,https://www.wikidata.org/wiki/Q763637,Q763637,,2026-08-15T07:57:14Z,Wikidata P571,
E01892,6902,株式会社デンソー,date_of_establishment,1949,year,wikidata,https://www.wikidata.org/wiki/Q176508,Q176508,,2026-08-15T07:57:14Z,Wikidata P571,
E01896,6955,ＦＤＫ株式会社,date_of_establishment,1950-02,month,wikidata,https://www.wikidata.org/wiki/Q11199029,Q11199029,,2026-08-15T07:57:14Z,Wikidata P571,
E01897,6706,電気興業株式会社,date_of_establishment,1950-06-01,date,wikidata,https://www.wikidata.org/wiki/Q11660436,Q11660436,,2026-08-15T07:57:14Z,Wikidata P571,
E01898,6995,株式会社東海理化電機製作所,date_of_establishment,1948-08-30,date,wikidata,https://www.wikidata.org/wiki/Q4981353,Q4981353,,2026-08-15T07:57:14Z,Wikidata P571,
E01899,6994,株式会社指月電機製作所,date_of_establishment,1947-09-01,date,wikidata,https://www.wikidata.org/wiki/Q11498018,Q11498018,,2026-08-15T07:57:14Z,Wikidata P571,
E01901,6856,株式会社堀場製作所,date_of_establishment,1945,year,wikidata,https://www.wikidata.org/wiki/Q176572,Q176572,,2026-08-15T07:57:14Z,Wikidata P571,
E01902,6999,ＫＯＡ株式会社,date_of_establishment,1940,year,wikidata,https://www.wikidata.org/wiki/Q1718868,Q1718868,,2026-08-15T07:57:14Z,Wikidata P571,
E01903,6849,日本光電工業株式会社,date_of_establishment,1951,year,wikidata,https://www.wikidata.org/wiki/Q11507280,Q11507280,,2026-08-15T07:57:14Z,Wikidata P571,
E01904,6996,ニチコン株式会社,date_of_establishment,1950,year,wikidata,https://www.wikidata.org/wiki/Q7024819,Q7024819,,2026-08-15T07:57:14Z,Wikidata P571,
E01905,6951,日本電子株式会社,date_of_establishment,1949,year,wikidata,https://www.wikidata.org/wiki/Q1137879,Q1137879,,2026-08-15T07:57:14Z,Wikidata P571,
E01906,6977,株式会社日本抵抗器製作所,date_of_establishment,1943-05-21,date,wikidata,https://www.wikidata.org/wiki/Q11508137,Q11508137,,2026-08-15T07:57:14Z,Wikidata P571,
E01907,6998,日本タングステン株式会社,date_of_establishment,1931-04-01,date,wikidata,https://www.wikidata.org/wiki/Q11506584,Q11506584,,2026-08-15T07:57:14Z,Wikidata P571,
E01909,6407,ＣＫＤ株式会社,date_of_establishment,1943-04-02,date,wikidata,https://www.wikidata.org/wiki/Q11308784,Q11308784,,2026-08-15T07:57:14Z,Wikidata P571,
E01912,6647,森尾電機株式会社,date_of_establishment,1936-12-25,date,wikidata,https://www.wikidata.org/wiki/Q11539454,Q11539454,,2026-08-15T07:57:14Z,Wikidata P571,
E01913,6444,サンデン株式会社,date_of_establishment,1943-07-30,date,wikidata,https://www.wikidata.org/wiki/Q2220571,Q2220571,,2026-08-15T07:57:14Z,Wikidata P571,
E01914,6981,株式会社村田製作所,date_of_establishment,1944-10,month,wikidata,https://www.wikidata.org/wiki/Q613325,Q613325,,2026-08-15T07:57:14Z,Wikidata P571,
E01920,6586,株式会社マキタ,date_of_establishment,1915,year,wikidata,https://www.wikidata.org/wiki/Q691508,Q691508,,2026-08-15T07:57:14Z,Wikidata P571,
E01921,6853,株式会社共和電業,date_of_establishment,1949-06-28,date,wikidata,https://www.wikidata.org/wiki/Q11392693,Q11392693,,2026-08-15T07:57:14Z,Wikidata P571,
E01926,6997,日本ケミコン株式会社,date_of_establishment,1931-08-08,date,wikidata,https://www.wikidata.org/wiki/Q7039614,Q7039614,,2026-08-15T07:57:14Z,Wikidata P571,
E01928,6926,岡谷電機産業株式会社,date_of_establishment,1939-04-11,date,wikidata,https://www.wikidata.org/wiki/Q11473791,Q11473791,,2026-08-15T07:57:14Z,Wikidata P571,
E01929,6925,ウシオ電機株式会社,date_of_establishment,1964-03-23,date,wikidata,https://www.wikidata.org/wiki/Q11288886,Q11288886,,2026-08-15T07:57:14Z,Wikidata P571,
E01930,6144,西部電機株式会社,date_of_establishment,1939-02-01,date,wikidata,https://www.wikidata.org/wiki/Q11629644,Q11629644,,2026-08-15T07:57:14Z,Wikidata P571,
E01932,6803,ティアック株式会社,date_of_establishment,1953,year,wikidata,https://www.wikidata.org/wiki/Q1549408,Q1549408,,2026-08-15T07:57:14Z,Wikidata P571,
E01933,6969,松尾電機株式会社,date_of_establishment,1949-12-12,date,wikipedia,https://ja.wikipedia.org/wiki/%E6%9D%BE%E5%B0%BE%E9%9B%BB%E6%A9%9F,,松尾電機,2026-08-15T07:57:18Z,Wikipedia infobox 設立,
E01935,6952,カシオ計算機株式会社,date_of_establishment,1957,year,wikidata,https://www.wikidata.org/wiki/Q217338,Q217338,,2026-08-15T07:57:14Z,Wikidata P571,
E01939,6806,ヒロセ電機株式会社,date_of_establishment,1937-08-15,date,wikidata,https://www.wikidata.org/wiki/Q1417614,Q1417614,,2026-08-15T07:57:14Z,Wikidata P571,
E01940,6846,株式会社中央製作所,date_of_establishment,1936-04-27,date,wikidata,https://www.wikidata.org/wiki/Q11363782,Q11363782,,2026-08-15T07:57:14Z,Wikidata P571,
E01944,6592,マブチモーター株式会社,date_of_establishment,1954,year,wikidata,https://www.wikidata.org/wiki/Q1513300,Q1513300,,2026-08-15T07:57:14Z,Wikidata P571,
E01946,6954,ファナック株式会社,date_of_establishment,1956,year,wikidata,https://www.wikidata.org/wiki/Q212116,Q212116,,2026-08-15T07:57:14Z,Wikidata P571,
E01947,6810,マクセル株式会社,date_of_establishment,1960,year,wikidata,https://www.wikidata.org/wiki/Q1913796,Q1913796,,2026-08-15T07:57:14Z,Wikidata P571,
E01950,6857,株式会社アドバンテスト,date_of_establishment,1954-12-02,date,wikidata,https://www.wikidata.org/wiki/Q2722179,Q2722179,,2026-08-15T07:57:14Z,Wikidata P571,
E01951,6652,ＩＤＥＣ株式会社,date_of_establishment,1945,year,wikidata,https://www.wikidata.org/wiki/Q5969993,Q5969993,,2026-08-15T07:57:14Z,Wikidata P571,
E01952,6962,株式会社大真空,date_of_establishment,1963-05-08,date,wikidata,https://www.wikidata.org/wiki/Q17228540,Q17228540,,2026-08-15T07:57:14Z,Wikidata P571,
E01953,6963,ローム株式会社,date_of_establishment,1958,year,wikidata,https://www.wikidata.org/wiki/Q1192667,Q1192667,,2026-08-15T07:57:14Z,Wikidata P571,
E01954,6964,株式会社サンコー,date_of_establishment,1963-09-02,date,wikidata,https://www.wikidata.org/wiki/Q11305559,Q11305559,,2026-08-15T07:57:14Z,Wikidata P571,
E01955,6965,浜松ホトニクス株式会社,date_of_establishment,1953-09-29,date,wikidata,https://www.wikidata.org/wiki/Q5644023,Q5644023,,2026-08-15T07:57:14Z,Wikidata P571,
E01956,9766,コナミグループ株式会社,date_of_establishment,1969-03-21,date,wikidata,https://www.wikidata.org/wiki/Q45700,Q45700,,2026-08-15T07:57:14Z,Wikidata P571,
E01959,6958,日本シイエムケイ株式会社,date_of_establishment,1985-07-25,date,wikidata,https://www.wikidata.org/wiki/Q11506492,Q11506492,,2026-08-15T07:57:14Z,Wikidata P571,
E01961,6459,だいわ株式会社,date_of_establishment,1962-11-28,date,wikidata,https://www.wikidata.org/wiki/Q11433415,Q11433415,,2026-08-15T07:57:14Z,Wikidata P571,
E01966,6947,株式会社図研,date_of_establishment,1976,year,wikidata,https://www.wikidata.org/wiki/Q8075081,Q8075081,,2026-08-15T07:57:14Z,Wikidata P571,
E01967,6861,株式会社キーエンス,date_of_establishment,1974-05-27,date,wikidata,https://www.wikidata.org/wiki/Q1475699,Q1475699,,2026-08-15T07:57:14Z,Wikidata P571,
E01968,6946,日本アビオニクス株式会社,date_of_establishment,1960-04-08,date,wikidata,https://www.wikidata.org/wiki/Q11506227,Q11506227,,2026-08-15T07:57:14Z,Wikidata P571,
E01974,6943,ＮＫＫスイッチズ株式会社,date_of_establishment,1953,year,wikidata,https://www.wikidata.org/wiki/Q11509331,Q11509331,,2026-08-15T07:57:14Z,Wikidata P571,
E01975,6594,ニデック株式会社,date_of_establishment,1973-07-23,date,wikidata,https://www.wikidata.org/wiki/Q3341241,Q3341241,,2026-08-15T07:57:14Z,Wikidata P571,
E01977,6862,ミナトホールディングス株式会社,date_of_establishment,1956-12-17,date,wikidata,https://www.wikidata.org/wiki/Q11342342,Q11342342,,2026-08-15T07:57:14Z,Wikidata P571,
E01978,6942,株式会社ソフィアホールディングス,date_of_establishment,1975-08-11,date,wikidata,https://www.wikidata.org/wiki/Q11315238,Q11315238,,2026-08-15T07:57:14Z,Wikidata P571,
E01981,6145,ＮＩＴＴＯＫＵ株式会社,date_of_establishment,1972-09-28,date,wikidata,https://www.wikidata.org/wiki/Q11509682,Q11509682,,2026-08-15T07:57:14Z,Wikidata P571,
E01984,6748,星和電機株式会社,date_of_establishment,1949-01-18,date,wikidata,https://www.wikidata.org/wiki/Q11512838,Q11512838,,2026-08-15T07:57:14Z,Wikidata P571,
E01986,6932,株式会社遠藤照明,date_of_establishment,1972-08-25,date,wikidata,https://www.wikidata.org/wiki/Q11642289,Q11642289,,2026-08-15T07:57:14Z,Wikidata P571,
E01987,6819,伊豆シャボテンリゾート株式会社,date_of_establishment,1976-01-24,date,wikidata,https://www.wikidata.org/wiki/Q11315490,Q11315490,,2026-08-15T07:57:14Z,Wikidata P571,
E01988,6929,日本セラミック株式会社,date_of_establishment,1975-06-28,date,wikidata,https://www.wikidata.org/wiki/Q11506562,Q11506562,,2026-08-15T07:57:14Z,Wikidata P571,
E01989,6928,株式会社エノモト,date_of_establishment,1967-04,month,wikidata,https://www.wikidata.org/wiki/Q27017096,Q27017096,,2026-08-15T07:57:14Z,Wikidata P571,
E01991,6920,レーザーテック株式会社,date_of_establishment,1962-08-13,date,wikipedia,https://ja.wikipedia.org/wiki/%E3%83%AC%E3%83%BC%E3%82%B6%E3%83%BC%E3%83%86%E3%83%83%E3%82%AF,,レーザーテック,2026-08-15T07:57:18Z,Wikipedia infobox 設立,
E01992,6919,ケル株式会社,date_of_establishment,1962-07-23,date,wikidata,https://www.wikidata.org/wiki/Q11301219,Q11301219,,2026-08-15T07:57:14Z,Wikidata P571,
E01993,6918,株式会社アバールデータ,date_of_establishment,1959-08-22,date,wikidata,https://www.wikidata.org/wiki/Q22125137,Q22125137,,2026-08-15T07:57:14Z,Wikidata P571,
E01995,6915,千代田インテグレ株式会社,date_of_establishment,1955-09-01,date,wikidata,https://www.wikidata.org/wiki/Q11405276,Q11405276,,2026-08-15T07:57:14Z,Wikidata P571,
E01998,6914,オプテックスグループ株式会社,date_of_establishment,1979-05-25,date,wikidata,https://www.wikidata.org/wiki/Q28691410,Q28691410,,2026-08-15T07:57:14Z,Wikidata P571,
E01999,6866,日置電機株式会社,date_of_establishment,1935,year,wikidata,https://www.wikidata.org/wiki/Q11510261,Q11510261,,2026-08-15T07:57:14Z,Wikidata P571,
E02002,7931,未来工業株式会社,date_of_establishment,1965-08-17,date,wikidata,https://www.wikidata.org/wiki/Q11519565,Q11519565,,2026-08-15T07:57:14Z,Wikidata P571,
E02004,6912,菊水ホールディングス株式会社,date_of_establishment,1951-08-08,date,wikidata,https://www.wikidata.org/wiki/Q11619693,Q11619693,,2026-08-15T07:57:14Z,Wikidata P571,
E02006,6420,ガリレイホールディングス株式会社,date_of_establishment,1951-12-08,date,wikidata,https://www.wikidata.org/wiki/Q11593079,Q11593079,,2026-08-15T07:57:14Z,Wikidata P571,
E02009,6908,イリソ電子工業株式会社,date_of_establishment,1966-12-16,date,wikidata,https://www.wikidata.org/wiki/Q17193633,Q17193633,,2026-08-15T07:57:14Z,Wikidata P571,
E02011,7435,株式会社ナ・デックス,date_of_establishment,1950-10-03,date,wikidata,https://www.wikidata.org/wiki/Q11324140,Q11324140,,2026-08-15T07:57:14Z,Wikidata P571,
E02013,6899,ＡＳＴＩ株式会社,date_of_establishment,1963-05-10,date,wikidata,https://www.wikidata.org/wiki/Q11189664,Q11189664,,2026-08-15T07:57:14Z,Wikidata P571,
E02015,6869,シスメックス株式会社,date_of_establishment,1968-02-20,date,wikidata,https://www.wikidata.org/wiki/Q7663566,Q7663566,,2026-08-15T07:57:14Z,Wikidata P571,
E02016,6898,トミタ電機株式会社,date_of_establishment,1960-02-05,date,wikidata,https://www.wikidata.org/wiki/Q11321426,Q11321426,,2026-08-15T07:57:14Z,Wikidata P571,
E02017,6897,株式会社ツインバード,date_of_establishment,1951,year,wikidata,https://www.wikidata.org/wiki/Q7858353,Q7858353,,2026-08-15T07:57:14Z,Wikidata P571,
E02021,6894,パルステック工業株式会社,date_of_establishment,1969-11-01,date,wikidata,https://www.wikidata.org/wiki/Q11329437,Q11329437,,2026-08-15T07:57:14Z,Wikidata P571,
E02024,6890,株式会社フェローテック,date_of_establishment,1980-09-27,date,wikipedia,https://ja.wikipedia.org/wiki/%E3%83%95%E3%82%A7%E3%83%AD%E3%83%BC%E3%83%86%E3%83%83%E3%82%AF,,フェローテック,2026-08-15T07:57:18Z,Wikipedia infobox 設立,
E02025,6424,株式会社高見沢サイバネティックス,date_of_establishment,1969-10-01,date,wikidata,https://www.wikidata.org/wiki/Q11672819,Q11672819,,2026-08-15T07:57:14Z,Wikidata P571,
E02027,6824,新コスモス電機株式会社,date_of_establishment,1960-06-15,date,wikidata,https://www.wikidata.org/wiki/Q11500956,Q11500956,,2026-08-15T07:57:14Z,Wikidata P571,
E02028,6655,東洋電機株式会社,date_of_establishment,1947-07-31,date,wikidata,https://www.wikidata.org/wiki/Q11527703,Q11527703,,2026-08-15T07:57:14Z,Wikidata P571,
E02030,6871,株式会社日本マイクロニクス,date_of_establishment,1970-11-02,date,wikidata,https://www.wikidata.org/wiki/Q128790905,Q128790905,,2026-08-15T07:57:14Z,Wikidata P571,
E02039,6874,協立電機株式会社,date_of_establishment,1959,year,wikidata,https://www.wikidata.org/wiki/Q140908391,Q140908391,,2026-08-15T08:40:42Z,Wikidata P571,
E02042,6875,株式会社メガチップス,date_of_establishment,1967-01-27,date,wikidata,https://www.wikidata.org/wiki/Q11343487,Q11343487,,2026-08-15T07:57:14Z,Wikidata P571,
E02043,6855,日本電子材料株式会社,date_of_establishment,1960-04-06,date,wikidata,https://www.wikidata.org/wiki/Q11509368,Q11509368,,2026-08-15T07:57:14Z,Wikidata P571,
E02045,6840,株式会社ＡＫＩＢＡホールディングス,date_of_establishment,1968-12-12,date,wikidata,https://www.wikidata.org/wiki/Q22123144,Q22123144,,2026-08-15T07:57:14Z,Wikidata P571,
E02046,7859,株式会社アルメディオ,date_of_establishment,1981-05-18,date,wikidata,https://www.wikidata.org/wiki/Q17192352,Q17192352,,2026-08-15T07:57:14Z,Wikidata P571,
E02047,6336,株式会社石井表記,date_of_establishment,1973-04-09,date,wikidata,https://www.wikidata.org/wiki/Q11585097,Q11585097,,2026-08-15T07:57:14Z,Wikidata P571,
E02048,6837,株式会社京写,date_of_establishment,1959-02-14,date,wikidata,https://www.wikidata.org/wiki/Q11374232,Q11374232,,2026-08-15T07:57:14Z,Wikidata P571,
E02049,6337,株式会社テセック,date_of_establishment,1969-12-22,date,wikidata,https://www.wikidata.org/wiki/Q18337419,Q18337419,,2026-08-15T07:57:14Z,Wikidata P571,
E02051,6832,アオイ電子株式会社,date_of_establishment,1962-10-19,date,wikidata,https://www.wikidata.org/wiki/Q17190847,Q17190847,,2026-08-15T07:57:14Z,Wikidata P571,
E02055,6797,名古屋電機工業株式会社,date_of_establishment,1958-05-17,date,wikidata,https://www.wikidata.org/wiki/Q11415287,Q11415287,,2026-08-15T07:57:14Z,Wikidata P571,
E02056,6787,株式会社メイコー,date_of_establishment,1975-11-25,date,wikidata,https://www.wikidata.org/wiki/Q30088072,Q30088072,,2026-08-15T07:57:14Z,Wikidata P571,
E02057,6786,株式会社ＲＶＨ,date_of_establishment,1996-07-01,date,wikidata,https://www.wikidata.org/wiki/Q22128080,Q22128080,,2026-08-15T07:57:14Z,Wikidata P571,
E02058,6785,株式会社鈴木,date_of_establishment,1974-07-01,date,wikidata,https://www.wikidata.org/wiki/Q11648402,Q11648402,,2026-08-15T07:57:14Z,Wikidata P571,
E02059,6727,株式会社ワコム,date_of_establishment,1983-07-12,date,wikidata,https://www.wikidata.org/wiki/Q1044773,Q1044773,,2026-08-15T07:57:14Z,Wikidata P571,
E02060,6387,サムコ　株式会社,date_of_establishment,1979,year,wikidata,https://www.wikidata.org/wiki/Q17053973,Q17053973,,2026-08-15T07:57:14Z,Wikidata P571,
E02062,6769,ザインエレクトロニクス株式会社,date_of_establishment,1992-06-23,date,wikidata,https://www.wikidata.org/wiki/Q11306317,Q11306317,,2026-08-15T07:57:14Z,Wikidata P571,
E02065,6757,株式会社ＯＳＧコーポレーション,date_of_establishment,1970-08-29,date,wikidata,https://www.wikidata.org/wiki/Q11237595,Q11237595,,2026-08-15T07:57:14Z,Wikidata P571,
E02066,6750,エレコム株式会社,date_of_establishment,1986-05-28,date,wikidata,https://www.wikidata.org/wiki/Q5354491,Q5354491,,2026-08-15T07:57:14Z,Wikidata P571,
E02069,6737,ＥＩＺＯ株式会社,date_of_establishment,1968-03,month,wikidata,https://www.wikidata.org/wiki/Q592182,Q592182,,2026-08-15T07:57:14Z,Wikidata P571,
E02070,6736,サン電子株式会社,date_of_establishment,1978,year,wikidata,https://www.wikidata.org/wiki/Q2298387,Q2298387,,2026-08-15T07:57:14Z,Wikidata P571,
E02073,6430,ダイコク電機株式会社,date_of_establishment,1973-07-05,date,wikidata,https://www.wikidata.org/wiki/Q11316755,Q11316755,,2026-08-15T07:57:14Z,Wikidata P571,
E02075,6731,株式会社ピクセラ,date_of_establishment,1982,year,wikidata,https://www.wikidata.org/wiki/Q7199722,Q7199722,,2026-08-15T07:57:14Z,Wikidata P571,
E02076,6927,ヘリオス　テクノ　ホールディング株式会社,date_of_establishment,1976-10-05,date,wikidata,https://www.wikidata.org/wiki/Q11336610,Q11336610,,2026-08-15T07:57:14Z,Wikidata P571,
E02077,6730,株式会社アクセル,date_of_establishment,1996-02-01,date,wikidata,https://www.wikidata.org/wiki/Q11282962,Q11282962,,2026-08-15T07:57:14Z,Wikidata P571,
E02081,6723,ルネサスエレクトロニクス株式会社,date_of_establishment,2010,year,wikidata,https://www.wikidata.org/wiki/Q1196269,Q1196269,,2026-08-15T07:57:14Z,Wikidata P571,
E02083,6721,ウインテスト株式会社,date_of_establishment,1993-08-01,date,wikidata,https://www.wikidata.org/wiki/Q11288428,Q11288428,,2026-08-15T07:57:14Z,Wikidata P571,
E02086,6676,株式会社バッファロー,date_of_establishment,1975,year,wikidata,https://www.wikidata.org/wiki/Q1001931,Q1001931,,2026-08-15T07:57:14Z,Wikidata P571,
E02089,6674,株式会社　ジーエス・ユアサ　コーポレーション,date_of_establishment,2004,year,wikidata,https://www.wikidata.org/wiki/Q931156,Q931156,,2026-08-15T07:57:14Z,Wikidata P571,
E02093,6666,リバーエレテック株式会社,date_of_establishment,1951-03-09,date,wikidata,https://www.wikidata.org/wiki/Q11348294,Q11348294,,2026-08-15T07:57:14Z,Wikidata P571,
E02095,6664,株式会社オプトエレクトロニクス,date_of_establishment,1976-12-10,date,wikidata,https://www.wikidata.org/wiki/Q11292335,Q11292335,,2026-08-15T07:57:14Z,Wikidata P571,
E02097,6663,太洋テクノレックス株式会社,date_of_establishment,1960-12-02,date,wikidata,https://www.wikidata.org/wiki/Q11444049,Q11444049,,2026-08-15T07:57:14Z,Wikidata P571,
E02103,3436,株式会社ＳＵＭＣＯ,date_of_establishment,1999,year,wikidata,https://www.wikidata.org/wiki/Q2208172,Q2208172,,2026-08-15T07:57:14Z,Wikidata P571,
E02105,7213,レシップホールディングス株式会社,date_of_establishment,1953-03-19,date,wikidata,https://www.wikidata.org/wiki/Q11349563,Q11349563,,2026-08-15T07:57:14Z,Wikidata P571,
E02109,6658,シライ電子工業株式会社,date_of_establishment,1970,year,wikipedia,https://ja.wikipedia.org/wiki/%E3%82%B7%E3%83%A9%E3%82%A4%E9%9B%BB%E5%AD%90%E5%B7%A5%E6%A5%AD,,シライ電子工業,2026-08-15T08:40:44Z,Wikipedia infobox 設立,
E02114,6638,株式会社ミマキエンジニアリング,date_of_establishment,1975-08,month,wikidata,https://www.wikidata.org/wiki/Q11342505,Q11342505,,2026-08-15T07:57:14Z,Wikidata P571,
E02116,6635,株式会社大日光・エンジニアリング,date_of_establishment,1979-09-17,date,wikidata,https://www.wikidata.org/wiki/Q139827111,Q139827111,,2026-08-15T07:57:14Z,Wikidata P571,
E02121,3441,株式会社山王,date_of_establishment,1958-08,month,wikidata,https://www.wikidata.org/wiki/Q38277832,Q38277832,,2026-08-15T07:57:14Z,Wikidata P571,
E02123,7003,株式会社三井Ｅ＆Ｓ,date_of_establishment,1917-11-14,date,wikidata,https://www.wikidata.org/wiki/Q6883239,Q6883239,,2026-08-15T07:57:14Z,Wikidata P571,
E02124,7004,カナデビア株式会社,date_of_establishment,1881,year,wikidata,https://www.wikidata.org/wiki/Q5871699,Q5871699,,2026-08-15T07:57:14Z,Wikidata P571,
E02126,7011,三菱重工業株式会社,date_of_establishment,1934,year,wikidata,https://www.wikidata.org/wiki/Q648280,Q648280,,2026-08-15T07:57:14Z,Wikidata P571,
E02127,7012,川崎重工業株式会社,date_of_establishment,1969,year,wikidata,https://www.wikidata.org/wiki/Q748148,Q748148,,2026-08-15T07:57:14Z,Wikidata P571,
E02128,7013,株式会社ＩＨＩ,date_of_establishment,1853-12-05,date,wikidata,https://www.wikidata.org/wiki/Q1653679,Q1653679,,2026-08-15T07:57:14Z,Wikidata P571,
E02129,7014,株式会社名村造船所,date_of_establishment,1931-04-13,date,wikidata,https://www.wikidata.org/wiki/Q11415470,Q11415470,,2026-08-15T07:57:14Z,Wikidata P571,
E02131,7018,内海造船株式会社,date_of_establishment,1944-11-22,date,wikidata,https://www.wikidata.org/wiki/Q11394144,Q11394144,,2026-08-15T07:57:14Z,Wikidata P571,
E02134,7102,日本車輌製造株式会社,date_of_establishment,1896-09-18,date,wikidata,https://www.wikidata.org/wiki/Q682174,Q682174,,2026-08-15T07:57:14Z,Wikidata P571,
E02138,7122,近畿車輛株式会社,date_of_establishment,1920,year,wikidata,https://www.wikidata.org/wiki/Q1592306,Q1592306,,2026-08-15T07:57:14Z,Wikidata P571,
E02140,7276,株式会社小糸製作所,date_of_establishment,1915,year,wikidata,https://www.wikidata.org/wiki/Q11463459,Q11463459,,2026-08-15T07:57:14Z,Wikidata P571,
E02142,7201,日産自動車株式会社,date_of_establishment,1933-12-26,date,wikidata,https://www.wikidata.org/wiki/Q20165,Q20165,,2026-08-15T07:57:14Z,Wikidata P571,
E02143,7202,いすゞ自動車株式会社,date_of_establishment,1934-03-30,date,wikidata,https://www.wikidata.org/wiki/Q29803,Q29803,,2026-08-15T07:57:14Z,Wikidata P571,
E02144,7203,トヨタ自動車株式会社,date_of_establishment,1937-08-28,date,wikidata,https://www.wikidata.org/wiki/Q53268,Q53268,,2026-08-15T07:57:14Z,Wikidata P571,
E02147,7242,カヤバ株式会社,date_of_establishment,1919,year,wikidata,https://www.wikidata.org/wiki/Q11294875,Q11294875,,2026-08-15T07:57:14Z,Wikidata P571,
E02150,7222,日産車体株式会社,date_of_establishment,1949-04-01,date,wikidata,https://www.wikidata.org/wiki/Q372967,Q372967,,2026-08-15T07:57:14Z,Wikidata P571,
E02152,7270,株式会社ＳＵＢＡＲＵ,date_of_establishment,1953-07-15,date,wikidata,https://www.wikidata.org/wiki/Q1051297,Q1051297,,2026-08-15T07:57:14Z,Wikidata P571,
E02154,7246,プレス工業株式会社,date_of_establishment,1925-02-16,date,wikidata,https://www.wikidata.org/wiki/Q11335871,Q11335871,,2026-08-15T07:57:14Z,Wikidata P571,
E02155,7236,株式会社ティラド,date_of_establishment,1936,year,wikidata,https://www.wikidata.org/wiki/Q11318979,Q11318979,,2026-08-15T07:57:14Z,Wikidata P571,
E02158,7235,東京ラヂエーター製造株式会社,date_of_establishment,1938-10-15,date,wikidata,https://www.wikidata.org/wiki/Q11524457,Q11524457,,2026-08-15T07:57:14Z,Wikidata P571,
E02161,7238,曙ブレーキ工業株式会社,date_of_establishment,1929-01-27,date,wikidata,https://www.wikidata.org/wiki/Q11515041,Q11515041,,2026-08-15T07:57:14Z,Wikidata P571,
E02162,7283,愛三工業株式会社,date_of_establishment,1938-12-02,date,wikidata,https://www.wikidata.org/wiki/Q11493434,Q11493434,,2026-08-15T07:57:14Z,Wikidata P571,
E02163,7261,マツダ株式会社,date_of_establishment,1920-01-30,date,wikidata,https://www.wikidata.org/wiki/Q35996,Q35996,,2026-08-15T07:57:14Z,Wikidata P571,
E02166,7267,本田技研工業株式会社,date_of_establishment,1948-09-24,date,wikidata,https://www.wikidata.org/wiki/Q9584,Q9584,,2026-08-15T07:57:14Z,Wikidata P571,
E02167,7269,スズキ株式会社,date_of_establishment,1909-02-10,date,wikidata,https://www.wikidata.org/wiki/Q181642,Q181642,,2026-08-15T07:57:14Z,Wikidata P571,
E02168,7272,ヤマハ発動機株式会社,date_of_establishment,1955-07-01,date,wikidata,https://www.wikidata.org/wiki/Q158888,Q158888,,2026-08-15T07:57:14Z,Wikidata P571,
E02170,7226,極東開発工業株式会社,date_of_establishment,1955-06-01,date,wikidata,https://www.wikidata.org/wiki/Q11541470,Q11541470,,2026-08-15T07:57:14Z,Wikidata P571,
E02171,6042,株式会社ニッキ,date_of_establishment,1932,year,wikidata,https://www.wikidata.org/wiki/Q140908098,Q140908098,,2026-08-15T08:40:42Z,Wikidata P571,
E02172,7247,株式会社ミクニ,date_of_establishment,1923,year,wikidata,https://www.wikidata.org/wiki/Q1934134,Q1934134,,2026-08-15T07:57:14Z,Wikidata P571,
E02173,6356,日本ギア工業株式会社,date_of_establishment,1938-12-05,date,wikidata,https://www.wikidata.org/wiki/Q11506388,Q11506388,,2026-08-15T07:57:14Z,Wikidata P571,
E02174,7256,河西工業株式会社,date_of_establishment,1946-10-26,date,wikidata,https://www.wikidata.org/wiki/Q11554091,Q11554091,,2026-08-15T07:57:14Z,Wikidata P571,
E02175,7245,大同メタル工業株式会社,date_of_establishment,1939-11-17,date,wikidata,https://www.wikidata.org/wiki/Q11433320,Q11433320,,2026-08-15T07:57:14Z,Wikidata P571,
E02176,7240,ＮＯＫ株式会社,date_of_establishment,1939-12-02,date,wikidata,https://www.wikidata.org/wiki/Q11235820,Q11235820,,2026-08-15T07:57:14Z,Wikidata P571,
E02177,7244,市光工業株式会社,date_of_establishment,1939-12-20,date,wikidata,https://www.wikidata.org/wiki/Q11480003,Q11480003,,2026-08-15T07:57:14Z,Wikidata P571,
E02180,6392,株式会社　ヤマダコーポレーション,date_of_establishment,1939-12-20,date,wikidata,https://www.wikidata.org/wiki/Q96323585,Q96323585,,2026-08-15T07:57:14Z,Wikidata P571,
E02183,7254,株式会社ユニバンス,date_of_establishment,1955-09-07,date,wikidata,https://www.wikidata.org/wiki/Q11345689,Q11345689,,2026-08-15T07:57:14Z,Wikidata P571,
E02185,5644,株式会社メタルアート,date_of_establishment,1943-08-06,date,wikidata,https://www.wikidata.org/wiki/Q96312651,Q96312651,,2026-08-15T07:57:14Z,Wikidata P571,
E02189,6493,株式会社ＮＩＴＴＡＮ,date_of_establishment,1948-11-10,date,wikipedia,https://ja.wikipedia.org/wiki/NITTAN,,NITTAN,2026-08-15T08:40:44Z,Wikipedia infobox 設立,
E02194,5949,ユニプレス株式会社,date_of_establishment,1945-03-01,date,wikidata,https://www.wikidata.org/wiki/Q11345730,Q11345730,,2026-08-15T07:57:14Z,Wikidata P571,
E02195,7241,フタバ産業株式会社,date_of_establishment,1945-11,month,wikidata,https://www.wikidata.org/wiki/Q11333331,Q11333331,,2026-08-15T07:57:14Z,Wikidata P571,
E02199,6470,大豊工業株式会社,date_of_establishment,1939-12-01,date,wikidata,https://www.wikidata.org/wiki/Q11439193,Q11439193,,2026-08-15T07:57:14Z,Wikidata P571,
E02201,7277,株式会社ＴＢＫ,date_of_establishment,1948-08-13,date,wikidata,https://www.wikidata.org/wiki/Q11248236,Q11248236,,2026-08-15T07:57:14Z,Wikidata P571,
E02203,7278,株式会社エクセディ,date_of_establishment,1950-07-01,date,wikidata,https://www.wikidata.org/wiki/Q11289820,Q11289820,,2026-08-15T07:57:14Z,Wikidata P571,
E02204,7279,株式会社ハイレックスコーポレーション,date_of_establishment,1946-11,month,wikidata,https://www.wikidata.org/wiki/Q11326190,Q11326190,,2026-08-15T07:57:14Z,Wikidata P571,
E02205,7280,株式会社ミツバ,date_of_establishment,1946-03-08,date,wikidata,https://www.wikidata.org/wiki/Q18346087,Q18346087,,2026-08-15T07:57:14Z,Wikidata P571,
E02210,7239,株式会社タチエス,date_of_establishment,1954-04-07,date,wikidata,https://www.wikidata.org/wiki/Q11316128,Q11316128,,2026-08-15T07:57:14Z,Wikidata P571,
E02213,7211,三菱自動車工業株式会社,date_of_establishment,1970-04-22,date,wikidata,https://www.wikidata.org/wiki/Q36033,Q36033,,2026-08-15T07:57:14Z,Wikidata P571,
E02214,7287,日本精機株式会社,date_of_establishment,1946-12-24,date,wikidata,https://www.wikidata.org/wiki/Q11508790,Q11508790,,2026-08-15T07:57:14Z,Wikidata P571,
E02216,7291,日本プラスト株式会社,date_of_establishment,1948-10-09,date,wikidata,https://www.wikidata.org/wiki/Q11506855,Q11506855,,2026-08-15T07:57:14Z,Wikidata P571,
E02217,7292,株式会社村上開明堂,date_of_establishment,1948-03-27,date,wikidata,https://www.wikidata.org/wiki/Q11522924,Q11522924,,2026-08-15T07:57:14Z,Wikidata P571,
E02219,7294,株式会社ヨロズ,date_of_establishment,1948-04-01,date,wikidata,https://www.wikidata.org/wiki/Q11346174,Q11346174,,2026-08-15T07:57:14Z,Wikidata P571,
E02221,7296,株式会社エフ・シー・シー,date_of_establishment,1939-06-15,date,wikidata,https://www.wikidata.org/wiki/Q11290679,Q11290679,,2026-08-15T07:57:14Z,Wikidata P571,
E02222,5989,株式会社エイチワン,date_of_establishment,1939-04-23,date,wikidata,https://www.wikidata.org/wiki/Q11289588,Q11289588,,2026-08-15T07:57:14Z,Wikidata P571,
E02223,7297,株式会社カーメイト,date_of_establishment,1966-06-07,date,wikidata,https://www.wikidata.org/wiki/Q11295737,Q11295737,,2026-08-15T07:57:14Z,Wikidata P571,
E02225,7299,フジオーゼックス株式会社,date_of_establishment,1951-12-21,date,wikidata,https://www.wikidata.org/wiki/Q11333102,Q11333102,,2026-08-15T07:57:14Z,Wikidata P571,
E02226,7273,株式会社イクヨ,date_of_establishment,1947-05-10,date,wikidata,https://www.wikidata.org/wiki/Q11286431,Q11286431,,2026-08-15T07:57:14Z,Wikidata P571,
E02227,7271,株式会社安永,date_of_establishment,1949-09-19,date,wikidata,https://www.wikidata.org/wiki/Q11450904,Q11450904,,2026-08-15T07:57:14Z,Wikidata P571,
E02228,5970,株式会社ジーテクト,date_of_establishment,1953-11,month,wikidata,https://www.wikidata.org/wiki/Q11311036,Q11311036,,2026-08-15T07:57:14Z,Wikidata P571,
E02229,7212,株式会社エフテック,date_of_establishment,1947-07-01,date,wikidata,https://www.wikidata.org/wiki/Q11290667,Q11290667,,2026-08-15T07:57:14Z,Wikidata P571,
E02231,7266,株式会社今仙電機製作所,date_of_establishment,1939-02-01,date,wikidata,https://www.wikidata.org/wiki/Q11376734,Q11376734,,2026-08-15T07:57:14Z,Wikidata P571,
E02232,7265,エイケン工業株式会社,date_of_establishment,1969-02-14,date,wikidata,https://www.wikidata.org/wiki/Q125371783,Q125371783,,2026-08-15T07:57:14Z,Wikidata P571,
E02233,7227,アスカ株式会社,date_of_establishment,1999,year,wikidata,https://www.wikidata.org/wiki/Q4034475,Q4034475,,2026-08-15T07:57:14Z,Wikidata P571,
E02234,7264,株式会社ムロコーポレーション,date_of_establishment,1958-04-26,date,wikidata,https://www.wikidata.org/wiki/Q138425102,Q138425102,,2026-08-15T07:57:14Z,Wikidata P571,
E02237,7220,武蔵精密工業株式会社,date_of_establishment,1944-01-22,date,wikidata,https://www.wikidata.org/wiki/Q11546379,Q11546379,,2026-08-15T07:57:14Z,Wikidata P571,
E02238,7219,株式会社エッチ・ケー・エス,date_of_establishment,1973,year,wikidata,https://www.wikidata.org/wiki/Q2979687,Q2979687,,2026-08-15T07:57:14Z,Wikidata P571,
E02241,7218,田中精密工業株式会社,date_of_establishment,1957-10-01,date,wikidata,https://www.wikidata.org/wiki/Q11575824,Q11575824,,2026-08-15T07:57:14Z,Wikidata P571,
E02242,7217,株式会社テイン,date_of_establishment,1966-06-02,date,wikidata,https://www.wikidata.org/wiki/Q11319124,Q11319124,,2026-08-15T07:57:14Z,Wikidata P571,
E02245,3434,株式会社アルファ,date_of_establishment,1938-04-27,date,wikidata,https://www.wikidata.org/wiki/Q17192255,Q17192255,,2026-08-15T07:57:14Z,Wikidata P571,
E02247,7214,ＧＭＢ株式会社,date_of_establishment,1962-05-08,date,wikidata,https://www.wikidata.org/wiki/Q17211102,Q17211102,,2026-08-15T07:57:14Z,Wikidata P571,
E02252,7224,新明和工業株式会社,date_of_establishment,1949,year,wikidata,https://www.wikidata.org/wiki/Q1613798,Q1613798,,2026-08-15T07:57:14Z,Wikidata P571,
E02257,7309,株式会社シマノ,date_of_establishment,1921-02,month,wikidata,https://www.wikidata.org/wiki/Q949610,Q949610,,2026-08-15T07:57:14Z,Wikidata P571,
E02258,7305,新家工業株式会社,date_of_establishment,1919-11-25,date,wikidata,https://www.wikidata.org/wiki/Q11501765,Q11501765,,2026-08-15T07:57:14Z,Wikidata P571,
E02265,7701,株式会社　島津製作所,date_of_establishment,1875,year,wikidata,https://www.wikidata.org/wiki/Q517117,Q517117,,2026-08-15T07:57:14Z,Wikidata P571,
E02266,7721,東京計器株式会社,date_of_establishment,1948-12-21,date,wikidata,https://www.wikidata.org/wiki/Q11525141,Q11525141,,2026-08-15T07:57:14Z,Wikidata P571,
E02267,7723,愛知時計電機株式会社,date_of_establishment,1949-06-01,date,wikidata,https://www.wikidata.org/wiki/Q18700356,Q18700356,,2026-08-15T07:57:14Z,Wikidata P571,
E02269,7726,黒田精工株式会社,date_of_establishment,1949-04-05,date,wikidata,https://www.wikidata.org/wiki/Q11678671,Q11678671,,2026-08-15T07:57:14Z,Wikidata P571,
E02270,7727,株式会社オーバル,date_of_establishment,1949-05-10,date,wikidata,https://www.wikidata.org/wiki/Q11293390,Q11293390,,2026-08-15T07:57:14Z,Wikidata P571,
E02271,7731,株式会社ニコン,date_of_establishment,1917,year,wikidata,https://www.wikidata.org/wiki/Q1218180,Q1218180,,2026-08-15T07:57:14Z,Wikidata P571,
E02272,7733,オリンパス株式会社,date_of_establishment,1919-10-12,date,wikidata,https://www.wikidata.org/wiki/Q688619,Q688619,,2026-08-15T07:57:14Z,Wikidata P571,
E02274,7751,キヤノン株式会社,date_of_establishment,1937,year,wikidata,https://www.wikidata.org/wiki/Q62621,Q62621,,2026-08-15T07:57:14Z,Wikidata P571,
E02275,7752,株式会社リコー,date_of_establishment,1936,year,wikidata,https://www.wikidata.org/wiki/Q178778,Q178778,,2026-08-15T07:57:14Z,Wikidata P571,
E02280,8050,セイコーグループ株式会社,date_of_establishment,1881,year,wikidata,https://www.wikidata.org/wiki/Q322601,Q322601,,2026-08-15T07:57:14Z,Wikidata P571,
E02281,7762,シチズン時計株式会社,date_of_establishment,2016-10,month,wikidata,https://www.wikidata.org/wiki/Q1368019,Q1368019,,2026-08-15T07:57:14Z,Wikidata P571,
E02285,7734,理研計器株式会社,date_of_establishment,1934-07-30,date,wikidata,https://www.wikidata.org/wiki/Q11573581,Q11573581,,2026-08-15T07:57:14Z,Wikidata P571,
E02286,6850,株式会社チノー,date_of_establishment,1913,year,wikidata,https://www.wikidata.org/wiki/Q11317978,Q11317978,,2026-08-15T07:57:14Z,Wikidata P571,
E02288,7735,株式会社ＳＣＲＥＥＮホールディングス,date_of_establishment,1943,year,wikidata,https://www.wikidata.org/wiki/Q11435639,Q11435639,,2026-08-15T07:57:14Z,Wikidata P571,
E02289,7729,株式会社東京精密,date_of_establishment,1949-03,month,wikidata,https://www.wikidata.org/wiki/Q11525083,Q11525083,,2026-08-15T07:57:14Z,Wikidata P571,
E02293,6966,株式会社三井ハイテック,date_of_establishment,1949-01-12,date,wikidata,https://www.wikidata.org/wiki/Q11354203,Q11354203,,2026-08-15T07:57:14Z,Wikidata P571,
E02294,7769,リズム株式会社,date_of_establishment,1950-11-07,date,wikidata,https://www.wikidata.org/wiki/Q11348030,Q11348030,,2026-08-15T07:57:14Z,Wikidata P571,
E02296,5957,日東精工株式会社,date_of_establishment,1938-02-25,date,wikidata,https://www.wikidata.org/wiki/Q11509518,Q11509518,,2026-08-15T07:57:14Z,Wikidata P571,
E02303,7702,株式会社ジェイ・エム・エス（称号　株式会社　ＪＭＳ）,date_of_establishment,1965-06-12,date,wikidata,https://www.wikidata.org/wiki/Q11309174,Q11309174,,2026-08-15T07:57:14Z,Wikidata P571,
E02304,6960,フクダ電子株式会社,date_of_establishment,1948-07-06,date,wikidata,https://www.wikidata.org/wiki/Q11333054,Q11333054,,2026-08-15T07:57:14Z,Wikidata P571,
E02306,6858,株式会社小野測器,date_of_establishment,1954-01-20,date,wikidata,https://www.wikidata.org/wiki/Q11464162,Q11464162,,2026-08-15T07:57:14Z,Wikidata P571,
E02307,6859,エスペック株式会社,date_of_establishment,1954-01-13,date,wikidata,https://www.wikidata.org/wiki/Q11290108,Q11290108,,2026-08-15T07:57:14Z,Wikidata P571,
E02308,7740,株式会社タムロン,date_of_establishment,1950,year,wikidata,https://www.wikidata.org/wiki/Q325639,Q325639,,2026-08-15T07:57:14Z,Wikidata P571,
E02322,7744,ノーリツ鋼機株式会社,date_of_establishment,1951-06,month,wikidata,https://www.wikidata.org/wiki/Q4045475,Q4045475,,2026-08-15T07:57:14Z,Wikidata P571,
E02325,7771,日本精密株式会社,date_of_establishment,1978-08-10,date,wikidata,https://www.wikidata.org/wiki/Q11508787,Q11508787,,2026-08-15T07:57:14Z,Wikidata P571,
E02328,6323,ローツェ株式会社,date_of_establishment,1985-03-30,date,wikidata,https://www.wikidata.org/wiki/Q11350970,Q11350970,,2026-08-15T07:57:14Z,Wikidata P571,
E02329,7715,長野計器株式会社,date_of_establishment,1948-12-21,date,wikidata,https://www.wikidata.org/wiki/Q11654839,Q11654839,,2026-08-15T07:57:14Z,Wikidata P571,
E02331,7716,株式会社ナカニシ,date_of_establishment,1981-06-01,date,wikidata,https://www.wikidata.org/wiki/Q11323691,Q11323691,,2026-08-15T07:57:14Z,Wikidata P571,
E02333,6788,株式会社日本トリム,date_of_establishment,1982-06-12,date,wikidata,https://www.wikidata.org/wiki/Q11506705,Q11506705,,2026-08-15T07:57:14Z,Wikidata P571,
E02334,7717,株式会社ブイ・テクノロジー,date_of_establishment,1997-10-16,date,wikidata,https://www.wikidata.org/wiki/Q11334294,Q11334294,,2026-08-15T07:57:14Z,Wikidata P571,
E02335,7722,国際計測器株式会社,date_of_establishment,1969-06-06,date,wikipedia,https://ja.wikipedia.org/wiki/%E5%9B%BD%E9%9A%9B%E8%A8%88%E6%B8%AC%E5%99%A8,,国際計測器,2026-08-15T07:57:18Z,Wikipedia infobox 設立,
E02338,7707,プレシジョン・システム・サイエンス株式会社,date_of_establishment,1985-07-17,date,wikidata,https://www.wikidata.org/wiki/Q11335829,Q11335829,,2026-08-15T07:57:14Z,Wikidata P571,
E02340,7730,マニー株式会社,date_of_establishment,1959-12-24,date,wikidata,https://www.wikidata.org/wiki/Q11340741,Q11340741,,2026-08-15T07:57:14Z,Wikidata P571,
E02343,6156,株式会社エーワン精密,date_of_establishment,1990-07-02,date,wikidata,https://www.wikidata.org/wiki/Q11291610,Q11291610,,2026-08-15T07:57:14Z,Wikidata P571,
E02344,7745,株式会社Ａ＆Ｄホロンホールディングス,date_of_establishment,1977,year,wikidata,https://www.wikidata.org/wiki/Q11291617,Q11291617,,2026-08-15T07:57:14Z,Wikidata P571,
E02345,6678,株式会社テクノメディカ,date_of_establishment,1987-09-08,date,wikidata,https://www.wikidata.org/wiki/Q11319219,Q11319219,,2026-08-15T07:57:14Z,Wikidata P571,
E02346,6677,株式会社エスケーエレクトロニクス,date_of_establishment,2001-10-01,date,wikidata,https://www.wikidata.org/wiki/Q17218846,Q17218846,,2026-08-15T07:57:14Z,Wikidata P571,
E02348,4237,フジプレアム株式会社,date_of_establishment,1982-04-14,date,wikidata,https://www.wikidata.org/wiki/Q11333275,Q11333275,,2026-08-15T07:57:14Z,Wikidata P571,
E02349,7747,朝日インテック株式会社,date_of_establishment,1976-07-08,date,wikidata,https://www.wikidata.org/wiki/Q11517421,Q11517421,,2026-08-15T07:57:14Z,Wikidata P571,
E02350,6266,タツモ株式会社,date_of_establishment,1972-02-26,date,wikipedia,https://ja.wikipedia.org/wiki/%E3%82%BF%E3%83%84%E3%83%A2,,タツモ,2026-08-15T07:57:18Z,Wikipedia infobox 設立,
E02352,7760,ＩＭＶ株式会社,date_of_establishment,1957-04-17,date,wikidata,https://www.wikidata.org/wiki/Q11224066,Q11224066,,2026-08-15T07:57:14Z,Wikidata P571,
E02354,7749,メディキット株式会社,date_of_establishment,1973-06-15,date,wikidata,https://www.wikidata.org/wiki/Q11343866,Q11343866,,2026-08-15T07:57:14Z,Wikidata P571,
E02356,6656,インスペック株式会社,date_of_establishment,1991-06-18,date,wikidata,https://www.wikidata.org/wiki/Q11287415,Q11287415,,2026-08-15T07:57:14Z,Wikidata P571,
E02357,7774,株式会社ジャパン・ティッシュエンジニアリング,date_of_establishment,1999-02-01,date,wikidata,https://www.wikidata.org/wiki/Q11310041,Q11310041,,2026-08-15T07:57:14Z,Wikidata P571,
E02362,7951,ヤマハ株式会社,date_of_establishment,1987,year,wikidata,https://www.wikidata.org/wiki/Q188454,Q188454,,2026-08-15T07:57:14Z,Wikidata P571,
E02363,7952,株式会社河合楽器製作所,date_of_establishment,1929,year,wikidata,https://www.wikidata.org/wiki/Q1425561,Q1425561,,2026-08-15T07:57:14Z,Wikidata P571,
E02365,7992,セーラー万年筆株式会社,date_of_establishment,1911,year,wikidata,https://www.wikidata.org/wiki/Q11314885,Q11314885,,2026-08-15T07:57:14Z,Wikidata P571,
E02366,7976,三菱鉛筆株式会社,date_of_establishment,1887,year,wikidata,https://www.wikidata.org/wiki/Q867714,Q867714,,2026-08-15T07:57:14Z,Wikidata P571,
E02367,7974,任天堂株式会社,date_of_establishment,1947,year,wikidata,https://www.wikidata.org/wiki/Q8093,Q8093,,2026-08-15T07:57:14Z,Wikidata P571,
E02369,7994,株式会社オカムラ,date_of_establishment,1946-07-15,date,wikidata,https://www.wikidata.org/wiki/Q11473333,Q11473333,,2026-08-15T07:57:14Z,Wikidata P571,
E02371,7972,株式会社イトーキ,date_of_establishment,1950-04-20,date,wikidata,https://www.wikidata.org/wiki/Q11286855,Q11286855,,2026-08-15T07:57:14Z,Wikidata P571,
E02372,7997,株式会社くろがね工作所,date_of_establishment,1936-03-17,date,wikidata,https://www.wikidata.org/wiki/Q11265723,Q11265723,,2026-08-15T07:57:14Z,Wikidata P571,
E02373,7981,タカラスタンダード株式会社,date_of_establishment,1912-05-30,date,wikidata,https://www.wikidata.org/wiki/Q11315982,Q11315982,,2026-08-15T07:57:14Z,Wikidata P571,
E02376,7983,株式会社ミロク,date_of_establishment,1893,year,wikidata,https://www.wikidata.org/wiki/Q11342984,Q11342984,,2026-08-15T07:57:14Z,Wikidata P571,
E02377,7991,マミヤ・オーピー株式会社,date_of_establishment,1948-02-23,date,wikidata,https://www.wikidata.org/wiki/Q28692609,Q28692609,,2026-08-15T07:57:14Z,Wikidata P571,
E02378,7936,株式会社アシックス,date_of_establishment,1949,year,wikidata,https://www.wikidata.org/wiki/Q327247,Q327247,,2026-08-15T07:57:14Z,Wikidata P571,
E02379,5943,株式会社ノーリツ,date_of_establishment,1951-03-10,date,wikidata,https://www.wikidata.org/wiki/Q11325939,Q11325939,,2026-08-15T07:57:14Z,Wikidata P571,
E02380,7313,テイ・エス　テック株式会社,date_of_establishment,1960-12-05,date,wikidata,https://www.wikidata.org/wiki/Q11319123,Q11319123,,2026-08-15T07:57:14Z,Wikidata P571,
E02381,6454,マックス株式会社,date_of_establishment,1975,year,wikidata,https://www.wikidata.org/wiki/Q11340421,Q11340421,,2026-08-15T07:57:14Z,Wikidata P571,
E02382,7990,グローブライド株式会社,date_of_establishment,1958,year,wikidata,https://www.wikidata.org/wiki/Q2656169,Q2656169,,2026-08-15T07:57:14Z,Wikidata P571,
E02383,7980,株式会社　重松製作所,date_of_establishment,1942-03-17,date,wikidata,https://www.wikidata.org/wiki/Q11045797,Q11045797,,2026-08-15T07:57:14Z,Wikidata P571,
E02385,7985,ネポン株式会社,date_of_establishment,1948-06-09,date,wikidata,https://www.wikidata.org/wiki/Q11325562,Q11325562,,2026-08-15T07:57:14Z,Wikidata P571,
E02386,7988,株式会社ニフコ,date_of_establishment,1967,year,wikidata,https://www.wikidata.org/wiki/Q11324583,Q11324583,,2026-08-15T07:57:14Z,Wikidata P571,
E02387,7284,盟和産業株式会社,date_of_establishment,1956-05-08,date,wikidata,https://www.wikidata.org/wiki/Q11581451,Q11581451,,2026-08-15T07:57:14Z,Wikidata P571,
E02388,7970,信越ポリマー株式会社,date_of_establishment,1960-09-15,date,wikidata,https://www.wikidata.org/wiki/Q11386263,Q11386263,,2026-08-15T07:57:14Z,Wikidata P571,
E02389,7989,立川ブラインド工業株式会社,date_of_establishment,1947-10-22,date,wikidata,https://www.wikidata.org/wiki/Q11597877,Q11597877,,2026-08-15T07:57:14Z,Wikidata P571,
E02390,6961,株式会社エンプラス,date_of_establishment,1962-02-21,date,wikidata,https://www.wikidata.org/wiki/Q11291461,Q11291461,,2026-08-15T07:57:14Z,Wikidata P571,
E02394,7966,リンテック株式会社,date_of_establishment,1934-10-15,date,wikidata,https://www.wikidata.org/wiki/Q11348657,Q11348657,,2026-08-15T07:57:14Z,Wikidata P571,
E02395,7965,象印マホービン株式会社,date_of_establishment,1918,year,wikidata,https://www.wikidata.org/wiki/Q1101230,Q1101230,,2026-08-15T07:57:14Z,Wikidata P571,
E02396,7963,興研株式会社,date_of_establishment,1963-12-12,date,wikidata,https://www.wikidata.org/wiki/Q11613436,Q11613436,,2026-08-15T07:57:14Z,Wikidata P571,
E02398,7962,株式会社キングジム,date_of_establishment,1948-08-31,date,wikidata,https://www.wikidata.org/wiki/Q11297878,Q11297878,,2026-08-15T07:57:14Z,Wikidata P571,
E02402,7957,フジコピアン株式会社,date_of_establishment,1950-03-02,date,wikidata,https://www.wikidata.org/wiki/Q11333133,Q11333133,,2026-08-15T07:57:14Z,Wikidata P571,
E02403,6412,株式会社平和,date_of_establishment,1960-09-09,date,wikidata,https://www.wikidata.org/wiki/Q11482167,Q11482167,,2026-08-15T07:57:14Z,Wikidata P571,
E02404,7956,ピジョン株式会社,date_of_establishment,1957-08-15,date,wikidata,https://www.wikidata.org/wiki/Q11331467,Q11331467,,2026-08-15T07:57:14Z,Wikidata P571,
E02406,7955,クリナップ株式会社,date_of_establishment,1954-10-05,date,wikidata,https://www.wikidata.org/wiki/Q11299390,Q11299390,,2026-08-15T07:57:14Z,Wikidata P571,
E02407,7950,日本デコラックス株式会社,date_of_establishment,1958-08-04,date,wikidata,https://www.wikidata.org/wiki/Q11506678,Q11506678,,2026-08-15T07:57:14Z,Wikidata P571,
E02408,7949,小松ウオール工業株式会社,date_of_establishment,1968-01-22,date,wikidata,https://www.wikidata.org/wiki/Q11461016,Q11461016,,2026-08-15T07:57:14Z,Wikidata P571,
E02409,5906,エムケー精工株式会社,date_of_establishment,1956-12-17,date,wikidata,https://www.wikidata.org/wiki/Q11290792,Q11290792,,2026-08-15T07:57:14Z,Wikidata P571,
E02410,6413,理想科学工業株式会社,date_of_establishment,1946,year,wikidata,https://www.wikidata.org/wiki/Q2068008,Q2068008,,2026-08-15T07:57:14Z,Wikidata P571,
E02412,7947,株式会社エフピコ,date_of_establishment,1962-07-24,date,wikidata,https://www.wikidata.org/wiki/Q11290669,Q11290669,,2026-08-15T07:57:14Z,Wikidata P571,
E02414,7743,株式会社シード,date_of_establishment,1957-10-09,date,wikidata,https://www.wikidata.org/wiki/Q11308858,Q11308858,,2026-08-15T07:57:14Z,Wikidata P571,
E02415,7943,ニチハ株式会社,date_of_establishment,1956-06-25,date,wikidata,https://www.wikidata.org/wiki/Q11324396,Q11324396,,2026-08-15T07:57:14Z,Wikidata P571,
E02416,5187,クリエートメディック株式会社,date_of_establishment,1974-08-12,date,wikipedia,https://ja.wikipedia.org/wiki/%E3%82%AF%E3%83%AA%E3%82%A8%E3%83%BC%E3%83%88%E3%83%A1%E3%83%87%E3%82%A3%E3%83%83%E3%82%AF,,クリエートメディック,2026-08-15T07:57:18Z,Wikipedia infobox 設立,
E02417,9697,株式会社カプコン,date_of_establishment,1979-05-30,date,wikidata,https://www.wikidata.org/wiki/Q14428,Q14428,,2026-08-15T07:57:14Z,Wikidata P571,
E02419,6417,株式会社三共,date_of_establishment,1966-04-12,date,wikidata,https://www.wikidata.org/wiki/Q11354460,Q11354460,,2026-08-15T07:57:14Z,Wikidata P571,
E02423,7917,ＺＡＣＲＯＳ株式会社,date_of_establishment,1936-11-04,date,wikidata,https://www.wikidata.org/wiki/Q11624421,Q11624421,,2026-08-15T07:57:14Z,Wikidata P571,
E02424,6419,株式会社マースグループホールディングス,date_of_establishment,1974-09-13,date,wikidata,https://www.wikidata.org/wiki/Q11341762,Q11341762,,2026-08-15T07:57:14Z,Wikidata P571,
E02425,7908,株式会社きもと,date_of_establishment,1961-02-09,date,wikidata,https://www.wikidata.org/wiki/Q96324034,Q96324034,,2026-08-15T07:57:14Z,Wikidata P571,
E02427,7906,ヨネックス株式会社,date_of_establishment,1946-04,month,wikidata,https://www.wikidata.org/wiki/Q773924,Q773924,,2026-08-15T07:57:14Z,Wikidata P571,
E02435,7885,タカノ株式会社,date_of_establishment,1953-07-18,date,wikidata,https://www.wikidata.org/wiki/Q11315950,Q11315950,,2026-08-15T07:57:14Z,Wikidata P571,
E02438,5982,株式会社マルゼン,date_of_establishment,1961-03-20,date,wikidata,https://www.wikidata.org/wiki/Q11341312,Q11341312,,2026-08-15T07:57:14Z,Wikidata P571,
E02439,7878,株式会社光・彩,date_of_establishment,1967-04-01,date,wikidata,https://www.wikidata.org/wiki/Q11388382,Q11388382,,2026-08-15T07:57:14Z,Wikidata P571,
E02442,5956,トーソー株式会社,date_of_establishment,1949-09-01,date,wikidata,https://www.wikidata.org/wiki/Q11322367,Q11322367,,2026-08-15T07:57:14Z,Wikidata P571,
E02444,7874,レック株式会社,date_of_establishment,1983-03-17,date,wikidata,https://www.wikidata.org/wiki/Q11349680,Q11349680,,2026-08-15T07:57:14Z,Wikidata P571,
E02445,5965,株式会社フジマック,date_of_establishment,1950-03-31,date,wikidata,https://www.wikidata.org/wiki/Q11333279,Q11333279,,2026-08-15T07:57:14Z,Wikidata P571,
E02450,7867,株式会社タカラトミー,date_of_establishment,2006-03-01,date,wikidata,https://www.wikidata.org/wiki/Q1335998,Q1335998,,2026-08-15T07:57:14Z,Wikidata P571,
E02452,6425,株式会社ユニバーサルエンターテインメント,date_of_establishment,1969,year,wikidata,https://www.wikidata.org/wiki/Q2866046,Q2866046,,2026-08-15T07:57:14Z,Wikidata P571,
E02453,7860,エイベックス株式会社,date_of_establishment,1988,year,wikidata,https://www.wikidata.org/wiki/Q790686,Q790686,,2026-08-15T07:57:14Z,Wikidata P571,
E02458,4816,東映アニメーション株式会社,date_of_establishment,1948-01-23,date,wikidata,https://www.wikidata.org/wiki/Q730179,Q730179,,2026-08-15T07:57:14Z,Wikidata P571,
E02459,7851,カワセコンピュータサプライ株式会社,date_of_establishment,1955-05-21,date,wikidata,https://www.wikidata.org/wiki/Q11295392,Q11295392,,2026-08-15T07:57:14Z,Wikidata P571,
E02466,7846,株式会社パイロットコーポレーション,date_of_establishment,1918,year,wikidata,https://www.wikidata.org/wiki/Q1356034,Q1356034,,2026-08-15T07:57:14Z,Wikidata P571,
E02467,7844,株式会社マーベラス,date_of_establishment,2003,year,wikidata,https://www.wikidata.org/wiki/Q2546713,Q2546713,,2026-08-15T07:57:14Z,Wikidata P571,
E02469,6267,ゼネラルパッカー株式会社,date_of_establishment,1966-02-09,date,wikidata,https://www.wikidata.org/wiki/Q11314945,Q11314945,,2026-08-15T07:57:14Z,Wikidata P571,
E02470,7839,株式会社ＳＨＯＥＩ,date_of_establishment,1928,year,wikidata,https://www.wikidata.org/wiki/Q3288834,Q3288834,,2026-08-15T07:57:14Z,Wikidata P571,
E02472,7840,フランスベッドホールディングス株式会社,date_of_establishment,2004-03-30,date,wikidata,https://www.wikidata.org/wiki/Q11333678,Q11333678,,2026-08-15T07:57:14Z,Wikidata P571,
E02475,6460,セガサミーホールディングス株式会社,date_of_establishment,2004-10-01,date,wikidata,https://www.wikidata.org/wiki/Q1457152,Q1457152,,2026-08-15T07:57:14Z,Wikidata P571,
E02477,4238,ミライアル株式会社,date_of_establishment,1968-07-08,date,wikidata,https://www.wikidata.org/wiki/Q11342768,Q11342768,,2026-08-15T07:57:14Z,Wikidata P571,
E02478,6159,ミクロン精密株式会社,date_of_establishment,1961-10-06,date,wikidata,https://www.wikidata.org/wiki/Q11341930,Q11341930,,2026-08-15T07:57:14Z,Wikidata P571,
E02480,3791,株式会社ＩＧポート,date_of_establishment,1987-12-15,date,wikidata,https://www.wikidata.org/wiki/Q5971072,Q5971072,,2026-08-15T07:57:14Z,Wikidata P571,
E02481,7832,株式会社バンダイナムコホールディングス,date_of_establishment,2005,year,wikidata,https://www.wikidata.org/wiki/Q806259,Q806259,,2026-08-15T07:57:14Z,Wikidata P571,
E02483,4240,クラスターテクノロジー株式会社,date_of_establishment,1991-04-01,date,wikidata,https://www.wikidata.org/wiki/Q11298969,Q11298969,,2026-08-15T07:57:14Z,Wikidata P571,
E02484,2929,株式会社ファーマフーズ,date_of_establishment,1997-09-12,date,wikidata,https://www.wikidata.org/wiki/Q11332351,Q11332351,,2026-08-15T07:57:14Z,Wikidata P571,
E02485,7826,株式会社フルヤ金属,date_of_establishment,1968,year,wikidata,https://www.wikidata.org/wiki/Q18339202,Q18339202,,2026-08-15T07:57:14Z,Wikidata P571,
E02488,6257,株式会社藤商事,date_of_establishment,1958,year,wikidata,https://www.wikidata.org/wiki/Q11623692,Q11623692,,2026-08-15T07:57:14Z,Wikidata P571,
E02489,3851,株式会社日本一ソフトウェア,date_of_establishment,1993-07-12,date,wikidata,https://www.wikidata.org/wiki/Q1143659,Q1143659,,2026-08-15T07:57:14Z,Wikidata P571,
E02490,4369,株式会社　トリケミカル研究所,date_of_establishment,1978-12-06,date,wikidata,https://www.wikidata.org/wiki/Q11321942,Q11321942,,2026-08-15T07:57:14Z,Wikidata P571,
E02491,3439,株式会社三ツ知,date_of_establishment,1963-06-17,date,wikidata,https://www.wikidata.org/wiki/Q11354037,Q11354037,,2026-08-15T07:57:14Z,Wikidata P571,
E02492,7821,前田工繊株式会社,date_of_establishment,1972-11-25,date,wikidata,https://www.wikidata.org/wiki/Q11397545,Q11397545,,2026-08-15T07:57:14Z,Wikidata P571,
E02493,3440,日創グループ株式会社,date_of_establishment,1997-09-01,date,wikidata,https://www.wikidata.org/wiki/Q11504967,Q11504967,,2026-08-15T07:57:14Z,Wikidata P571,
E02494,4243,株式会社ニックス,date_of_establishment,1998,year,wikipedia,https://ja.wikipedia.org/wiki/%E3%83%8B%E3%83%83%E3%82%AF%E3%82%B9%20%28%E3%81%8A%E7%AC%91%E3%81%84%E3%82%B3%E3%83%B3%E3%83%93%29,,ニックス (お笑いコンビ),2026-08-15T08:40:44Z,Wikipedia infobox 設立,
E02497,8001,伊藤忠商事株式会社,date_of_establishment,1949-12-01,date,wikidata,https://www.wikidata.org/wiki/Q717093,Q717093,,2026-08-15T07:57:14Z,Wikidata P571,
E02498,8002,丸紅株式会社,date_of_establishment,1949,year,wikidata,https://www.wikidata.org/wiki/Q553927,Q553927,,2026-08-15T07:57:14Z,Wikidata P571,
E02501,8007,高島株式会社,date_of_establishment,1931-12-01,date,wikidata,https://www.wikidata.org/wiki/Q11669592,Q11669592,,2026-08-15T07:57:14Z,Wikidata P571,
E02505,8015,豊田通商株式会社,date_of_establishment,1948-07-01,date,wikidata,https://www.wikidata.org/wiki/Q716457,Q716457,,2026-08-15T07:57:14Z,Wikidata P571,
E02506,8020,兼松株式会社,date_of_establishment,1918-03-18,date,wikidata,https://www.wikidata.org/wiki/Q11393803,Q11393803,,2026-08-15T07:57:14Z,Wikidata P571,
E02509,8014,蝶理株式会社,date_of_establishment,1948-09-02,date,wikidata,https://www.wikidata.org/wiki/Q11625808,Q11625808,,2026-08-15T07:57:14Z,Wikidata P571,
E02510,8032,日本紙パルプ商事株式会社,date_of_establishment,1916-12-15,date,wikidata,https://www.wikidata.org/wiki/Q11508809,Q11508809,,2026-08-15T07:57:14Z,Wikidata P571,
E02512,8061,西華産業株式会社,date_of_establishment,1947-10-01,date,wikidata,https://www.wikidata.org/wiki/Q11629460,Q11629460,,2026-08-15T07:57:14Z,Wikidata P571,
E02513,8031,三井物産株式会社,date_of_establishment,1947,year,wikidata,https://www.wikidata.org/wiki/Q904240,Q904240,,2026-08-15T07:57:14Z,Wikidata P571,
E02515,8057,株式会社内田洋行,date_of_establishment,1941-05-29,date,wikidata,https://www.wikidata.org/wiki/Q11394322,Q11394322,,2026-08-15T07:57:14Z,Wikidata P571,
E02516,9274,ＫＰＰグループホールディングス株式会社,date_of_establishment,1924-12-01,date,wikidata,https://www.wikidata.org/wiki/Q11422541,Q11422541,,2026-08-15T07:57:14Z,Wikidata P571,
E02517,8098,稲畑産業株式会社,date_of_establishment,1918-06-10,date,wikidata,https://www.wikidata.org/wiki/Q6013314,Q6013314,,2026-08-15T07:57:14Z,Wikidata P571,
E02521,8016,株式会社オンワードホールディングス,date_of_establishment,1947-09-04,date,wikidata,https://www.wikidata.org/wiki/Q11293077,Q11293077,,2026-08-15T07:57:14Z,Wikidata P571,
E02522,8075,神鋼商事株式会社,date_of_establishment,1946-11-12,date,wikidata,https://www.wikidata.org/wiki/Q11590998,Q11590998,,2026-08-15T07:57:14Z,Wikidata P571,
E02525,8074,株式会社ＹＵＡＳＡ,date_of_establishment,1919-06-25,date,wikidata,https://www.wikidata.org/wiki/Q11345520,Q11345520,,2026-08-15T07:57:14Z,Wikidata P571,
E02527,8070,東京産業株式会社,date_of_establishment,1942-04-16,date,wikidata,https://www.wikidata.org/wiki/Q61576801,Q61576801,,2026-08-15T07:57:14Z,Wikidata P571,
E02528,8053,住友商事株式会社,date_of_establishment,1919-12-24,date,wikidata,https://www.wikidata.org/wiki/Q716979,Q716979,,2026-08-15T07:57:14Z,Wikidata P571,
E02529,8058,三菱商事株式会社,date_of_establishment,1954-07-01,date,wikidata,https://www.wikidata.org/wiki/Q650745,Q650745,,2026-08-15T07:57:14Z,Wikidata P571,
E02530,8041,ＯＵＧホールディングス株式会社,date_of_establishment,1946-06-12,date,wikidata,https://www.wikidata.org/wiki/Q17223641,Q17223641,,2026-08-15T07:57:14Z,Wikidata P571,
E02534,8018,三共生興株式会社,date_of_establishment,1938-12-11,date,wikidata,https://www.wikidata.org/wiki/Q11354465,Q11354465,,2026-08-15T07:57:14Z,Wikidata P571,
E02535,8065,佐藤商事株式会社,date_of_establishment,1930,year,wikidata,https://www.wikidata.org/wiki/Q11383849,Q11383849,,2026-08-15T07:57:14Z,Wikidata P571,
E02542,3004,神栄株式会社,date_of_establishment,1887-05-24,date,wikidata,https://www.wikidata.org/wiki/Q11590367,Q11590367,,2026-08-15T07:57:14Z,Wikidata P571,
E02544,8291,日産東京販売ホールディングス株式会社,date_of_establishment,1942-11-16,date,wikidata,https://www.wikidata.org/wiki/Q11509874,Q11509874,,2026-08-15T07:57:14Z,Wikidata P571,
E02547,3023,ラサ商事株式会社,date_of_establishment,1939-01-10,date,wikidata,https://www.wikidata.org/wiki/Q11346731,Q11346731,,2026-08-15T07:57:14Z,Wikidata P571,
E02548,3176,三洋貿易株式会社,date_of_establishment,1947,year,wikidata,https://www.wikidata.org/wiki/Q86513945,Q86513945,,2026-08-15T07:57:14Z,Wikidata P571,
E02549,8101,株式会社ＧＳＩクレオス,date_of_establishment,1931-10-31,date,wikidata,https://www.wikidata.org/wiki/Q11201937,Q11201937,,2026-08-15T07:57:14Z,Wikidata P571,
E02552,8012,長瀬産業株式会社,date_of_establishment,1917-12-09,date,wikidata,https://www.wikidata.org/wiki/Q11653391,Q11653391,,2026-08-15T07:57:14Z,Wikidata P571,
E02553,7485,岡谷鋼機株式会社,date_of_establishment,1669,year,wikidata,https://www.wikidata.org/wiki/Q677101,Q677101,,2026-08-15T07:57:14Z,Wikidata P571,
E02554,8078,阪和興業株式会社,date_of_establishment,1947-04-01,date,wikidata,https://www.wikidata.org/wiki/Q11656657,Q11656657,,2026-08-15T07:57:14Z,Wikidata P571,
E02560,8051,株式会社山善,date_of_establishment,1947-05-30,date,wikidata,https://www.wikidata.org/wiki/Q11467670,Q11467670,,2026-08-15T07:57:14Z,Wikidata P571,
E02561,8076,株式会社カノークス,date_of_establishment,1948-01-29,date,wikidata,https://www.wikidata.org/wiki/Q11294552,Q11294552,,2026-08-15T07:57:14Z,Wikidata P571,
E02563,8103,明和産業株式会社,date_of_establishment,1947-07-25,date,wikidata,https://www.wikidata.org/wiki/Q6810443,Q6810443,,2026-08-15T07:57:14Z,Wikidata P571,
E02566,8030,中央魚類株式会社,date_of_establishment,1947-07-03,date,wikidata,https://www.wikidata.org/wiki/Q28691113,Q28691113,,2026-08-15T07:57:14Z,Wikidata P571,
E02567,8088,岩谷産業株式会社,date_of_establishment,1945-02-02,date,wikidata,https://www.wikidata.org/wiki/Q11475649,Q11475649,,2026-08-15T07:57:14Z,Wikidata P571,
E02569,1948,株式会社弘電社,date_of_establishment,1917-06,month,wikidata,https://www.wikidata.org/wiki/Q11487382,Q11487382,,2026-08-15T07:57:14Z,Wikidata P571,
E02570,8077,トルク株式会社,date_of_establishment,1941-06-18,date,wikidata,https://www.wikidata.org/wiki/Q17222341,Q17222341,,2026-08-15T07:57:14Z,Wikidata P571,
E02571,8039,築地魚市場株式会社,date_of_establishment,1948-03-09,date,wikidata,https://www.wikidata.org/wiki/Q11603492,Q11603492,,2026-08-15T07:57:14Z,Wikidata P571,
E02572,8052,椿本興業株式会社,date_of_establishment,1938-01-10,date,wikidata,https://www.wikidata.org/wiki/Q11541026,Q11541026,,2026-08-15T07:57:14Z,Wikidata P571,
E02574,8043,スターゼン株式会社,date_of_establishment,1948-06-17,date,wikidata,https://www.wikidata.org/wiki/Q17994417,Q17994417,,2026-08-15T07:57:14Z,Wikidata P571,
E02576,2874,横浜冷凍株式会社,date_of_establishment,1948-05-13,date,wikidata,https://www.wikidata.org/wiki/Q11542927,Q11542927,,2026-08-15T07:57:14Z,Wikidata P571,
E02578,8059,第一実業株式会社,date_of_establishment,1948-08-12,date,wikipedia,https://ja.wikipedia.org/wiki/%E7%AC%AC%E4%B8%80%E5%AE%9F%E6%A5%AD,,第一実業,2026-08-15T07:57:18Z,Wikipedia infobox 設立,
E02579,8085,ナラサキ産業株式会社,date_of_establishment,1943-10,month,wikidata,https://www.wikidata.org/wiki/Q17227101,Q17227101,,2026-08-15T07:57:14Z,Wikidata P571,
E02580,8081,株式会社カナデン,date_of_establishment,1912-12-18,date,wikidata,https://www.wikidata.org/wiki/Q11294443,Q11294443,,2026-08-15T07:57:14Z,Wikidata P571,
E02584,8089,ナイス株式会社,date_of_establishment,1950-06-23,date,wikidata,https://www.wikidata.org/wiki/Q11269788,Q11269788,,2026-08-15T07:57:14Z,Wikidata P571,
E02585,8095,アステナホールディングス株式会社,date_of_establishment,1941-09-20,date,wikidata,https://www.wikidata.org/wiki/Q11287267,Q11287267,,2026-08-15T07:57:14Z,Wikidata P571,
E02602,8066,三谷商事株式会社,date_of_establishment,1946-03-20,date,wikidata,https://www.wikidata.org/wiki/Q11357261,Q11357261,,2026-08-15T07:57:14Z,Wikidata P571,
E02604,423A,株式会社ライオン事務器,date_of_establishment,1921-10-01,date,wikidata,https://www.wikidata.org/wiki/Q11346320,Q11346320,,2026-08-15T07:57:14Z,Wikidata P571,
E02608,8129,東邦ホールディングス株式会社,date_of_establishment,1948-09-17,date,wikidata,https://www.wikidata.org/wiki/Q11528434,Q11528434,,2026-08-15T07:57:14Z,Wikidata P571,
E02610,8104,クワザワホールディングス株式会社,date_of_establishment,1951-02-01,date,wikidata,https://www.wikidata.org/wiki/Q11299939,Q11299939,,2026-08-15T07:57:14Z,Wikidata P571,
E02611,8056,ＢＩＰＲＯＧＹ株式会社,date_of_establishment,1958-03-29,date,wikidata,https://www.wikidata.org/wiki/Q11507001,Q11507001,,2026-08-15T07:57:14Z,Wikidata P571,
E02615,8045,横浜丸魚株式会社,date_of_establishment,1947-10-30,date,wikidata,https://www.wikidata.org/wiki/Q11542913,Q11542913,,2026-08-15T07:57:14Z,Wikidata P571,
E02618,8125,株式会社ワキタ,date_of_establishment,1949-05-04,date,wikidata,https://www.wikidata.org/wiki/Q11351307,Q11351307,,2026-08-15T07:57:14Z,Wikidata P571,
E02621,8008,株式会社ヨンドシーホールディングス,date_of_establishment,1950-05-18,date,wikidata,https://www.wikidata.org/wiki/Q11198624,Q11198624,,2026-08-15T07:57:14Z,Wikidata P571,
E02627,8105,Ｂｉｔｃｏｉｎ　Ｊａｐａｎ株式会社,date_of_establishment,1933-02-01,date,wikidata,https://www.wikidata.org/wiki/Q11427608,Q11427608,,2026-08-15T07:57:14Z,Wikidata P571,
E02628,8107,株式会社キムラタン,date_of_establishment,1964-12-10,date,wikidata,https://www.wikidata.org/wiki/Q11297000,Q11297000,,2026-08-15T07:57:14Z,Wikidata P571,
E02632,7459,株式会社メディパルホールディングス,date_of_establishment,1923-05-06,date,wikidata,https://www.wikidata.org/wiki/Q11343877,Q11343877,,2026-08-15T07:57:14Z,Wikidata P571,
E02635,8158,ソーダニッカ株式会社,date_of_establishment,1947-04-11,date,wikidata,https://www.wikidata.org/wiki/Q11315499,Q11315499,,2026-08-15T07:57:14Z,Wikidata P571,
E02639,8115,ムーンバット株式会社,date_of_establishment,1941-09-06,date,wikidata,https://www.wikidata.org/wiki/Q11343282,Q11343282,,2026-08-15T07:57:14Z,Wikidata P571,
E02642,8117,中央自動車工業株式会社,date_of_establishment,1946-05-10,date,wikidata,https://www.wikidata.org/wiki/Q123347709,Q123347709,,2026-08-15T07:57:14Z,Wikidata P571,
E02643,8133,伊藤忠エネクス株式会社,date_of_establishment,1948-04-19,date,wikidata,https://www.wikidata.org/wiki/Q11380102,Q11380102,,2026-08-15T07:57:14Z,Wikidata P571,
E02644,8060,キヤノンマーケティングジャパン株式会社,date_of_establishment,1968-02-01,date,wikidata,https://www.wikidata.org/wiki/Q11297436,Q11297436,,2026-08-15T07:57:14Z,Wikidata P571,
E02645,8118,株式会社　キング,date_of_establishment,1924,year,wikidata,https://www.wikidata.org/wiki/Q11297849,Q11297849,,2026-08-15T08:40:42Z,Wikidata P571,
E02646,8145,中部水産株式会社,date_of_establishment,1946-02-18,date,wikidata,https://www.wikidata.org/wiki/Q11367314,Q11367314,,2026-08-15T07:57:14Z,Wikidata P571,
E02650,8123,川辺株式会社,date_of_establishment,1942-11-25,date,wikidata,https://www.wikidata.org/wiki/Q11479285,Q11479285,,2026-08-15T07:57:14Z,Wikidata P571,
E02652,8035,東京エレクトロン株式会社,date_of_establishment,1963-11-11,date,wikidata,https://www.wikidata.org/wiki/Q1351484,Q1351484,,2026-08-15T07:57:14Z,Wikidata P571,
E02655,8136,株式会社サンリオ,date_of_establishment,1960-08-10,date,wikidata,https://www.wikidata.org/wiki/Q1136885,Q1136885,,2026-08-15T07:57:14Z,Wikidata P571,
E02658,8138,三京化成株式会社,date_of_establishment,1947-02-10,date,wikipedia,https://ja.wikipedia.org/wiki/%E4%B8%89%E4%BA%AC%E5%8C%96%E6%88%90,,三京化成,2026-08-15T07:57:18Z,Wikipedia infobox 設立,
E02664,8141,新光商事株式会社,date_of_establishment,1953,year,wikipedia,https://ja.wikipedia.org/wiki/%E6%96%B0%E5%85%89%E5%95%86%E4%BA%8B,,新光商事,2026-08-15T07:57:18Z,Wikipedia infobox 設立,
E02665,8142,株式会社トーホー,date_of_establishment,1947-10,month,wikidata,https://www.wikidata.org/wiki/Q11322397,Q11322397,,2026-08-15T07:57:14Z,Wikidata P571,
E02668,8147,株式会社トミタ,date_of_establishment,1943-04-26,date,wikipedia,https://ja.wikipedia.org/wiki/%E3%83%88%E3%83%9F%E3%82%BF,,トミタ,2026-08-15T07:57:18Z,Wikipedia infobox 設立,
E02672,8151,株式会社東陽テクニカ,date_of_establishment,1953-09,month,wikidata,https://www.wikidata.org/wiki/Q11528672,Q11528672,,2026-08-15T07:57:14Z,Wikidata P571,
E02675,8153,株式会社モスフードサービス,date_of_establishment,1972,year,wikipedia,https://ja.wikipedia.org/wiki/%E3%83%A2%E3%82%B9%E3%83%95%E3%83%BC%E3%83%89%E3%82%B5%E3%83%BC%E3%83%93%E3%82%B9,,モスフードサービス,2026-08-15T07:57:18Z,Wikipedia infobox 設立,
E02676,8154,加賀電子株式会社,date_of_establishment,1988-06-22,date,wikidata,https://www.wikidata.org/wiki/Q4042038,Q4042038,,2026-08-15T07:57:14Z,Wikidata P571,
E02678,8159,株式会社立花エレテック,date_of_establishment,1948-07-12,date,wikidata,https://www.wikidata.org/wiki/Q11598132,Q11598132,,2026-08-15T07:57:14Z,Wikidata P571,
E02679,8040,株式会社東京ソワール,date_of_establishment,1969-01,month,wikidata,https://www.wikidata.org/wiki/Q11524211,Q11524211,,2026-08-15T07:57:14Z,Wikidata P571,
E02681,8079,正栄食品工業株式会社,date_of_establishment,1947-11-04,date,wikidata,https://www.wikidata.org/wiki/Q11545540,Q11545540,,2026-08-15T07:57:14Z,Wikidata P571,
E02682,8037,カメイ株式会社,date_of_establishment,1932-12-29,date,wikidata,https://www.wikidata.org/wiki/Q11294803,Q11294803,,2026-08-15T07:57:14Z,Wikidata P571,
E02683,8023,ＤＡＩＫＯ　ＸＴＥＣＨ株式会社,date_of_establishment,1953-12-01,date,wikidata,https://www.wikidata.org/wiki/Q11438592,Q11438592,,2026-08-15T07:57:14Z,Wikidata P571,
E02684,8071,東海エレクトロニクス株式会社,date_of_establishment,1955-05-24,date,wikidata,https://www.wikidata.org/wiki/Q11527756,Q11527756,,2026-08-15T07:57:14Z,Wikidata P571,
E02686,4956,コニシ株式会社,date_of_establishment,1925-09-25,date,wikidata,https://www.wikidata.org/wiki/Q11302304,Q11302304,,2026-08-15T07:57:14Z,Wikidata P571,
E02688,8086,ニプロ株式会社,date_of_establishment,1948-07-30,date,wikidata,https://www.wikidata.org/wiki/Q11324590,Q11324590,,2026-08-15T07:57:14Z,Wikidata P571,
E02691,8283,株式会社ＰＡＬＴＡＣ,date_of_establishment,1928-12-22,date,wikidata,https://www.wikidata.org/wiki/Q11239315,Q11239315,,2026-08-15T07:57:14Z,Wikidata P571,
E02692,8285,三谷産業株式会社,date_of_establishment,1949-08-11,date,wikidata,https://www.wikidata.org/wiki/Q11357286,Q11357286,,2026-08-15T07:57:14Z,Wikidata P571,
E02693,8275,株式会社フォーバル,date_of_establishment,1980-09-18,date,wikidata,https://www.wikidata.org/wiki/Q11332996,Q11332996,,2026-08-15T07:57:14Z,Wikidata P571,
E02698,8228,株式会社マルイチ産商,date_of_establishment,1951-01-08,date,wikidata,https://www.wikidata.org/wiki/Q11341190,Q11341190,,2026-08-15T07:57:14Z,Wikidata P571,
E02699,8226,株式会社　理経,date_of_establishment,1957-06-08,date,wikidata,https://www.wikidata.org/wiki/Q11573604,Q11573604,,2026-08-15T07:57:14Z,Wikidata P571,
E02701,9830,トラスコ中山株式会社,date_of_establishment,1959-05-15,date,wikidata,https://www.wikidata.org/wiki/Q11321771,Q11321771,,2026-08-15T07:57:14Z,Wikidata P571,
E02703,9837,モリト株式会社,date_of_establishment,1935-12-17,date,wikidata,https://www.wikidata.org/wiki/Q10589137,Q10589137,,2026-08-15T07:57:14Z,Wikidata P571,
E02706,9842,アークランズ株式会社,date_of_establishment,1970-07-01,date,wikidata,https://www.wikidata.org/wiki/Q11285546,Q11285546,,2026-08-15T07:57:14Z,Wikidata P571,
E02711,9849,株式会社共同紙販ホールディングス,date_of_establishment,1952-03-28,date,wikidata,https://www.wikidata.org/wiki/Q11392657,Q11392657,,2026-08-15T07:57:14Z,Wikidata P571,
E02713,9857,英和株式会社,date_of_establishment,1948-06-29,date,wikidata,https://www.wikidata.org/wiki/Q11616896,Q11616896,,2026-08-15T07:57:14Z,Wikidata P571,
E02714,9856,株式会社ケーユーホールディングス,date_of_establishment,1972-10-26,date,wikidata,https://www.wikidata.org/wiki/Q11301461,Q11301461,,2026-08-15T07:57:14Z,Wikidata P571,
E02719,9869,加藤産業株式会社,date_of_establishment,1947-08-22,date,wikidata,https://www.wikidata.org/wiki/Q11399409,Q11399409,,2026-08-15T07:57:14Z,Wikidata P571,
E02722,9872,北恵株式会社,date_of_establishment,1959-12-22,date,wikidata,https://www.wikidata.org/wiki/Q17210925,Q17210925,,2026-08-15T07:57:14Z,Wikidata P571,
E02727,9885,株式会社　シャルレ,date_of_establishment,1975-11-19,date,wikidata,https://www.wikidata.org/wiki/Q11307809,Q11307809,,2026-08-15T07:57:14Z,Wikidata P571,
E02728,9888,株式会社ＵＥＸ,date_of_establishment,1955,year,wikipedia,https://ja.wikipedia.org/wiki/UEX,,UEX,2026-08-15T07:57:18Z,Wikipedia infobox 設立,
E02732,9896,ＪＫホールディングス株式会社,date_of_establishment,1937-10,month,wikipedia,https://ja.wikipedia.org/wiki/JK%E3%83%9B%E3%83%BC%E3%83%AB%E3%83%87%E3%82%A3%E3%83%B3%E3%82%B0%E3%82%B9,,JKホールディングス,2026-08-15T07:57:18Z,Wikipedia infobox 設立,
E02735,9882,株式会社イエローハット,date_of_establishment,1962-03-15,date,wikidata,https://www.wikidata.org/wiki/Q11285915,Q11285915,,2026-08-15T07:57:14Z,Wikidata P571,
E02738,9816,株式会社　ストライダーズ,date_of_establishment,1965-02-04,date,wikidata,https://www.wikidata.org/wiki/Q11312407,Q11312407,,2026-08-15T07:57:14Z,Wikidata P571,
E02742,9824,泉州電業株式会社,date_of_establishment,1949,year,wikipedia,https://ja.wikipedia.org/wiki/%E6%B3%89%E5%B7%9E%E9%9B%BB%E6%A5%AD,,泉州電業,2026-08-15T07:57:18Z,Wikipedia infobox 設立,
E02743,9827,リリカラ株式会社,date_of_establishment,1949-07-15,date,wikidata,https://www.wikidata.org/wiki/Q11348555,Q11348555,,2026-08-15T07:57:14Z,Wikidata P571,
E02745,9902,株式会社日伝,date_of_establishment,1952-01-26,date,wikidata,https://www.wikidata.org/wiki/Q11504841,Q11504841,,2026-08-15T07:57:14Z,Wikidata P571,
E02747,9906,藤井産業株式会社,date_of_establishment,1955-12-27,date,wikidata,https://www.wikidata.org/wiki/Q11622841,Q11622841,,2026-08-15T07:57:14Z,Wikidata P571,
E02752,9913,日邦産業株式会社,date_of_establishment,1952-03-06,date,wikidata,https://www.wikidata.org/wiki/Q96313049,Q96313049,,2026-08-15T07:57:14Z,Wikidata P571,
E02753,9914,株式会社　植松商会,date_of_establishment,1955-06-09,date,wikidata,https://www.wikidata.org/wiki/Q131472747,Q131472747,,2026-08-15T07:57:14Z,Wikidata P571,
E02760,9932,杉本商事株式会社,date_of_establishment,1938-01-10,date,wikidata,https://www.wikidata.org/wiki/Q11522063,Q11522063,,2026-08-15T07:57:14Z,Wikidata P571,
E02761,9934,因幡電機産業株式会社,date_of_establishment,1949-05-27,date,wikidata,https://www.wikidata.org/wiki/Q11420263,Q11420263,,2026-08-15T07:57:14Z,Wikidata P571,
E02765,9955,株式会社ヨンキュウ,date_of_establishment,1963-04-26,date,wikidata,https://www.wikidata.org/wiki/Q11346179,Q11346179,,2026-08-15T07:57:14Z,Wikidata P571,
E02767,3612,株式会社ワールド,date_of_establishment,1959-01-13,date,wikidata,https://www.wikidata.org/wiki/Q8035551,Q8035551,,2026-08-15T07:57:14Z,Wikidata P571,
E02770,9962,株式会社　ミスミグループ本社,date_of_establishment,1963-02-23,date,wikidata,https://www.wikidata.org/wiki/Q1939336,Q1939336,,2026-08-15T07:57:14Z,Wikidata P571,
E02773,3598,山喜株式会社,date_of_establishment,1948-06-11,date,wikidata,https://www.wikidata.org/wiki/Q17222813,Q17222813,,2026-08-15T07:57:14Z,Wikidata P571,
E02774,9972,アルテック株式会社,date_of_establishment,1976-05-15,date,wikidata,https://www.wikidata.org/wiki/Q17192193,Q17192193,,2026-08-15T07:57:14Z,Wikidata P571,
E02776,9982,タキヒヨー株式会社,date_of_establishment,1912-11-15,date,wikidata,https://www.wikidata.org/wiki/Q11316019,Q11316019,,2026-08-15T07:57:14Z,Wikidata P571,
E02778,9984,ソフトバンクグループ株式会社,date_of_establishment,1981-09-03,date,wikidata,https://www.wikidata.org/wiki/Q201653,Q201653,,2026-08-15T07:57:14Z,Wikidata P571,
E02779,9986,蔵王産業株式会社,date_of_establishment,1956-04-19,date,wikidata,https://www.wikidata.org/wiki/Q124323591,Q124323591,,2026-08-15T07:57:14Z,Wikidata P571,
E02780,9987,株式会社スズケン,date_of_establishment,1946-08-10,date,wikidata,https://www.wikidata.org/wiki/Q11311754,Q11311754,,2026-08-15T07:57:14Z,Wikidata P571,
E02786,9996,株式会社サトー商会,date_of_establishment,1950-02-22,date,wikidata,https://www.wikidata.org/wiki/Q11304903,Q11304903,,2026-08-15T07:57:14Z,Wikidata P571,
E02787,8225,株式会社タカチホ,date_of_establishment,1949-02-28,date,wikidata,https://www.wikidata.org/wiki/Q11315923,Q11315923,,2026-08-15T07:57:14Z,Wikidata P571,
E02791,7413,株式会社創健社,date_of_establishment,1950-06-14,date,wikidata,https://www.wikidata.org/wiki/Q11398050,Q11398050,,2026-08-15T07:57:14Z,Wikidata P571,
E02792,7417,株式会社南陽,date_of_establishment,1953-08-01,date,wikidata,https://www.wikidata.org/wiki/Q11408726,Q11408726,,2026-08-15T07:57:14Z,Wikidata P571,
E02797,7425,初穂商事株式会社,date_of_establishment,1958-12-18,date,wikidata,https://www.wikidata.org/wiki/Q11396545,Q11396545,,2026-08-15T07:57:14Z,Wikidata P571,
E02798,7426,株式会社　山大,date_of_establishment,1964-08-05,date,wikidata,https://www.wikidata.org/wiki/Q11467719,Q11467719,,2026-08-15T07:57:14Z,Wikidata P571,
E02800,5015,ビーピー・カストロール株式会社,date_of_establishment,1909-04-14,date,wikipedia,https://ja.wikipedia.org/wiki/%E3%83%93%E3%83%BC%E3%83%94%E3%83%BC%E3%83%BB%E3%82%AB%E3%82%B9%E3%83%88%E3%83%AD%E3%83%BC%E3%83%AB,,ビーピー・カストロール,2026-08-15T08:40:44Z,Wikipedia infobox 設立,
E02801,7427,エコートレーディング株式会社,date_of_establishment,1971-06-03,date,wikidata,https://www.wikidata.org/wiki/Q11289941,Q11289941,,2026-08-15T07:57:14Z,Wikidata P571,
E02802,7433,伯東株式会社,date_of_establishment,1953-11-07,date,wikidata,https://www.wikidata.org/wiki/Q11381480,Q11381480,,2026-08-15T07:57:14Z,Wikidata P571,
E02803,7434,株式会社オータケ,date_of_establishment,1952-05-15,date,wikidata,https://www.wikidata.org/wiki/Q11293266,Q11293266,,2026-08-15T07:57:14Z,Wikidata P571,
E02804,7438,コンドーテック株式会社,date_of_establishment,1953-01-14,date,wikidata,https://www.wikidata.org/wiki/Q22127138,Q22127138,,2026-08-15T07:57:14Z,Wikidata P571,
E02805,7442,中山福株式会社,date_of_establishment,1947-02,month,wikidata,https://www.wikidata.org/wiki/Q11364250,Q11364250,,2026-08-15T07:57:14Z,Wikidata P571,
E02806,7443,横浜魚類株式会社,date_of_establishment,1947-12-12,date,wikidata,https://www.wikidata.org/wiki/Q11543293,Q11543293,,2026-08-15T07:57:14Z,Wikidata P571,
E02807,7444,ハリマ共和物産株式会社,date_of_establishment,1951-03,month,wikidata,https://www.wikidata.org/wiki/Q11326825,Q11326825,,2026-08-15T07:57:14Z,Wikidata P571,
E02809,7447,ナガイレーベン株式会社,date_of_establishment,1950-07-20,date,wikidata,https://www.wikidata.org/wiki/Q11323710,Q11323710,,2026-08-15T07:57:14Z,Wikidata P571,
E02810,7446,東北化学薬品株式会社,date_of_establishment,1953-02-16,date,wikidata,https://www.wikidata.org/wiki/Q11526146,Q11526146,,2026-08-15T07:57:14Z,Wikidata P571,
E02813,7441,株式会社Ｍｉｓｕｍｉ,date_of_establishment,1959-02-02,date,wikidata,https://www.wikidata.org/wiki/Q24893465,Q24893465,,2026-08-15T07:57:14Z,Wikidata P571,
E02818,7538,株式会社大水,date_of_establishment,1939-04-07,date,wikipedia,https://ja.wikipedia.org/wiki/%E5%A4%A7%E6%B0%B4%20%28%E4%BC%81%E6%A5%AD%29,,大水 (企業),2026-08-15T07:57:18Z,Wikipedia infobox 設立,
E02823,7461,株式会社キムラ,date_of_establishment,1951-01-10,date,wikidata,https://www.wikidata.org/wiki/Q11296998,Q11296998,,2026-08-15T07:57:14Z,Wikidata P571,
E02824,7458,株式会社第一興商,date_of_establishment,1973-04-16,date,wikidata,https://www.wikidata.org/wiki/Q5209137,Q5209137,,2026-08-15T07:57:14Z,Wikidata P571,
E02825,7460,株式会社ヤギ,date_of_establishment,1918-04-28,date,wikidata,https://www.wikidata.org/wiki/Q11391316,Q11391316,,2026-08-15T07:57:14Z,Wikidata P571,
E02832,7475,アルビス株式会社,date_of_establishment,1968,year,wikidata,https://www.wikidata.org/wiki/Q4712584,Q4712584,,2026-08-15T07:57:14Z,Wikidata P571,
E02833,7472,株式会社鳥羽洋行,date_of_establishment,1949-12-14,date,wikidata,https://www.wikidata.org/wiki/Q11675101,Q11675101,,2026-08-15T07:57:14Z,Wikidata P571,
E02835,7476,アズワン株式会社,date_of_establishment,1962-06-01,date,wikidata,https://www.wikidata.org/wiki/Q11283610,Q11283610,,2026-08-15T07:57:14Z,Wikidata P571,
E02837,7481,尾家産業株式会社,date_of_establishment,1961-02-16,date,wikidata,https://www.wikidata.org/wiki/Q11465136,Q11465136,,2026-08-15T07:57:14Z,Wikidata P571,
E02838,7480,スズデン株式会社,date_of_establishment,1952-12-27,date,wikidata,https://www.wikidata.org/wiki/Q11311760,Q11311760,,2026-08-15T07:57:14Z,Wikidata P571,
E02839,7482,株式会社シモジマ,date_of_establishment,1962-04-26,date,wikidata,https://www.wikidata.org/wiki/Q11307588,Q11307588,,2026-08-15T07:57:14Z,Wikidata P571,
E02840,7483,株式会社ドウシシャ,date_of_establishment,1977-01-24,date,wikidata,https://www.wikidata.org/wiki/Q11322539,Q11322539,,2026-08-15T07:57:14Z,Wikidata P571,
E02841,7486,サンリン株式会社,date_of_establishment,1934-12-19,date,wikidata,https://www.wikidata.org/wiki/Q11306077,Q11306077,,2026-08-15T07:57:14Z,Wikidata P571,
E02842,7487,小津産業株式会社,date_of_establishment,1939-12-06,date,wikidata,https://www.wikidata.org/wiki/Q11462593,Q11462593,,2026-08-15T07:57:14Z,Wikidata P571,
E02843,7488,株式会社ヤガミ,date_of_establishment,1966-03-28,date,wikidata,https://www.wikidata.org/wiki/Q11344974,Q11344974,,2026-08-15T07:57:14Z,Wikidata P571,
E02845,7490,日新商事株式会社,date_of_establishment,1947-08-07,date,wikipedia,https://ja.wikipedia.org/wiki/%E6%97%A5%E6%96%B0%E5%95%86%E4%BA%8B%20%28%E7%9F%B3%E6%B2%B9%E5%95%86%E7%A4%BE%29,,日新商事 (石油商社),2026-08-15T07:57:18Z,Wikipedia infobox 設立,
E02848,7501,株式会社ティムコ,date_of_establishment,1969-12-01,date,wikidata,https://www.wikidata.org/wiki/Q11318960,Q11318960,,2026-08-15T07:57:14Z,Wikidata P571,
E02850,7504,株式会社高速,date_of_establishment,1966-02-12,date,wikidata,https://www.wikidata.org/wiki/Q11672901,Q11672901,,2026-08-15T07:57:14Z,Wikidata P571,
E02851,7510,株式会社たけびし,date_of_establishment,1926-04-24,date,wikidata,https://www.wikidata.org/wiki/Q11270951,Q11270951,,2026-08-15T07:57:14Z,Wikidata P571,
E02855,7521,株式会社ムサシ,date_of_establishment,1946-01-25,date,wikidata,https://www.wikidata.org/wiki/Q17216969,Q17216969,,2026-08-15T07:57:14Z,Wikidata P571,
E02856,7525,リックス株式会社,date_of_establishment,1964-05-01,date,wikidata,https://www.wikidata.org/wiki/Q11348124,Q11348124,,2026-08-15T07:57:14Z,Wikidata P571,
E02858,7527,株式会社システムソフト,date_of_establishment,1979-09-28,date,wikidata,https://www.wikidata.org/wiki/Q11307189,Q11307189,,2026-08-15T07:57:14Z,Wikidata P571,
E02864,7537,丸文株式会社,date_of_establishment,1947,year,wikipedia,https://ja.wikipedia.org/wiki/%E4%B8%B8%E6%96%87,,丸文,2026-08-15T07:57:18Z,Wikipedia infobox 設立,
E02869,7552,株式会社ハピネット,date_of_establishment,1969-06-07,date,wikidata,https://www.wikidata.org/wiki/Q11326640,Q11326640,,2026-08-15T07:57:14Z,Wikidata P571,
E02870,7551,株式会社ウェッズ,date_of_establishment,1965-10-12,date,wikidata,https://www.wikidata.org/wiki/Q11288522,Q11288522,,2026-08-15T07:57:14Z,Wikidata P571,
E02871,7555,株式会社大田花き,date_of_establishment,1989,year,wikipedia,https://ja.wikipedia.org/wiki/%E5%A4%A7%E7%94%B0%E8%8A%B1%E3%81%8D,,大田花き,2026-08-15T07:57:18Z,Wikipedia infobox 設立,
E02875,7565,萬世電機株式会社,date_of_establishment,1947-05-29,date,wikidata,https://www.wikidata.org/wiki/Q17210889,Q17210889,,2026-08-15T07:57:14Z,Wikidata P571,
E02876,3420,株式会社ケー・エフ・シー,date_of_establishment,2027-03,month,web_search,https://www.kfc-net.co.jp/,,株式会社ケー・エフ・シー site,2026-08-15T08:07:32Z,web page / search snippet 設立,
E02877,7228,株式会社デイトナ,date_of_establishment,1972-04-01,date,wikidata,https://www.wikidata.org/wiki/Q11320276,Q11320276,,2026-08-15T07:57:14Z,Wikidata P571,
E02879,7570,橋本総業ホールディングス株式会社,date_of_establishment,1938-03-15,date,wikipedia,https://ja.wikipedia.org/wiki/%E6%A9%8B%E6%9C%AC%E7%B7%8F%E6%A5%AD%E3%83%9B%E3%83%BC%E3%83%AB%E3%83%87%E3%82%A3%E3%83%B3%E3%82%B0%E3%82%B9,,橋本総業ホールディングス,2026-08-15T07:57:18Z,Wikipedia infobox 設立,
E02881,7575,日本ライフライン株式会社,date_of_establishment,1981-02-06,date,wikidata,https://www.wikidata.org/wiki/Q104480820,Q104480820,,2026-08-15T07:57:14Z,Wikidata P571,
E02882,7865,ピープル株式会社,date_of_establishment,1977-10-01,date,wikidata,https://www.wikidata.org/wiki/Q11331797,Q11331797,,2026-08-15T07:57:14Z,Wikidata P571,
E02888,7590,株式会社タカショー,date_of_establishment,1980-08-21,date,wikidata,https://www.wikidata.org/wiki/Q11315917,Q11315917,,2026-08-15T07:57:14Z,Wikidata P571,
E02889,7593,ＶＴホールディングス株式会社,date_of_establishment,1983-03-22,date,wikidata,https://www.wikidata.org/wiki/Q11252848,Q11252848,,2026-08-15T07:57:14Z,Wikidata P571,
E02892,7599,株式会社ＩＤＯＭ,date_of_establishment,1994-10-25,date,wikidata,https://www.wikidata.org/wiki/Q11296264,Q11296264,,2026-08-15T07:57:14Z,Wikidata P571,
E02894,7600,株式会社　日本エム・ディ・エム,date_of_establishment,1973-05-28,date,wikidata,https://www.wikidata.org/wiki/Q24862140,Q24862140,,2026-08-15T07:57:14Z,Wikidata P571,
E02895,7602,株式会社レダックス,date_of_establishment,1987-12-10,date,wikidata,https://www.wikidata.org/wiki/Q11295606,Q11295606,,2026-08-15T07:57:14Z,Wikidata P571,
E02896,7607,株式会社進和,date_of_establishment,1951-02-12,date,wikidata,https://www.wikidata.org/wiki/Q11640132,Q11640132,,2026-08-15T07:57:14Z,Wikidata P571,
E02897,7608,株式会社エスケイジャパン,date_of_establishment,1989-12-14,date,wikidata,https://www.wikidata.org/wiki/Q11290018,Q11290018,,2026-08-15T07:57:14Z,Wikidata P571,
E02898,7609,ダイトロン株式会社,date_of_establishment,1952-06-24,date,wikidata,https://www.wikidata.org/wiki/Q28690172,Q28690172,,2026-08-15T07:57:14Z,Wikidata P571,
E02900,7613,シークス株式会社,date_of_establishment,1992-07-01,date,wikidata,https://www.wikidata.org/wiki/Q11308766,Q11308766,,2026-08-15T07:57:14Z,Wikidata P571,
E02902,7619,田中商事株式会社,date_of_establishment,1962-12-07,date,wikidata,https://www.wikidata.org/wiki/Q11575406,Q11575406,,2026-08-15T07:57:14Z,Wikidata P571,
E02903,7624,株式会社ＮａＩＴＯ,date_of_establishment,1945,year,wikidata,https://www.wikidata.org/wiki/Q11236283,Q11236283,,2026-08-15T07:57:14Z,Wikidata P571,
E02909,4743,株式会社アイティフォー,date_of_establishment,1959-05-08,date,wikidata,https://www.wikidata.org/wiki/Q11282243,Q11282243,,2026-08-15T07:57:14Z,Wikidata P571,
E02917,2654,株式会社アスモ,date_of_establishment,1975-04-26,date,wikidata,https://www.wikidata.org/wiki/Q11308719,Q11308719,,2026-08-15T07:57:14Z,Wikidata P571,
E02923,2668,タビオ株式会社,date_of_establishment,1962,year,wikidata,https://www.wikidata.org/wiki/Q25205159,Q25205159,,2026-08-15T07:57:14Z,Wikidata P571,
E02925,2670,株式会社エービーシー・マート,date_of_establishment,1985-06-06,date,wikidata,https://www.wikidata.org/wiki/Q11188787,Q11188787,,2026-08-15T07:57:14Z,Wikidata P571,
E02927,2676,高千穂交易株式会社,date_of_establishment,1952-03-13,date,wikidata,https://www.wikidata.org/wiki/Q11668877,Q11668877,,2026-08-15T07:57:14Z,Wikidata P571,
E02934,2700,木徳神糧株式会社,date_of_establishment,1950-03-22,date,wikidata,https://www.wikidata.org/wiki/Q11518408,Q11518408,,2026-08-15T07:57:14Z,Wikidata P571,
E02938,2708,株式会社久世,date_of_establishment,1950-01,month,wikidata,https://www.wikidata.org/wiki/Q11368891,Q11368891,,2026-08-15T07:57:14Z,Wikidata P571,
E02946,2737,株式会社トーメンデバイス,date_of_establishment,1992-03-19,date,wikidata,https://www.wikidata.org/wiki/Q11322426,Q11322426,,2026-08-15T07:57:14Z,Wikidata P571,
E02947,2733,株式会社あらた,date_of_establishment,2002-04-01,date,wikidata,https://www.wikidata.org/wiki/Q17191920,Q17191920,,2026-08-15T07:57:14Z,Wikidata P571,
E02952,2750,石光商事株式会社,date_of_establishment,1951,year,wikidata,https://www.wikidata.org/wiki/Q17988767,Q17988767,,2026-08-15T07:57:14Z,Wikidata P571,
E02953,2751,株式会社テンポスホールディングス,date_of_establishment,1997-03-08,date,wikidata,https://www.wikidata.org/wiki/Q11319879,Q11319879,,2026-08-15T07:57:14Z,Wikidata P571,
E02955,2760,東京エレクトロンデバイス株式会社,date_of_establishment,1986-03-03,date,wikidata,https://www.wikidata.org/wiki/Q11524082,Q11524082,,2026-08-15T07:57:14Z,Wikidata P571,
E02958,2768,双日株式会社,date_of_establishment,2004,year,wikidata,https://www.wikidata.org/wiki/Q586260,Q586260,,2026-08-15T07:57:14Z,Wikidata P571,
E02960,2776,新都ホールディングス株式会社,date_of_establishment,1984-01-26,date,wikidata,https://www.wikidata.org/wiki/Q11299410,Q11299410,,2026-08-15T07:57:14Z,Wikidata P571,
E02962,2784,アルフレッサホールディングス株式会社,date_of_establishment,2003-09-29,date,wikidata,https://www.wikidata.org/wiki/Q17192324,Q17192324,,2026-08-15T07:57:14Z,Wikidata P571,
E02963,2788,アップルインターナショナル株式会社,date_of_establishment,1996-01-12,date,wikidata,https://www.wikidata.org/wiki/Q11283855,Q11283855,,2026-08-15T07:57:14Z,Wikidata P571,
E02967,3320,クロスプラス株式会社,date_of_establishment,1953-04-08,date,wikidata,https://www.wikidata.org/wiki/Q11299759,Q11299759,,2026-08-15T07:57:14Z,Wikidata P571,
E02968,3321,ミタチ産業株式会社,date_of_establishment,1976-07-02,date,wikidata,https://www.wikidata.org/wiki/Q11342162,Q11342162,,2026-08-15T07:57:14Z,Wikidata P571,
E02971,3323,レカム株式会社,date_of_establishment,1994-09,month,wikidata,https://www.wikidata.org/wiki/Q11349497,Q11349497,,2026-08-15T07:57:14Z,Wikidata P571,
E02978,3350,株式会社メタプラネット,date_of_establishment,1999-06-11,date,wikidata,https://www.wikidata.org/wiki/Q17214979,Q17214979,,2026-08-15T07:57:14Z,Wikidata P571,
E02979,3355,クリヤマホールディングス株式会社,date_of_establishment,1940-12-21,date,wikidata,https://www.wikidata.org/wiki/Q11299416,Q11299416,,2026-08-15T07:57:14Z,Wikidata P571,
E02982,3359,株式会社ｃｏｔｔａ,date_of_establishment,1998-12-25,date,wikidata,https://www.wikidata.org/wiki/Q11315692,Q11315692,,2026-08-15T07:57:14Z,Wikidata P571,
E02988,3377,株式会社バイク王＆カンパニー,date_of_establishment,1998-09-01,date,wikidata,https://www.wikidata.org/wiki/Q11327447,Q11327447,,2026-08-15T07:57:14Z,Wikidata P571,
E02989,3384,株式会社アークコア,date_of_establishment,2002-05-01,date,wikidata,https://www.wikidata.org/wiki/Q11285530,Q11285530,,2026-08-15T07:57:14Z,Wikidata P571,
E02991,3386,コスモ・バイオ株式会社,date_of_establishment,1983-08-25,date,wikidata,https://www.wikidata.org/wiki/Q11302161,Q11302161,,2026-08-15T07:57:14Z,Wikidata P571,
E02992,3388,明治電機工業株式会社,date_of_establishment,1958-06-26,date,wikidata,https://www.wikidata.org/wiki/Q11512412,Q11512412,,2026-08-15T07:57:14Z,Wikidata P571,
E02995,3035,ケイティケイ株式会社,date_of_establishment,1971-06-29,date,wikidata,https://www.wikidata.org/wiki/Q11301023,Q11301023,,2026-08-15T07:57:14Z,Wikidata P571,
E02997,3024,クリエイト株式会社,date_of_establishment,2006,year,wikidata,https://www.wikidata.org/wiki/Q5183427,Q5183427,,2026-08-15T08:40:42Z,Wikidata P571,
E02998,3036,アルコニックス株式会社,date_of_establishment,1981-07-01,date,wikidata,https://www.wikidata.org/wiki/Q17192133,Q17192133,,2026-08-15T07:57:14Z,Wikidata P571,
E02999,3038,株式会社神戸物産,date_of_establishment,1985-11-06,date,wikidata,https://www.wikidata.org/wiki/Q11590183,Q11590183,,2026-08-15T07:57:14Z,Wikidata P571,
E03000,3045,株式会社カワサキ,date_of_establishment,1971-10-16,date,wikidata,https://www.wikidata.org/wiki/Q11295334,Q11295334,,2026-08-15T07:57:14Z,Wikidata P571,
E03003,3055,株式会社ほくやく・竹山ホールディングス,date_of_establishment,2006-09-29,date,wikidata,https://www.wikidata.org/wiki/Q11277713,Q11277713,,2026-08-15T07:57:14Z,Wikidata P571,
E03007,3089,テクノアルファ株式会社,date_of_establishment,1989-12-22,date,wikidata,https://www.wikidata.org/wiki/Q11319179,Q11319179,,2026-08-15T07:57:14Z,Wikidata P571,
E03013,8233,株式会社髙島屋,date_of_establishment,1829,year,wikidata,https://www.wikidata.org/wiki/Q2058024,Q2058024,,2026-08-15T07:57:14Z,Wikidata P571,
E03017,8237,株式会社松屋,date_of_establishment,1869-12-05,date,wikidata,https://www.wikidata.org/wiki/Q3036957,Q3036957,,2026-08-15T07:57:14Z,Wikidata P571,
E03021,8244,株式会社近鉄百貨店,date_of_establishment,1934-09-29,date,wikidata,https://www.wikidata.org/wiki/Q6414357,Q6414357,,2026-08-15T07:57:14Z,Wikidata P571,
E03025,8247,株式会社大和,date_of_establishment,1943-12-21,date,wikidata,https://www.wikidata.org/wiki/Q11433375,Q11433375,,2026-08-15T07:57:14Z,Wikidata P571,
E03032,8260,株式会社井筒屋,date_of_establishment,1935-07-30,date,wikidata,https://www.wikidata.org/wiki/Q11373747,Q11373747,,2026-08-15T07:57:14Z,Wikidata P571,
E03036,8022,美津濃株式会社,date_of_establishment,1906,year,wikidata,https://www.wikidata.org/wiki/Q1156731,Q1156731,,2026-08-15T07:57:14Z,Wikidata P571,
E03040,8252,株式会社　丸井グループ,date_of_establishment,1937-03-30,date,wikidata,https://www.wikidata.org/wiki/Q11368019,Q11368019,,2026-08-15T07:57:14Z,Wikidata P571,
E03041,8253,株式会社クレディセゾン,date_of_establishment,1946,year,wikidata,https://www.wikidata.org/wiki/Q5183736,Q5183736,,2026-08-15T07:57:14Z,Wikidata P571,
E03044,8254,株式会社さいか屋,date_of_establishment,1950-11-18,date,wikidata,https://www.wikidata.org/wiki/Q11267356,Q11267356,,2026-08-15T07:57:14Z,Wikidata P571,
E03051,8174,日本瓦斯株式会社,date_of_establishment,1955-07-29,date,wikidata,https://www.wikidata.org/wiki/Q11508605,Q11508605,,2026-08-15T07:57:14Z,Wikidata P571,
E03052,8173,株式会社Ｊｏｓｈｉｎ,date_of_establishment,1948,year,wikidata,https://www.wikidata.org/wiki/Q10867463,Q10867463,,2026-08-15T07:57:14Z,Wikidata P571,
E03054,8005,株式会社スクロール,date_of_establishment,1943-10-01,date,wikidata,https://www.wikidata.org/wiki/Q11311527,Q11311527,,2026-08-15T07:57:14Z,Wikidata P571,
E03061,8267,イオン株式会社,date_of_establishment,1758,year,wikidata,https://www.wikidata.org/wiki/Q271413,Q271413,,2026-08-15T07:57:14Z,Wikidata P571,
E03068,8273,株式会社イズミ,date_of_establishment,1961-10-27,date,wikidata,https://www.wikidata.org/wiki/Q11286623,Q11286623,,2026-08-15T07:57:14Z,Wikidata P571,
E03071,8130,株式会社サンゲツ,date_of_establishment,1953-04-21,date,wikidata,https://www.wikidata.org/wiki/Q11305550,Q11305550,,2026-08-15T07:57:14Z,Wikidata P571,
E03072,8190,株式会社ヤマナカ,date_of_establishment,1957-07-16,date,wikidata,https://www.wikidata.org/wiki/Q11345199,Q11345199,,2026-08-15T07:57:14Z,Wikidata P571,
E03076,8135,ゼット株式会社,date_of_establishment,1950-12-16,date,wikidata,https://www.wikidata.org/wiki/Q11314927,Q11314927,,2026-08-15T07:57:14Z,Wikidata P571,
E03077,8185,株式会社チヨダ,date_of_establishment,1948-06-04,date,wikidata,https://www.wikidata.org/wiki/Q11318515,Q11318515,,2026-08-15T07:57:14Z,Wikidata P571,
E03081,8276,株式会社　平和堂,date_of_establishment,1957-06-18,date,wikidata,https://www.wikidata.org/wiki/Q11060757,Q11060757,,2026-08-15T07:57:14Z,Wikidata P571,
E03083,8194,株式会社ライフコーポレーション,date_of_establishment,1941-02-22,date,wikidata,https://www.wikidata.org/wiki/Q11346476,Q11346476,,2026-08-15T07:57:14Z,Wikidata P571,
E03087,8198,マックスバリュ東海株式会社,date_of_establishment,1948-06-03,date,wikidata,https://www.wikidata.org/wiki/Q1960109,Q1960109,,2026-08-15T07:57:14Z,Wikidata P571,
E03090,8163,ＳＲＳホールディングス株式会社,date_of_establishment,1968-08-27,date,wikidata,https://www.wikidata.org/wiki/Q11304897,Q11304897,,2026-08-15T07:57:14Z,Wikidata P571,
E03092,8165,株式会社千趣会,date_of_establishment,1955-11,month,wikidata,https://www.wikidata.org/wiki/Q10888172,Q10888172,,2026-08-15T07:57:14Z,Wikidata P571,
E03093,8166,株式会社タカキュー,date_of_establishment,1950-06-30,date,wikidata,https://www.wikidata.org/wiki/Q11315909,Q11315909,,2026-08-15T07:57:14Z,Wikidata P571,
E03094,8167,株式会社リテールパートナーズ,date_of_establishment,1954-03-12,date,wikidata,https://www.wikidata.org/wiki/Q24900068,Q24900068,,2026-08-15T07:57:14Z,Wikidata P571,
E03099,8200,株式会社リンガーハット,date_of_establishment,1964-03-07,date,wikidata,https://www.wikidata.org/wiki/Q7334856,Q7334856,,2026-08-15T07:57:14Z,Wikidata P571,
E03101,8202,ラオックスホールディングス株式会社,date_of_establishment,1930-05,month,wikidata,https://www.wikidata.org/wiki/Q11346643,Q11346643,,2026-08-15T07:57:14Z,Wikidata P571,
E03103,8203,株式会社ミスターマックス・ホールディングス,date_of_establishment,1950-01,month,wikidata,https://www.wikidata.org/wiki/Q11342034,Q11342034,,2026-08-15T07:57:14Z,Wikidata P571,
E03108,8207,テンアライド株式会社,date_of_establishment,1969-12-20,date,wikidata,https://www.wikidata.org/wiki/Q11319808,Q11319808,,2026-08-15T07:57:14Z,Wikidata P571,
E03116,8214,株式会社ＡＯＫＩホールディングス,date_of_establishment,1976-08-21,date,wikidata,https://www.wikidata.org/wiki/Q11189480,Q11189480,,2026-08-15T07:57:14Z,Wikidata P571,
E03118,8278,株式会社フジ,date_of_establishment,1967-09-12,date,wikidata,https://www.wikidata.org/wiki/Q8963035,Q8963035,,2026-08-15T07:57:14Z,Wikidata P571,
E03119,8217,株式会社オークワ,date_of_establishment,1969-02-21,date,wikidata,https://www.wikidata.org/wiki/Q11293166,Q11293166,,2026-08-15T07:57:14Z,Wikidata P571,
E03120,8218,株式会社コメリ,date_of_establishment,1962-07-02,date,wikidata,https://www.wikidata.org/wiki/Q11302690,Q11302690,,2026-08-15T07:57:14Z,Wikidata P571,
E03121,8160,株式会社　木曽路,date_of_establishment,1952-09-30,date,wikidata,https://www.wikidata.org/wiki/Q11518589,Q11518589,,2026-08-15T07:57:14Z,Wikidata P571,
E03124,8219,青山商事株式会社,date_of_establishment,1964-05-06,date,wikidata,https://www.wikidata.org/wiki/Q11661241,Q11661241,,2026-08-15T07:57:14Z,Wikidata P571,
E03128,8282,株式会社ケーズホールディングス,date_of_establishment,1973-09-29,date,wikidata,https://www.wikidata.org/wiki/Q6322472,Q6322472,,2026-08-15T07:57:14Z,Wikidata P571,
E03129,8281,ゼビオホールディングス株式会社,date_of_establishment,1973-07-05,date,wikidata,https://www.wikidata.org/wiki/Q11314961,Q11314961,,2026-08-15T07:57:14Z,Wikidata P571,
E03133,8255,アクシアル　リテイリング株式会社,date_of_establishment,1967-08-15,date,wikidata,https://www.wikidata.org/wiki/Q11409402,Q11409402,,2026-08-15T07:57:14Z,Wikidata P571,
E03134,8230,株式会社はせがわ,date_of_establishment,1966-12-28,date,wikidata,https://www.wikidata.org/wiki/Q11275511,Q11275511,,2026-08-15T07:57:14Z,Wikidata P571,
E03137,8227,株式会社しまむら,date_of_establishment,1953-05-07,date,wikidata,https://www.wikidata.org/wiki/Q7758173,Q7758173,,2026-08-15T07:57:14Z,Wikidata P571,
E03138,9832,株式会社オートバックスセブン,date_of_establishment,1947,year,wikidata,https://www.wikidata.org/wiki/Q7886426,Q7886426,,2026-08-15T07:57:14Z,Wikidata P571,
E03139,9831,株式会社ヤマダホールディングス,date_of_establishment,1987,year,wikidata,https://www.wikidata.org/wiki/Q110652704,Q110652704,,2026-08-15T07:57:14Z,Wikidata P571,
E03141,9835,株式会社ジュンテンドー,date_of_establishment,1948-06,month,wikidata,https://www.wikidata.org/wiki/Q11310464,Q11310464,,2026-08-15T07:57:14Z,Wikidata P571,
E03144,9843,株式会社ニトリホールディングス,date_of_establishment,1972-03-03,date,wikidata,https://www.wikidata.org/wiki/Q17212489,Q17212489,,2026-08-15T07:57:14Z,Wikidata P571,
E03145,9850,株式会社グルメ杵屋,date_of_establishment,1967-03-18,date,wikidata,https://www.wikidata.org/wiki/Q11300656,Q11300656,,2026-08-15T07:57:14Z,Wikidata P571,
E03146,9846,株式会社天満屋ストア,date_of_establishment,1969-04-01,date,wikidata,https://www.wikidata.org/wiki/Q11442828,Q11442828,,2026-08-15T07:57:14Z,Wikidata P571,
E03147,9853,株式会社銀座ルノアール,date_of_establishment,1979-05-04,date,wikidata,https://www.wikidata.org/wiki/Q11649991,Q11649991,,2026-08-15T07:57:14Z,Wikidata P571,
E03148,9854,愛眼株式会社,date_of_establishment,1961-01-11,date,wikipedia,https://ja.wikipedia.org/wiki/%E6%84%9B%E7%9C%BC,,愛眼,2026-08-15T07:57:18Z,Wikipedia infobox 設立,
E03153,9861,株式会社吉野家ホールディングス,date_of_establishment,2025-12-01,date,wikipedia,https://ja.wikipedia.org/wiki/%E5%90%89%E9%87%8E%E5%AE%B6%E3%83%9B%E3%83%BC%E3%83%AB%E3%83%87%E3%82%A3%E3%83%B3%E3%82%B0%E3%82%B9,,吉野家ホールディングス,2026-08-15T08:40:44Z,Wikipedia infobox 設立,
E03160,9878,株式会社　セキド,date_of_establishment,1979-03-22,date,wikidata,https://www.wikidata.org/wiki/Q11314233,Q11314233,,2026-08-15T07:57:14Z,Wikidata P571,
E03163,9876,株式会社コックス,date_of_establishment,1973-05-16,date,wikidata,https://www.wikidata.org/wiki/Q11302220,Q11302220,,2026-08-15T07:57:14Z,Wikidata P571,
E03164,9887,株式会社松屋フーズホールディングス,date_of_establishment,1980-01-16,date,wikidata,https://www.wikidata.org/wiki/Q127500821,Q127500821,,2026-08-15T07:57:14Z,Wikidata P571,
E03166,9890,株式会社マキヤ,date_of_establishment,1972-06-27,date,wikidata,https://www.wikidata.org/wiki/Q11339971,Q11339971,,2026-08-15T07:57:14Z,Wikidata P571,
E03169,9812,株式会社テーオーホールディングス,date_of_establishment,1955-01-10,date,wikidata,https://www.wikidata.org/wiki/Q11319898,Q11319898,,2026-08-15T07:57:14Z,Wikidata P571,
E03173,9823,株式会社マミーマートホールディングス,date_of_establishment,1950-04-11,date,wikidata,https://www.wikidata.org/wiki/Q136681807,Q136681807,,2026-08-15T07:57:14Z,Wikidata P571,
E03176,9828,株式会社Ｇｅｎｋｉ　Ｇｌｏｂａｌ　Ｄｉｎｉｎｇ　Ｃｏｎｃｅｐｔｓ,date_of_establishment,1979-07-26,date,wikidata,https://www.wikidata.org/wiki/Q5533323,Q5533323,,2026-08-15T07:57:14Z,Wikidata P571,
E03178,9900,株式会社サガミホールディングス,date_of_establishment,1970-03-04,date,wikidata,https://www.wikidata.org/wiki/Q11304417,Q11304417,,2026-08-15T07:57:14Z,Wikidata P571,
E03179,9903,株式会社カンセキ,date_of_establishment,1975-02-15,date,wikidata,https://www.wikidata.org/wiki/Q11295441,Q11295441,,2026-08-15T07:57:14Z,Wikidata P571,
E03180,7937,株式会社ツツミ,date_of_establishment,1973-06-19,date,wikidata,https://www.wikidata.org/wiki/Q11318759,Q11318759,,2026-08-15T07:57:14Z,Wikidata P571,
E03188,9946,ミニストップ株式会社,date_of_establishment,1980-05-21,date,wikidata,https://www.wikidata.org/wiki/Q1038929,Q1038929,,2026-08-15T07:57:14Z,Wikidata P571,
E03193,9936,株式会社王将フードサービス,date_of_establishment,1974,year,wikidata,https://www.wikidata.org/wiki/Q11573038,Q11573038,,2026-08-15T07:57:14Z,Wikidata P571,
E03196,9942,株式会社ジョイフル,date_of_establishment,1976-05-20,date,wikidata,https://www.wikidata.org/wiki/Q11310517,Q11310517,,2026-08-15T07:57:14Z,Wikidata P571,
E03199,9948,株式会社アークス,date_of_establishment,1961-10-28,date,wikidata,https://www.wikidata.org/wiki/Q17190570,Q17190570,,2026-08-15T07:57:14Z,Wikidata P571,
E03202,9950,株式会社ハチバン,date_of_establishment,1971-01-21,date,wikidata,https://www.wikidata.org/wiki/Q11326388,Q11326388,,2026-08-15T07:57:14Z,Wikidata P571,
E03207,9956,株式会社バローホールディングス,date_of_establishment,1958-07-29,date,wikidata,https://www.wikidata.org/wiki/Q22122909,Q22122909,,2026-08-15T07:57:14Z,Wikidata P571,
E03208,9959,アシードホールディングス株式会社,date_of_establishment,1972-11-20,date,wikidata,https://www.wikidata.org/wiki/Q11283274,Q11283274,,2026-08-15T07:57:14Z,Wikidata P571,
E03213,9969,株式会社ショクブン,date_of_establishment,1977-12-06,date,wikidata,https://www.wikidata.org/wiki/Q11308143,Q11308143,,2026-08-15T07:57:14Z,Wikidata P571,
E03216,9974,株式会社ベルク,date_of_establishment,1959-05-04,date,wikidata,https://www.wikidata.org/wiki/Q11337090,Q11337090,,2026-08-15T07:57:14Z,Wikidata P571,
E03217,9983,株式会社ファーストリテイリング,date_of_establishment,1963-05-01,date,wikidata,https://www.wikidata.org/wiki/Q1397688,Q1397688,,2026-08-15T07:57:14Z,Wikidata P571,
E03219,9976,株式会社　セキチュー,date_of_establishment,1952-04-03,date,wikidata,https://www.wikidata.org/wiki/Q11314230,Q11314230,,2026-08-15T07:57:14Z,Wikidata P571,
E03221,9978,株式会社文教堂グループホールディングス,date_of_establishment,1949-12-01,date,wikidata,https://www.wikidata.org/wiki/Q11499974,Q11499974,,2026-08-15T07:57:14Z,Wikidata P571,
E03223,9979,株式会社大庄,date_of_establishment,1971-11-02,date,wikidata,https://www.wikidata.org/wiki/Q11435332,Q11435332,,2026-08-15T07:57:14Z,Wikidata P571,
E03225,9990,株式会社サックスバーホールディングス,date_of_establishment,2014-05-09,date,wikipedia,https://ja.wikipedia.org/wiki/%E3%82%B5%E3%83%83%E3%82%AF%E3%82%B9%E3%83%90%E3%83%BC%E3%83%9B%E3%83%BC%E3%83%AB%E3%83%87%E3%82%A3%E3%83%B3%E3%82%B0%E3%82%B9,,サックスバーホールディングス,2026-08-15T08:40:44Z,Wikipedia infobox 設立,
E03226,9989,株式会社サンドラッグ,date_of_establishment,1965-04-08,date,wikidata,https://www.wikidata.org/wiki/Q11305867,Q11305867,,2026-08-15T07:57:14Z,Wikidata P571,
E03227,9994,株式会社やまや,date_of_establishment,1970-11-26,date,wikidata,https://www.wikidata.org/wiki/Q17224765,Q17224765,,2026-08-15T07:57:14Z,Wikidata P571,
E03228,9993,株式会社ヤマザワ,date_of_establishment,1962-10-04,date,wikidata,https://www.wikidata.org/wiki/Q11345137,Q11345137,,2026-08-15T07:57:14Z,Wikidata P571,
E03229,9997,株式会社ベルーナ,date_of_establishment,1977-06,month,wikidata,https://www.wikidata.org/wiki/Q11337185,Q11337185,,2026-08-15T07:57:14Z,Wikidata P571,
E03231,7412,株式会社アトム,date_of_establishment,1972-01-14,date,wikidata,https://www.wikidata.org/wiki/Q11283969,Q11283969,,2026-08-15T07:57:14Z,Wikidata P571,
E03233,7416,株式会社はるやまホールディングス,date_of_establishment,2017-01,month,wikipedia,https://ja.wikipedia.org/wiki/%E3%81%AF%E3%82%8B%E3%82%84%E3%81%BE%E3%83%9B%E3%83%BC%E3%83%AB%E3%83%87%E3%82%A3%E3%83%B3%E3%82%B0%E3%82%B9,,はるやまホールディングス,2026-08-15T08:40:44Z,Wikipedia infobox 設立,
E03235,7419,株式会社ノジマ,date_of_establishment,1982-06-23,date,wikidata,https://www.wikidata.org/wiki/Q11325660,Q11325660,,2026-08-15T07:57:14Z,Wikidata P571,
E03236,7421,カッパ・クリエイト株式会社,date_of_establishment,1983-08-29,date,wikidata,https://www.wikidata.org/wiki/Q11263916,Q11263916,,2026-08-15T07:57:14Z,Wikidata P571,
E03248,7453,株式会社　良品計画,date_of_establishment,1979-05-18,date,wikidata,https://www.wikidata.org/wiki/Q708789,Q708789,,2026-08-15T07:57:14Z,Wikidata P571,
E03252,7462,株式会社ＣＡＰＩＴＡ,date_of_establishment,1949-05-31,date,wikidata,https://www.wikidata.org/wiki/Q11317027,Q11317027,,2026-08-15T07:57:14Z,Wikidata P571,
E03259,7494,株式会社コナカ,date_of_establishment,1973-11-28,date,wikidata,https://www.wikidata.org/wiki/Q11302278,Q11302278,,2026-08-15T07:57:14Z,Wikidata P571,
E03264,7505,扶桑電通株式会社,date_of_establishment,1948-03-12,date,wikidata,https://www.wikidata.org/wiki/Q11497303,Q11497303,,2026-08-15T07:57:14Z,Wikidata P571,
E03266,7506,株式会社　ハウス　オブ　ローゼ,date_of_establishment,1982-04-01,date,wikidata,https://www.wikidata.org/wiki/Q11326224,Q11326224,,2026-08-15T07:57:14Z,Wikidata P571,
E03267,7508,株式会社Ｇ‐７ホールディングス,date_of_establishment,1976-06-18,date,wikidata,https://www.wikidata.org/wiki/Q11200663,Q11200663,,2026-08-15T07:57:14Z,Wikidata P571,
E03268,7512,イオン北海道株式会社,date_of_establishment,1978-04-05,date,wikidata,https://www.wikidata.org/wiki/Q11286233,Q11286233,,2026-08-15T07:57:14Z,Wikidata P571,
E03269,7509,アイエーグループ株式会社,date_of_establishment,1984,year,wikidata,https://www.wikidata.org/wiki/Q17988142,Q17988142,,2026-08-15T07:57:14Z,Wikidata P571,
E03270,7513,株式会社コジマ,date_of_establishment,1963-08-22,date,wikidata,https://www.wikidata.org/wiki/Q11302052,Q11302052,,2026-08-15T07:57:14Z,Wikidata P571,
E03271,7514,株式会社　ヒマラヤ,date_of_establishment,1991-08-20,date,wikidata,https://www.wikidata.org/wiki/Q11330163,Q11330163,,2026-08-15T07:57:14Z,Wikidata P571,
E03272,7515,株式会社マルヨシセンター,date_of_establishment,1970-09-24,date,wikidata,https://www.wikidata.org/wiki/Q11341458,Q11341458,,2026-08-15T07:57:14Z,Wikidata P571,
E03273,7516,コーナン商事株式会社,date_of_establishment,1978-09-20,date,wikidata,https://www.wikidata.org/wiki/Q11303403,Q11303403,,2026-08-15T07:57:14Z,Wikidata P571,
E03274,7520,株式会社エコス,date_of_establishment,1984-09-06,date,wikidata,https://www.wikidata.org/wiki/Q11289886,Q11289886,,2026-08-15T07:57:14Z,Wikidata P571,
E03275,7522,ワタミ株式会社,date_of_establishment,1986-05-01,date,wikidata,https://www.wikidata.org/wiki/Q10921591,Q10921591,,2026-08-15T07:57:14Z,Wikidata P571,
E03276,7523,アールビバン株式会社,date_of_establishment,1984-11-24,date,wikidata,https://www.wikidata.org/wiki/Q11285793,Q11285793,,2026-08-15T07:57:14Z,Wikidata P571,
E03278,7524,マルシェ株式会社,date_of_establishment,1972-09-08,date,wikidata,https://www.wikidata.org/wiki/Q11341277,Q11341277,,2026-08-15T07:57:14Z,Wikidata P571,
E03280,7532,株式会社パン・パシフィック・インターナショナルホールディングス,date_of_establishment,1980-09-05,date,wikidata,https://www.wikidata.org/wiki/Q16485533,Q16485533,,2026-08-15T07:57:14Z,Wikidata P571,
E03281,7872,エステールホールディングス株式会社,date_of_establishment,1959-03-12,date,wikidata,https://www.wikidata.org/wiki/Q11190466,Q11190466,,2026-08-15T07:57:14Z,Wikidata P571,
E03283,2294,株式会社柿安本店,date_of_establishment,1968-11-19,date,wikidata,https://www.wikidata.org/wiki/Q11534991,Q11534991,,2026-08-15T07:57:14Z,Wikidata P571,
E03286,7544,株式会社スリーエフ,date_of_establishment,1981-02-10,date,wikidata,https://www.wikidata.org/wiki/Q11313419,Q11313419,,2026-08-15T07:57:14Z,Wikidata P571,
E03287,7545,株式会社西松屋チェーン,date_of_establishment,1956-10-03,date,wikidata,https://www.wikidata.org/wiki/Q11628761,Q11628761,,2026-08-15T07:57:14Z,Wikidata P571,
E03289,4558,株式会社中京医薬品,date_of_establishment,1978-05-01,date,wikidata,https://www.wikidata.org/wiki/Q11362978,Q11362978,,2026-08-15T07:57:14Z,Wikidata P571,
E03291,7550,株式会社ゼンショーホールディングス,date_of_establishment,1982,year,wikidata,https://www.wikidata.org/wiki/Q8069229,Q8069229,,2026-08-15T07:57:14Z,Wikidata P571,
E03293,7554,株式会社幸楽苑,date_of_establishment,1970-11-11,date,wikidata,https://www.wikidata.org/wiki/Q11484003,Q11484003,,2026-08-15T08:40:42Z,Wikidata P571,
E03294,7561,株式会社ハークスレイホールディングス,date_of_establishment,1980-03-18,date,wikidata,https://www.wikidata.org/wiki/Q11327176,Q11327176,,2026-08-15T07:57:14Z,Wikidata P571,
E03295,7562,株式会社安楽亭,date_of_establishment,1978-11-17,date,wikidata,https://www.wikidata.org/wiki/Q11450866,Q11450866,,2026-08-15T07:57:14Z,Wikidata P571,
E03296,7564,株式会社ワークマン,date_of_establishment,1982-08-19,date,wikidata,https://www.wikidata.org/wiki/Q11351660,Q11351660,,2026-08-15T07:57:14Z,Wikidata P571,
E03299,7571,株式会社ヤマノホールディングス,date_of_establishment,1987-02-20,date,wikidata,https://www.wikidata.org/wiki/Q11345222,Q11345222,,2026-08-15T07:57:14Z,Wikidata P571,
E03304,7578,株式会社ニチリョク,date_of_establishment,1966-12-22,date,wikidata,https://www.wikidata.org/wiki/Q11324407,Q11324407,,2026-08-15T07:57:14Z,Wikidata P571,
E03305,7581,株式会社サイゼリヤ,date_of_establishment,1973,year,wikidata,https://www.wikidata.org/wiki/Q886564,Q886564,,2026-08-15T07:57:14Z,Wikidata P571,
E03306,7585,株式会社かんなん丸,date_of_establishment,1982-05-04,date,wikidata,https://www.wikidata.org/wiki/Q17990292,Q17990292,,2026-08-15T07:57:14Z,Wikidata P571,
E03310,7596,株式会社魚力,date_of_establishment,1984-12-01,date,wikidata,https://www.wikidata.org/wiki/Q11673955,Q11673955,,2026-08-15T07:57:14Z,Wikidata P571,
E03312,7601,株式会社ポプラ,date_of_establishment,1976,year,wikidata,https://www.wikidata.org/wiki/Q7229380,Q7229380,,2026-08-15T07:57:14Z,Wikidata P571,
E03313,7603,ジーイエット株式会社,date_of_establishment,1990-06-01,date,wikidata,https://www.wikidata.org/wiki/Q11340456,Q11340456,,2026-08-15T07:57:14Z,Wikidata P571,
E03314,7604,株式会社梅の花グループ,date_of_establishment,1990-01-31,date,wikidata,https://www.wikidata.org/wiki/Q11538367,Q11538367,,2026-08-15T07:57:14Z,Wikidata P571,
E03316,7606,株式会社ユナイテッドアローズ,date_of_establishment,1989-10-02,date,wikidata,https://www.wikidata.org/wiki/Q10853153,Q10853153,,2026-08-15T07:57:14Z,Wikidata P571,
E03317,7614,株式会社オーエムツーネットワーク,date_of_establishment,1989-07-19,date,wikidata,https://www.wikidata.org/wiki/Q11293109,Q11293109,,2026-08-15T07:57:14Z,Wikidata P571,
E03318,7611,株式会社ハイデイ日高,date_of_establishment,1983-10-22,date,wikidata,https://www.wikidata.org/wiki/Q11326050,Q11326050,,2026-08-15T07:57:14Z,Wikidata P571,
E03319,7610,株式会社テイツー,date_of_establishment,1990-04-16,date,wikidata,https://www.wikidata.org/wiki/Q11319110,Q11319110,,2026-08-15T07:57:14Z,Wikidata P571,
E03320,7615,株式会社京都きもの友禅ホールディングス,date_of_establishment,1971-08-05,date,wikidata,https://www.wikidata.org/wiki/Q11374768,Q11374768,,2026-08-15T07:57:14Z,Wikidata P571,
E03321,7616,株式会社　コロワイド,date_of_establishment,1963-04-19,date,wikidata,https://www.wikidata.org/wiki/Q11302912,Q11302912,,2026-08-15T07:57:14Z,Wikidata P571,
E03324,7621,株式会社うかい,date_of_establishment,1964-12,month,wikidata,https://www.wikidata.org/wiki/Q65233888,Q65233888,,2026-08-15T07:57:14Z,Wikidata P571,
E03327,7625,株式会社グローバルダイニング,date_of_establishment,1973-10-05,date,wikidata,https://www.wikidata.org/wiki/Q11300881,Q11300881,,2026-08-15T07:57:14Z,Wikidata P571,
E03329,7630,株式会社壱番屋,date_of_establishment,1982,year,wikidata,https://www.wikidata.org/wiki/Q5986105,Q5986105,,2026-08-15T07:57:14Z,Wikidata P571,
E03330,7634,株式会社星医療酸器,date_of_establishment,1974-04-15,date,wikidata,https://www.wikidata.org/wiki/Q11512824,Q11512824,,2026-08-15T07:57:14Z,Wikidata P571,
E03331,7636,株式会社ハンズマン,date_of_establishment,1964-12-23,date,wikidata,https://www.wikidata.org/wiki/Q11327085,Q11327085,,2026-08-15T07:57:14Z,Wikidata P571,
E03332,7637,白銅株式会社,date_of_establishment,1949-10-07,date,wikidata,https://www.wikidata.org/wiki/Q11580415,Q11580415,,2026-08-15T07:57:14Z,Wikidata P571,
E03333,7638,株式会社ＮＥＷ　ＡＲＴ　ＨＯＬＤＩＮＧＳ,date_of_establishment,2014-07,month,wikidata,https://www.wikidata.org/wiki/Q11347702,Q11347702,,2026-08-15T07:57:14Z,Wikidata P571,
E03336,7640,株式会社トップカルチャー,date_of_establishment,1986-12-12,date,wikidata,https://www.wikidata.org/wiki/Q11321255,Q11321255,,2026-08-15T07:57:14Z,Wikidata P571,
E03340,7643,株式会社ダイイチ,date_of_establishment,1958-07-11,date,wikidata,https://www.wikidata.org/wiki/Q11316635,Q11316635,,2026-08-15T07:57:14Z,Wikidata P571,
E03342,9441,株式会社ベルパーク,date_of_establishment,2019-07-08,date,wikipedia,https://ja.wikipedia.org/wiki/%E3%83%99%E3%83%AB%E3%83%91%E3%83%BC%E3%82%AF,,ベルパーク,2026-08-15T08:40:44Z,Wikipedia infobox 設立,
E03343,7646,株式会社ＰＬＡＮＴ,date_of_establishment,1982-01-21,date,wikidata,https://www.wikidata.org/wiki/Q11238770,Q11238770,,2026-08-15T07:57:14Z,Wikidata P571,
E03344,7649,スギホールディングス株式会社,date_of_establishment,1982-03-08,date,wikidata,https://www.wikidata.org/wiki/Q11311460,Q11311460,,2026-08-15T07:57:14Z,Wikidata P571,
E03346,6836,ぷらっとホーム株式会社,date_of_establishment,1993,year,wikidata,https://www.wikidata.org/wiki/Q7202138,Q7202138,,2026-08-15T07:57:14Z,Wikidata P571,
E03347,2652,株式会社まんだらけ,date_of_establishment,1980,year,wikidata,https://www.wikidata.org/wiki/Q6747833,Q6747833,,2026-08-15T07:57:14Z,Wikidata P571,
E03349,2653,イオン九州株式会社,date_of_establishment,1972-06-29,date,wikidata,https://www.wikidata.org/wiki/Q11286217,Q11286217,,2026-08-15T07:57:14Z,Wikidata P571,
E03352,2659,株式会社サンエー,date_of_establishment,1970-05-28,date,wikidata,https://www.wikidata.org/wiki/Q4588186,Q4588186,,2026-08-15T07:57:14Z,Wikidata P571,
E03355,2666,株式会社　オートウェーブ,date_of_establishment,1990-09-10,date,wikidata,https://www.wikidata.org/wiki/Q11293316,Q11293316,,2026-08-15T07:57:14Z,Wikidata P571,
E03356,2664,株式会社カワチ薬品,date_of_establishment,1980-07-04,date,wikidata,https://www.wikidata.org/wiki/Q11295397,Q11295397,,2026-08-15T07:57:14Z,Wikidata P571,
E03358,2669,カネ美食品株式会社,date_of_establishment,1971-03-29,date,wikidata,https://www.wikidata.org/wiki/Q11294523,Q11294523,,2026-08-15T07:57:14Z,Wikidata P571,
E03361,2674,株式会社ハードオフコーポレーション,date_of_establishment,1972-07-25,date,wikidata,https://www.wikidata.org/wiki/Q11327274,Q11327274,,2026-08-15T07:57:14Z,Wikidata P571,
E03363,2678,アスクル株式会社,date_of_establishment,1963-11-02,date,wikidata,https://www.wikidata.org/wiki/Q11283438,Q11283438,,2026-08-15T07:57:14Z,Wikidata P571,
E03365,2683,株式会社魚喜,date_of_establishment,1968-10-22,date,wikidata,https://www.wikidata.org/wiki/Q11673956,Q11673956,,2026-08-15T07:57:14Z,Wikidata P571,
E03366,2702,日本マクドナルドホールディングス株式会社,date_of_establishment,1977-01-19,date,wikidata,https://www.wikidata.org/wiki/Q11506947,Q11506947,,2026-08-15T07:57:14Z,Wikidata P571,
E03367,2681,株式会社ゲオホールディングス,date_of_establishment,1989-01-10,date,wikidata,https://www.wikidata.org/wiki/Q11301501,Q11301501,,2026-08-15T07:57:14Z,Wikidata P571,
E03372,2687,株式会社シー・ヴイ・エス・ベイエリア,date_of_establishment,1981-02-19,date,wikidata,https://www.wikidata.org/wiki/Q11308958,Q11308958,,2026-08-15T07:57:14Z,Wikidata P571,
E03374,2694,株式会社焼肉坂井ホールディングス,date_of_establishment,1959-11-25,date,wikidata,https://www.wikidata.org/wiki/Q11311086,Q11311086,,2026-08-15T07:57:14Z,Wikidata P571,
E03375,2695,くら寿司株式会社,date_of_establishment,1995-11-01,date,wikidata,https://www.wikidata.org/wiki/Q6445491,Q6445491,,2026-08-15T07:57:14Z,Wikidata P571,
E03377,2698,株式会社キャンドゥ,date_of_establishment,1993-12-03,date,wikidata,https://www.wikidata.org/wiki/Q11297367,Q11297367,,2026-08-15T07:57:14Z,Wikidata P571,
E03379,4337,ぴあ株式会社,date_of_establishment,1974-12-20,date,wikidata,https://www.wikidata.org/wiki/Q11276881,Q11276881,,2026-08-15T07:57:14Z,Wikidata P571,
E03380,2705,株式会社大戸屋ホールディングス,date_of_establishment,1983-05-20,date,wikidata,https://www.wikidata.org/wiki/Q11435522,Q11435522,,2026-08-15T07:57:14Z,Wikidata P571,
E03386,2722,株式会社ＩＫホールディングス,date_of_establishment,1982-05-01,date,wikidata,https://www.wikidata.org/wiki/Q11282107,Q11282107,,2026-08-15T07:57:14Z,Wikidata P571,
E03387,2726,株式会社パルグループホールディングス,date_of_establishment,1973-10-27,date,wikidata,https://www.wikidata.org/wiki/Q93404038,Q93404038,,2026-08-15T07:57:14Z,Wikidata P571,
E03391,2735,株式会社ワッツ,date_of_establishment,1995-02-22,date,wikidata,https://www.wikidata.org/wiki/Q11351402,Q11351402,,2026-08-15T07:57:14Z,Wikidata P571,
E03392,2736,フェスタリアホールディングス株式会社,date_of_establishment,1964-03-24,date,wikipedia,https://ja.wikipedia.org/wiki/%E3%83%95%E3%82%A7%E3%82%B9%E3%82%BF%E3%83%AA%E3%82%A2%E3%83%9B%E3%83%BC%E3%83%AB%E3%83%87%E3%82%A3%E3%83%B3%E3%82%B0%E3%82%B9,,フェスタリアホールディングス,2026-08-15T07:57:18Z,Wikipedia infobox 設立,
E03393,2305,株式会社スタジオアリス,date_of_establishment,1974-05-30,date,wikidata,https://www.wikidata.org/wiki/Q11311820,Q11311820,,2026-08-15T07:57:14Z,Wikidata P571,
E03395,2742,株式会社ハローズ,date_of_establishment,1958-10-14,date,wikidata,https://www.wikidata.org/wiki/Q11327000,Q11327000,,2026-08-15T07:57:14Z,Wikidata P571,
E03397,2747,北雄ラッキー株式会社,date_of_establishment,1971-04-03,date,wikidata,https://www.wikidata.org/wiki/Q11404500,Q11404500,,2026-08-15T07:57:14Z,Wikidata P571,
E03398,2753,株式会社　あみやき亭,date_of_establishment,1995-06-22,date,wikidata,https://www.wikidata.org/wiki/Q11258392,Q11258392,,2026-08-15T07:57:14Z,Wikidata P571,
E03399,2730,株式会社エディオン,date_of_establishment,2002-03-29,date,wikidata,https://www.wikidata.org/wiki/Q11290252,Q11290252,,2026-08-15T07:57:14Z,Wikidata P571,
E03400,2752,株式会社フジオフードグループ本社,date_of_establishment,1999-11-11,date,wikidata,https://www.wikidata.org/wiki/Q11333101,Q11333101,,2026-08-15T07:57:14Z,Wikidata P571,
E03404,2762,株式会社ＳＡＮＫＯ　ＭＡＲＫＥＴＩＮＧ　ＦＯＯＤＳ,date_of_establishment,1983-02-03,date,wikidata,https://www.wikidata.org/wiki/Q11354428,Q11354428,,2026-08-15T07:57:14Z,Wikidata P571,
E03406,2764,株式会社ひらまつ,date_of_establishment,1983-06-15,date,wikipedia,https://ja.wikipedia.org/wiki/%E3%81%B2%E3%82%89%E3%81%BE%E3%81%A4,,ひらまつ,2026-08-15T07:57:18Z,Wikipedia infobox 設立,
E03407,2767,円谷フィールズホールディングス株式会社,date_of_establishment,1988-06-10,date,wikidata,https://www.wikidata.org/wiki/Q114740609,Q114740609,,2026-08-15T07:57:14Z,Wikidata P571,
E03408,2734,株式会社サーラコーポレーション,date_of_establishment,2002-05-01,date,wikidata,https://www.wikidata.org/wiki/Q11306276,Q11306276,,2026-08-15T07:57:14Z,Wikidata P571,
E03409,2769,株式会社ヴィレッジヴァンガードコーポレーション,date_of_establishment,1998-05-13,date,wikidata,https://www.wikidata.org/wiki/Q11352080,Q11352080,,2026-08-15T07:57:14Z,Wikidata P571,
E03416,2780,株式会社コメ兵ホールディングス,date_of_establishment,1979-05-04,date,wikidata,https://www.wikidata.org/wiki/Q10855295,Q10855295,,2026-08-15T07:57:14Z,Wikidata P571,
E03418,2782,株式会社セリア,date_of_establishment,1987-10-20,date,wikidata,https://www.wikidata.org/wiki/Q11314509,Q11314509,,2026-08-15T07:57:14Z,Wikidata P571,
E03421,2790,株式会社ナフコ,date_of_establishment,1970-08-19,date,wikidata,https://www.wikidata.org/wiki/Q11323981,Q11323981,,2026-08-15T07:57:14Z,Wikidata P571,
E03422,2789,株式会社カルラ,date_of_establishment,1979-10-23,date,wikidata,https://www.wikidata.org/wiki/Q11295178,Q11295178,,2026-08-15T07:57:14Z,Wikidata P571,
E03423,2791,大黒天物産株式会社,date_of_establishment,1993-06-01,date,wikidata,https://www.wikidata.org/wiki/Q11442062,Q11442062,,2026-08-15T07:57:14Z,Wikidata P571,
E03424,2792,株式会社ハニーズホールディングス,date_of_establishment,2016-07-21,date,wikipedia,https://ja.wikipedia.org/wiki/%E3%83%8F%E3%83%8B%E3%83%BC%E3%82%BA%E3%83%9B%E3%83%BC%E3%83%AB%E3%83%87%E3%82%A3%E3%83%B3%E3%82%B0%E3%82%B9,,ハニーズホールディングス,2026-08-15T08:40:44Z,Wikipedia infobox 設立,
E03428,2798,株式会社ワイズテーブルコーポレーション,date_of_establishment,1999-03-01,date,wikidata,https://www.wikidata.org/wiki/Q11351169,Q11351169,,2026-08-15T07:57:14Z,Wikidata P571,
E03432,3317,株式会社フライングガーデン,date_of_establishment,1981-12-04,date,wikidata,https://www.wikidata.org/wiki/Q11333469,Q11333469,,2026-08-15T07:57:14Z,Wikidata P571,
E03434,3326,株式会社ランシステム,date_of_establishment,1988-12-21,date,wikidata,https://www.wikidata.org/wiki/Q11347514,Q11347514,,2026-08-15T07:57:14Z,Wikidata P571,
E03436,3329,東和フードサービス株式会社,date_of_establishment,1981-07-10,date,wikidata,https://www.wikidata.org/wiki/Q11526342,Q11526342,,2026-08-15T07:57:14Z,Wikidata P571,
E03439,3333,株式会社あさひ,date_of_establishment,1975-05-21,date,wikidata,https://www.wikidata.org/wiki/Q11257202,Q11257202,,2026-08-15T07:57:14Z,Wikidata P571,
E03443,3353,株式会社メディカル一光グループ,date_of_establishment,1985-04-17,date,wikidata,https://www.wikidata.org/wiki/Q11343865,Q11343865,,2026-08-15T07:57:14Z,Wikidata P571,
E03446,3349,株式会社コスモス薬品,date_of_establishment,1983-12,month,wikidata,https://www.wikidata.org/wiki/Q11302127,Q11302127,,2026-08-15T07:57:14Z,Wikidata P571,
E03447,3352,株式会社バッファロー,date_of_establishment,1983-04-28,date,wikidata,https://www.wikidata.org/wiki/Q11327841,Q11327841,,2026-08-15T07:57:14Z,Wikidata P571,
E03450,3360,シップヘルスケアホールディングス株式会社,date_of_establishment,1992-08-27,date,wikipedia,https://ja.wikipedia.org/wiki/%E3%82%B7%E3%83%83%E3%83%97%E3%83%98%E3%83%AB%E3%82%B9%E3%82%B1%E3%82%A2%E3%83%9B%E3%83%BC%E3%83%AB%E3%83%87%E3%82%A3%E3%83%B3%E3%82%B0%E3%82%B9,,シップヘルスケアホールディングス,2026-08-15T07:57:18Z,Wikipedia infobox 設立,
E03454,3361,株式会社トーエル,date_of_establishment,1963-05-22,date,wikidata,https://www.wikidata.org/wiki/Q11322303,Q11322303,,2026-08-15T07:57:14Z,Wikidata P571,
E03456,3370,株式会社フジタコーポレーション,date_of_establishment,1990-02-08,date,wikidata,https://www.wikidata.org/wiki/Q11333146,Q11333146,,2026-08-15T07:57:14Z,Wikidata P571,
E03457,3372,株式会社関門海,date_of_establishment,1989-05-18,date,wikidata,https://www.wikidata.org/wiki/Q11656478,Q11656478,,2026-08-15T07:57:14Z,Wikidata P571,
E03460,3375,株式会社ＺＯＡ,date_of_establishment,1984-04-27,date,wikipedia,https://ja.wikipedia.org/wiki/ZOA,,ZOA,2026-08-15T07:57:18Z,Wikipedia infobox 設立,
E03462,3382,株式会社セブン＆アイ・ホールディングス,date_of_establishment,2005-09-01,date,wikidata,https://www.wikidata.org/wiki/Q639447,Q639447,,2026-08-15T07:57:14Z,Wikidata P571,
E03464,3391,株式会社ツルハホールディングス,date_of_establishment,1963-06-01,date,wikidata,https://www.wikidata.org/wiki/Q11318827,Q11318827,,2026-08-15T07:57:14Z,Wikidata P571,
E03467,3396,株式会社フェリシモ,date_of_establishment,2002-08-01,date,wikidata,https://www.wikidata.org/wiki/Q11332729,Q11332729,,2026-08-15T07:57:14Z,Wikidata P571,
E03468,3397,株式会社トリドールホールディングス,date_of_establishment,1995-10-28,date,wikidata,https://www.wikidata.org/wiki/Q11321982,Q11321982,,2026-08-15T07:57:14Z,Wikidata P571,
E03470,3399,株式会社丸千代山岡家,date_of_establishment,1993-03-08,date,wikidata,https://www.wikidata.org/wiki/Q11368053,Q11368053,,2026-08-15T07:57:14Z,Wikidata P571,
E03471,3046,株式会社ジンズホールディングス,date_of_establishment,1988-07,month,wikidata,https://www.wikidata.org/wiki/Q11308974,Q11308974,,2026-08-15T07:57:14Z,Wikidata P571,
E03472,3020,アプライド株式会社,date_of_establishment,1982-09-20,date,wikidata,https://www.wikidata.org/wiki/Q11284742,Q11284742,,2026-08-15T07:57:14Z,Wikidata P571,
E03473,3030,株式会社ハブ,date_of_establishment,1998-05-28,date,wikidata,https://www.wikidata.org/wiki/Q11326653,Q11326653,,2026-08-15T07:57:14Z,Wikidata P571,
E03474,3032,株式会社ゴルフ・ドゥ,date_of_establishment,1987-09,month,wikidata,https://www.wikidata.org/wiki/Q11303734,Q11303734,,2026-08-15T07:57:14Z,Wikidata P571,
E03475,3028,株式会社アルペン,date_of_establishment,1972-07-08,date,wikidata,https://www.wikidata.org/wiki/Q17192331,Q17192331,,2026-08-15T07:57:14Z,Wikidata P571,
E03476,3034,クオールホールディングス株式会社,date_of_establishment,1992-10-13,date,wikipedia,https://ja.wikipedia.org/wiki/%E3%82%AF%E3%82%AA%E3%83%BC%E3%83%AB%E3%83%9B%E3%83%BC%E3%83%AB%E3%83%87%E3%82%A3%E3%83%B3%E3%82%B0%E3%82%B9,,クオールホールディングス,2026-08-15T07:57:18Z,Wikipedia infobox 設立,
E03478,3053,株式会社ペッパーフードサービス,date_of_establishment,1995-08-19,date,wikidata,https://www.wikidata.org/wiki/Q11337413,Q11337413,,2026-08-15T07:57:14Z,Wikidata P571,
E03481,3048,株式会社ビックカメラ,date_of_establishment,1968-03,month,wikidata,https://www.wikidata.org/wiki/Q4903531,Q4903531,,2026-08-15T07:57:14Z,Wikidata P571,
E03482,3047,株式会社ＴＲＵＣＫ－ＯＮＥ,date_of_establishment,1990-01,month,wikidata,https://www.wikidata.org/wiki/Q11250111,Q11250111,,2026-08-15T07:57:14Z,Wikidata P571,
E03485,3067,株式会社東京一番フーズ,date_of_establishment,1998-10-28,date,wikidata,https://www.wikidata.org/wiki/Q11524493,Q11524493,,2026-08-15T07:57:14Z,Wikidata P571,
E03487,3058,株式会社三洋堂ホールディングス,date_of_establishment,1978-12-21,date,wikidata,https://www.wikidata.org/wiki/Q11356277,Q11356277,,2026-08-15T07:57:14Z,Wikidata P571,
E03489,3050,ＤＣＭホールディングス株式会社,date_of_establishment,2006-09-01,date,wikidata,https://www.wikidata.org/wiki/Q11195603,Q11195603,,2026-08-15T07:57:14Z,Wikidata P571,
E03490,3065,株式会社ライフフーズ,date_of_establishment,1981-07-25,date,wikidata,https://www.wikidata.org/wiki/Q11346499,Q11346499,,2026-08-15T07:57:14Z,Wikidata P571,
E03492,262A,株式会社インターメスティック,date_of_establishment,1993-05-20,date,wikipedia,https://ja.wikipedia.org/wiki/%E3%82%A4%E3%83%B3%E3%82%BF%E3%83%BC%E3%83%A1%E3%82%B9%E3%83%86%E3%82%A3%E3%83%83%E3%82%AF,,インターメスティック,2026-08-15T07:57:18Z,Wikipedia infobox 設立,
E03493,7823,株式会社アートネイチャー,date_of_establishment,1967-06-23,date,wikidata,https://www.wikidata.org/wiki/Q11285659,Q11285659,,2026-08-15T07:57:14Z,Wikidata P571,
E03494,3059,ヒラキ株式会社,date_of_establishment,1978-04-22,date,wikidata,https://www.wikidata.org/wiki/Q11330294,Q11330294,,2026-08-15T07:57:14Z,Wikidata P571,
E03495,3063,株式会社ジェイグループホールディングス,date_of_establishment,1997-03-03,date,wikidata,https://www.wikidata.org/wiki/Q17210886,Q17210886,,2026-08-15T07:57:14Z,Wikidata P571,
E03496,3068,株式会社ＷＤＩ,date_of_establishment,1954-04,month,wikidata,https://www.wikidata.org/wiki/Q24872979,Q24872979,,2026-08-15T07:57:14Z,Wikidata P571,
E03497,3064,株式会社ＭｏｎｏｔａＲＯ,date_of_establishment,2000-10-19,date,wikidata,https://www.wikidata.org/wiki/Q11233609,Q11233609,,2026-08-15T07:57:14Z,Wikidata P571,
E03500,3066,株式会社ＪＢイレブン,date_of_establishment,1981-09-01,date,wikidata,https://www.wikidata.org/wiki/Q11225494,Q11225494,,2026-08-15T07:57:14Z,Wikidata P571,
E03506,3071,株式会社ストリーム,date_of_establishment,2001-10-01,date,wikipedia,https://ja.wikipedia.org/wiki/%E3%82%B9%E3%83%88%E3%83%AA%E3%83%BC%E3%83%A0,,ストリーム,2026-08-15T08:40:44Z,Wikipedia infobox 設立,
E03507,3075,株式会社銚子丸,date_of_establishment,1977-11-02,date,wikidata,https://www.wikidata.org/wiki/Q11650214,Q11650214,,2026-08-15T07:57:14Z,Wikidata P571,
E03508,3069,株式会社　ＪＦＬＡホールディングス,date_of_establishment,2007-01-12,date,wikidata,https://www.wikidata.org/wiki/Q11283571,Q11283571,,2026-08-15T07:57:14Z,Wikidata P571,
E03509,3080,株式会社ジェーソン,date_of_establishment,1973-07-02,date,wikidata,https://www.wikidata.org/wiki/Q11309400,Q11309400,,2026-08-15T07:57:14Z,Wikidata P571,
E03512,3082,株式会社きちりホールディングス,date_of_establishment,2000-11-03,date,wikipedia,https://ja.wikipedia.org/wiki/%E3%81%8D%E3%81%A1%E3%82%8A%E3%83%9B%E3%83%BC%E3%83%AB%E3%83%87%E3%82%A3%E3%83%B3%E3%82%B0%E3%82%B9,,きちりホールディングス,2026-08-15T07:57:18Z,Wikipedia infobox 設立,
E03515,3197,株式会社すかいらーくホールディングス,date_of_establishment,1962-04-04,date,wikidata,https://www.wikidata.org/wiki/Q11253593,Q11253593,,2026-08-15T07:57:14Z,Wikidata P571,
E03516,3086,Ｊ．フロント　リテイリング株式会社,date_of_establishment,2007-09-03,date,wikidata,https://www.wikidata.org/wiki/Q11225149,Q11225149,,2026-08-15T07:57:14Z,Wikidata P571,
E03517,3091,株式会社ブロンコビリー,date_of_establishment,1983-12-26,date,wikidata,https://www.wikidata.org/wiki/Q11335154,Q11335154,,2026-08-15T07:57:14Z,Wikidata P571,
E03518,3087,株式会社ドトール・日レスホールディングス,date_of_establishment,2007-10-01,date,wikidata,https://www.wikidata.org/wiki/Q11322733,Q11322733,,2026-08-15T07:57:14Z,Wikidata P571,
E03519,3088,株式会社マツキヨココカラ＆カンパニー,date_of_establishment,2007-10-01,date,wikidata,https://www.wikidata.org/wiki/Q11340607,Q11340607,,2026-08-15T07:57:14Z,Wikidata P571,
E03520,3093,株式会社トレジャー・ファクトリー,date_of_establishment,1999-12-01,date,wikidata,https://www.wikidata.org/wiki/Q11322108,Q11322108,,2026-08-15T07:57:14Z,Wikidata P571,
E03521,3099,株式会社三越伊勢丹ホールディングス,date_of_establishment,2008-04-01,date,wikidata,https://www.wikidata.org/wiki/Q6079763,Q6079763,,2026-08-15T07:57:14Z,Wikidata P571,
E03524,3096,株式会社オーシャンシステム,date_of_establishment,1978-11-01,date,wikidata,https://www.wikidata.org/wiki/Q11293204,Q11293204,,2026-08-15T07:57:14Z,Wikidata P571,
E03528,3097,株式会社物語コーポレーション,date_of_establishment,1969-09-04,date,wikidata,https://www.wikidata.org/wiki/Q11570677,Q11570677,,2026-08-15T07:57:14Z,Wikidata P571,
E03530,8303,株式会社ＳＢＩ新生銀行,date_of_establishment,1952-12-01,date,wikidata,https://www.wikidata.org/wiki/Q571997,Q571997,,2026-08-15T07:57:14Z,Wikidata P571,
E03531,8304,株式会社あおぞら銀行,date_of_establishment,1957-04-01,date,wikidata,https://www.wikidata.org/wiki/Q4778847,Q4778847,,2026-08-15T07:57:14Z,Wikidata P571,
E03543,8345,株式会社岩手銀行,date_of_establishment,1932,year,wikidata,https://www.wikidata.org/wiki/Q4856137,Q4856137,,2026-08-15T07:57:14Z,Wikidata P571,
E03544,8349,株式会社　東北銀行,date_of_establishment,1950-11-01,date,wikidata,https://www.wikidata.org/wiki/Q7813285,Q7813285,,2026-08-15T07:57:14Z,Wikidata P571,
E03545,8341,株式会社七十七銀行,date_of_establishment,1878-12,month,wikidata,https://www.wikidata.org/wiki/Q7711979,Q7711979,,2026-08-15T07:57:14Z,Wikidata P571,
E03546,8343,株式会社秋田銀行,date_of_establishment,1879,year,wikidata,https://www.wikidata.org/wiki/Q4701222,Q4701222,,2026-08-15T07:57:14Z,Wikidata P571,
E03549,8344,株式会社山形銀行,date_of_establishment,1896-04-14,date,wikidata,https://www.wikidata.org/wiki/Q8047618,Q8047618,,2026-08-15T07:57:14Z,Wikidata P571,
E03550,8346,株式会社東邦銀行,date_of_establishment,1941,year,wikidata,https://www.wikidata.org/wiki/Q3650497,Q3650497,,2026-08-15T07:57:14Z,Wikidata P571,
E03552,8338,株式会社筑波銀行,date_of_establishment,1952-09-25,date,wikidata,https://www.wikidata.org/wiki/Q11602899,Q11602899,,2026-08-15T07:57:14Z,Wikidata P571,
E03554,8334,株式会社　群馬銀行,date_of_establishment,1932-09-14,date,wikidata,https://www.wikidata.org/wiki/Q11609920,Q11609920,,2026-08-15T07:57:14Z,Wikidata P571,
E03555,8336,株式会社武蔵野銀行,date_of_establishment,1952-03-06,date,wikidata,https://www.wikidata.org/wiki/Q11546449,Q11546449,,2026-08-15T07:57:14Z,Wikidata P571,
E03556,8331,株式会社千葉銀行,date_of_establishment,1943-03-31,date,wikidata,https://www.wikidata.org/wiki/Q1071712,Q1071712,,2026-08-15T07:57:14Z,Wikidata P571,
E03557,8337,株式会社千葉興業銀行,date_of_establishment,1952,year,wikidata,https://www.wikidata.org/wiki/Q11406742,Q11406742,,2026-08-15T07:57:14Z,Wikidata P571,
E03562,8360,株式会社　山梨中央銀行,date_of_establishment,1941-12-01,date,wikidata,https://www.wikidata.org/wiki/Q11469601,Q11469601,,2026-08-15T07:57:14Z,Wikidata P571,
E03563,8359,株式会社八十二長野銀行,date_of_establishment,1931-08-01,date,wikidata,https://www.wikidata.org/wiki/Q11390608,Q11390608,,2026-08-15T07:57:14Z,Wikidata P571,
E03565,8365,株式会社　富山銀行,date_of_establishment,1954-02-01,date,wikidata,https://www.wikidata.org/wiki/Q11456858,Q11456858,,2026-08-15T07:57:14Z,Wikidata P571,
E03567,8362,株式会社福井銀行,date_of_establishment,1899-12-19,date,wikidata,https://www.wikidata.org/wiki/Q11591768,Q11591768,,2026-08-15T07:57:14Z,Wikidata P571,
E03568,8361,株式会社　大垣共立銀行,date_of_establishment,1896-03-09,date,wikidata,https://www.wikidata.org/wiki/Q11433765,Q11433765,,2026-08-15T07:57:14Z,Wikidata P571,
E03571,8358,スルガ銀行株式会社,date_of_establishment,1895-10-19,date,wikidata,https://www.wikidata.org/wiki/Q11313470,Q11313470,,2026-08-15T07:57:14Z,Wikidata P571,
E03572,8364,株式会社清水銀行,date_of_establishment,1928-07-01,date,wikidata,https://www.wikidata.org/wiki/Q11561219,Q11561219,,2026-08-15T07:57:14Z,Wikidata P571,
E03574,8368,株式会社　百五銀行,date_of_establishment,1878-12-04,date,wikidata,https://www.wikidata.org/wiki/Q11580676,Q11580676,,2026-08-15T07:57:14Z,Wikidata P571,
E03575,8366,株式会社滋賀銀行,date_of_establishment,1933-10-01,date,wikidata,https://www.wikidata.org/wiki/Q11564978,Q11564978,,2026-08-15T07:57:14Z,Wikidata P571,
E03580,8367,株式会社南都銀行,date_of_establishment,1934-06-01,date,wikidata,https://www.wikidata.org/wiki/Q4045062,Q4045062,,2026-08-15T07:57:14Z,Wikidata P571,
E03581,8370,株式会社紀陽銀行,date_of_establishment,1895-05-02,date,wikidata,https://www.wikidata.org/wiki/Q11605123,Q11605123,,2026-08-15T07:57:14Z,Wikidata P571,
E03582,8383,株式会社　鳥取銀行,date_of_establishment,1949-10-01,date,wikidata,https://www.wikidata.org/wiki/Q11173665,Q11173665,,2026-08-15T07:57:14Z,Wikidata P571,
E03583,8381,株式会社山陰合同銀行,date_of_establishment,1941-07-01,date,wikidata,https://www.wikidata.org/wiki/Q11047543,Q11047543,,2026-08-15T07:57:14Z,Wikidata P571,
E03587,8388,株式会社阿波銀行,date_of_establishment,1896-06-19,date,wikidata,https://www.wikidata.org/wiki/Q11657580,Q11657580,,2026-08-15T07:57:14Z,Wikidata P571,
E03588,8386,株式会社百十四銀行,date_of_establishment,1878-11-01,date,wikidata,https://www.wikidata.org/wiki/Q11580692,Q11580692,,2026-08-15T07:57:14Z,Wikidata P571,
E03590,8387,株式会社四国銀行,date_of_establishment,1878-10-17,date,wikidata,https://www.wikidata.org/wiki/Q11419788,Q11419788,,2026-08-15T07:57:14Z,Wikidata P571,
E03592,8398,株式会社筑邦銀行,date_of_establishment,1952-12-23,date,wikidata,https://www.wikidata.org/wiki/Q11602993,Q11602993,,2026-08-15T07:57:14Z,Wikidata P571,
E03596,8392,株式会社大分銀行,date_of_establishment,1893-02-01,date,wikidata,https://www.wikidata.org/wiki/Q10933745,Q10933745,,2026-08-15T07:57:14Z,Wikidata P571,
E03597,8393,株式会社宮崎銀行,date_of_establishment,1932-07-27,date,wikidata,https://www.wikidata.org/wiki/Q11454623,Q11454623,,2026-08-15T07:57:14Z,Wikidata P571,
E03599,8395,株式会社佐賀銀行,date_of_establishment,1955-07-11,date,wikidata,https://www.wikidata.org/wiki/Q11384891,Q11384891,,2026-08-15T07:57:14Z,Wikidata P571,
E03602,8399,株式会社琉球銀行,date_of_establishment,1948,year,wikidata,https://www.wikidata.org/wiki/Q4587530,Q4587530,,2026-08-15T07:57:14Z,Wikidata P571,
E03606,8306,株式会社三菱ＵＦＪフィナンシャル・グループ,date_of_establishment,2005-10-01,date,wikidata,https://www.wikidata.org/wiki/Q1542175,Q1542175,,2026-08-15T07:57:14Z,Wikidata P571,
E03610,8308,株式会社　りそなホールディングス,date_of_establishment,2001,year,wikidata,https://www.wikidata.org/wiki/Q1232514,Q1232514,,2026-08-15T07:57:14Z,Wikidata P571,
E03611,8309,三井住友トラストグループ株式会社,date_of_establishment,2002,year,wikidata,https://www.wikidata.org/wiki/Q5215535,Q5215535,,2026-08-15T07:57:14Z,Wikidata P571,
E03614,8316,株式会社三井住友フィナンシャルグループ,date_of_establishment,2002-12-02,date,wikidata,https://www.wikidata.org/wiki/Q2094989,Q2094989,,2026-08-15T07:57:14Z,Wikidata P571,
E03615,8411,株式会社みずほフィナンシャルグループ,date_of_establishment,1999,year,wikidata,https://www.wikidata.org/wiki/Q166621,Q166621,,2026-08-15T07:57:14Z,Wikidata P571,
E03618,8377,株式会社ほくほくフィナンシャルグループ,date_of_establishment,2003-09-26,date,wikidata,https://www.wikidata.org/wiki/Q11277712,Q11277712,,2026-08-15T07:57:14Z,Wikidata P571,
E03621,5838,楽天銀行株式会社,date_of_establishment,2000-01-14,date,wikidata,https://www.wikidata.org/wiki/Q11541601,Q11541601,,2026-08-15T07:57:14Z,Wikidata P571,
E03622,8418,株式会社山口フィナンシャルグループ,date_of_establishment,2006-10-02,date,wikidata,https://www.wikidata.org/wiki/Q11044787,Q11044787,,2026-08-15T07:57:14Z,Wikidata P571,
E03623,8410,株式会社セブン銀行,date_of_establishment,2001-04-10,date,wikidata,https://www.wikidata.org/wiki/Q7457182,Q7457182,,2026-08-15T07:57:14Z,Wikidata P571,
E03624,8354,株式会社ふくおかフィナンシャルグループ,date_of_establishment,2007-04-02,date,wikidata,https://www.wikidata.org/wiki/Q5507690,Q5507690,,2026-08-15T07:57:14Z,Wikidata P571,
E03632,8524,株式会社北洋銀行,date_of_establishment,1917-08-20,date,wikidata,https://www.wikidata.org/wiki/Q11402354,Q11402354,,2026-08-15T07:57:14Z,Wikidata P571,
E03634,8551,株式会社　北日本銀行,date_of_establishment,1942-02,month,wikidata,https://www.wikidata.org/wiki/Q11401871,Q11401871,,2026-08-15T07:57:14Z,Wikidata P571,
E03637,8562,株式会社　福島銀行,date_of_establishment,1922-11-27,date,wikidata,https://www.wikidata.org/wiki/Q11593761,Q11593761,,2026-08-15T07:57:14Z,Wikidata P571,
E03639,8550,株式会社　栃木銀行,date_of_establishment,1942-12-08,date,wikidata,https://www.wikidata.org/wiki/Q11535598,Q11535598,,2026-08-15T07:57:14Z,Wikidata P571,
E03640,8558,株式会社東和銀行,date_of_establishment,1917-06-11,date,wikidata,https://www.wikidata.org/wiki/Q11526364,Q11526364,,2026-08-15T07:57:14Z,Wikidata P571,
E03641,8544,株式会社　京葉銀行,date_of_establishment,1943-03-31,date,wikidata,https://www.wikidata.org/wiki/Q11374734,Q11374734,,2026-08-15T07:57:14Z,Wikidata P571,
E03645,8537,株式会社大光銀行,date_of_establishment,1942-03-10,date,wikidata,https://www.wikidata.org/wiki/Q11432473,Q11432473,,2026-08-15T07:57:14Z,Wikidata P571,
E03646,7184,株式会社　富山第一銀行,date_of_establishment,1944-10-01,date,wikidata,https://www.wikidata.org/wiki/Q11456838,Q11456838,,2026-08-15T07:57:14Z,Wikidata P571,
E03652,8522,株式会社　名古屋銀行,date_of_establishment,1949,year,wikidata,https://www.wikidata.org/wiki/Q3634313,Q3634313,,2026-08-15T07:57:14Z,Wikidata P571,
E03663,8541,株式会社　愛媛銀行,date_of_establishment,1943-03-20,date,wikidata,https://www.wikidata.org/wiki/Q11493804,Q11493804,,2026-08-15T07:57:14Z,Wikidata P571,
E03664,8416,株式会社高知銀行,date_of_establishment,1930-01-20,date,wikidata,https://www.wikidata.org/wiki/Q11672562,Q11672562,,2026-08-15T07:57:14Z,Wikidata P571,
E03669,8560,株式会社　宮崎太陽銀行,date_of_establishment,1941-08-01,date,wikidata,https://www.wikidata.org/wiki/Q11454242,Q11454242,,2026-08-15T07:57:14Z,Wikidata P571,
E03670,8554,株式会社南日本銀行,date_of_establishment,1913-09,month,wikidata,https://www.wikidata.org/wiki/Q11407901,Q11407901,,2026-08-15T07:57:14Z,Wikidata P571,
E03673,8559,株式会社豊和銀行,date_of_establishment,1949-12-22,date,wikidata,https://www.wikidata.org/wiki/Q11633354,Q11633354,,2026-08-15T07:57:14Z,Wikidata P571,
E03674,8563,株式会社大東銀行,date_of_establishment,1942-08-18,date,wikidata,https://www.wikidata.org/wiki/Q11436170,Q11436170,,2026-08-15T07:57:14Z,Wikidata P571,
E03678,8542,株式会社トマト銀行,date_of_establishment,1931,year,wikidata,https://www.wikidata.org/wiki/Q11321399,Q11321399,,2026-08-15T07:57:14Z,Wikidata P571,
E03679,7150,株式会社島根銀行,date_of_establishment,1915-05-20,date,wikidata,https://www.wikidata.org/wiki/Q11052354,Q11052354,,2026-08-15T07:57:14Z,Wikidata P571,
E03688,8511,日本証券金融株式会社,date_of_establishment,1927-07-08,date,wikidata,https://www.wikidata.org/wiki/Q11509108,Q11509108,,2026-08-15T07:57:14Z,Wikidata P571,
E03693,8572,アコム株式会社,date_of_establishment,1978-10-23,date,wikidata,https://www.wikidata.org/wiki/Q4674469,Q4674469,,2026-08-15T07:57:14Z,Wikidata P571,
E03695,8518,日本アジア投資株式会社,date_of_establishment,1981-07-10,date,wikidata,https://www.wikidata.org/wiki/Q11506216,Q11506216,,2026-08-15T07:57:14Z,Wikidata P571,
E03716,8747,豊トラスティ証券株式会社,date_of_establishment,1957-01-17,date,wikidata,https://www.wikidata.org/wiki/Q11633353,Q11633353,,2026-08-15T07:57:14Z,Wikidata P571,
E03717,8746,ｕｎｂａｎｋｅｄ株式会社,date_of_establishment,1972-11-08,date,wikidata,https://www.wikidata.org/wiki/Q97142641,Q97142641,,2026-08-15T07:57:14Z,Wikidata P571,
E03723,8742,株式会社小林洋行,date_of_establishment,1949-03-26,date,wikidata,https://www.wikidata.org/wiki/Q96324109,Q96324109,,2026-08-15T07:57:14Z,Wikidata P571,
E03724,8508,Ｊトラスト株式会社,date_of_establishment,1977-03-18,date,wikidata,https://www.wikidata.org/wiki/Q11227079,Q11227079,,2026-08-15T07:57:14Z,Wikidata P571,
E03729,8421,信金中央金庫,date_of_establishment,1950-06-01,date,wikidata,https://www.wikidata.org/wiki/Q11386278,Q11386278,,2026-08-15T07:57:14Z,Wikidata P571,
E03733,8737,株式会社あかつき本社,date_of_establishment,1950-09-14,date,wikidata,https://www.wikidata.org/wiki/Q11256864,Q11256864,,2026-08-15T07:57:14Z,Wikidata P571,
E03739,8705,日産証券グループ株式会社,date_of_establishment,2005-04-01,date,wikipedia,https://ja.wikipedia.org/wiki/%E6%97%A5%E7%94%A3%E8%A8%BC%E5%88%B8%E3%82%B0%E3%83%AB%E3%83%BC%E3%83%97,,日産証券グループ,2026-08-15T07:57:18Z,Wikipedia infobox 設立,
E03745,2134,北浜キャピタルパートナーズ株式会社,date_of_establishment,1997-05-31,date,wikidata,https://www.wikidata.org/wiki/Q11569282,Q11569282,,2026-08-15T07:57:14Z,Wikidata P571,
E03746,8772,株式会社アサックス,date_of_establishment,1969-07-09,date,wikidata,https://www.wikidata.org/wiki/Q11283157,Q11283157,,2026-08-15T07:57:14Z,Wikidata P571,
E03752,8604,野村ホールディングス株式会社,date_of_establishment,1925,year,wikidata,https://www.wikidata.org/wiki/Q1295105,Q1295105,,2026-08-15T07:57:14Z,Wikidata P571,
E03753,8601,株式会社大和証券グループ本社,date_of_establishment,1943-12-27,date,wikidata,https://www.wikidata.org/wiki/Q1157716,Q1157716,,2026-08-15T07:57:14Z,Wikidata P571,
E03756,8609,株式会社岡三証券グループ,date_of_establishment,1944-08-25,date,wikidata,https://www.wikidata.org/wiki/Q11471927,Q11471927,,2026-08-15T07:57:14Z,Wikidata P571,
E03760,8613,丸三証券株式会社,date_of_establishment,1944-03-22,date,wikidata,https://www.wikidata.org/wiki/Q11367975,Q11367975,,2026-08-15T07:57:14Z,Wikidata P571,
E03762,8622,水戸証券株式会社,date_of_establishment,1944-06-26,date,wikidata,https://www.wikidata.org/wiki/Q11548638,Q11548638,,2026-08-15T07:57:14Z,Wikidata P571,
E03763,8708,アイザワ証券グループ株式会社,date_of_establishment,1933-10-03,date,wikidata,https://www.wikidata.org/wiki/Q11622594,Q11622594,,2026-08-15T07:57:14Z,Wikidata P571,
E03764,8616,東海東京フィナンシャル・ホールディングス株式会社,date_of_establishment,2009,year,wikidata,https://www.wikidata.org/wiki/Q11527899,Q11527899,,2026-08-15T07:57:14Z,Wikidata P571,
E03768,8614,東洋証券株式会社,date_of_establishment,1934-04-01,date,wikidata,https://www.wikidata.org/wiki/Q11527696,Q11527696,,2026-08-15T07:57:14Z,Wikidata P571,
E03770,8699,ＨＳホールディングス株式会社,date_of_establishment,1958-01-21,date,wikidata,https://www.wikidata.org/wiki/Q11565940,Q11565940,,2026-08-15T07:57:14Z,Wikidata P571,
E03772,8624,いちよし証券株式会社,date_of_establishment,1950,year,wikipedia,https://ja.wikipedia.org/wiki/%E3%81%84%E3%81%A1%E3%82%88%E3%81%97%E8%A8%BC%E5%88%B8,,いちよし証券,2026-08-15T07:57:18Z,Wikipedia infobox 設立,
E03784,8706,極東証券株式会社,date_of_establishment,1947-03-13,date,wikidata,https://www.wikidata.org/wiki/Q11541468,Q11541468,,2026-08-15T07:57:14Z,Wikidata P571,
E03788,8707,岩井コスモホールディングス株式会社,date_of_establishment,1944-07-04,date,wikidata,https://www.wikidata.org/wiki/Q11474012,Q11474012,,2026-08-15T07:57:14Z,Wikidata P571,
E03792,8700,丸八証券株式会社,date_of_establishment,1944-03-30,date,wikidata,https://www.wikidata.org/wiki/Q11368044,Q11368044,,2026-08-15T07:57:14Z,Wikidata P571,
E03793,8617,光世証券株式会社,date_of_establishment,1961-04-21,date,wikidata,https://www.wikidata.org/wiki/Q11388287,Q11388287,,2026-08-15T07:57:14Z,Wikidata P571,
E03801,3772,ウェルス・マネジメント株式会社,date_of_establishment,1999-12-06,date,wikidata,https://www.wikidata.org/wiki/Q11323264,Q11323264,,2026-08-15T07:57:14Z,Wikidata P571,
E03807,8628,松井証券株式会社,date_of_establishment,1931-03-20,date,wikidata,https://www.wikidata.org/wiki/Q6788100,Q6788100,,2026-08-15T07:57:14Z,Wikidata P571,
E03814,8697,株式会社日本取引所グループ,date_of_establishment,2013,year,wikidata,https://www.wikidata.org/wiki/Q11507487,Q11507487,,2026-08-15T07:57:14Z,Wikidata P571,
E03815,8698,マネックスグループ株式会社,date_of_establishment,1999-04-05,date,wikidata,https://www.wikidata.org/wiki/Q6899066,Q6899066,,2026-08-15T07:57:14Z,Wikidata P571,
E03819,8704,トレイダーズホールディングス株式会社,date_of_establishment,1999-11-05,date,wikidata,https://www.wikidata.org/wiki/Q11322085,Q11322085,,2026-08-15T07:57:14Z,Wikidata P571,
E03847,8766,東京海上ホールディングス株式会社,date_of_establishment,1879,year,wikidata,https://www.wikidata.org/wiki/Q1812086,Q1812086,,2026-08-15T07:57:14Z,Wikidata P571,
E03851,8795,株式会社Ｔ＆Ｄホールディングス,date_of_establishment,2004,year,wikidata,https://www.wikidata.org/wiki/Q910310,Q910310,,2026-08-15T07:57:14Z,Wikidata P571,
E03854,8725,ＭＳ＆ＡＤインシュアランスグループホールディングス株式会社,date_of_establishment,2010,year,wikidata,https://www.wikidata.org/wiki/Q5215769,Q5215769,,2026-08-15T07:57:14Z,Wikidata P571,
E03855,8801,三井不動産株式会社,date_of_establishment,1941-07-15,date,wikidata,https://www.wikidata.org/wiki/Q1812986,Q1812986,,2026-08-15T07:57:14Z,Wikidata P571,
E03856,8802,三菱地所株式会社,date_of_establishment,1937,year,wikidata,https://www.wikidata.org/wiki/Q304962,Q304962,,2026-08-15T07:57:14Z,Wikidata P571,
E03858,8803,平和不動産株式会社,date_of_establishment,1947-07,month,wikidata,https://www.wikidata.org/wiki/Q5701186,Q5701186,,2026-08-15T07:57:14Z,Wikidata P571,
E03859,8804,東京建物株式会社,date_of_establishment,1896-10-01,date,wikidata,https://www.wikidata.org/wiki/Q11524838,Q11524838,,2026-08-15T07:57:14Z,Wikidata P571,
E03863,9706,日本空港ビルデング株式会社,date_of_establishment,1953-07-20,date,wikidata,https://www.wikidata.org/wiki/Q11508771,Q11508771,,2026-08-15T07:57:14Z,Wikidata P571,
E03867,8818,京阪神ビルディング株式会社,date_of_establishment,1948-12-24,date,wikidata,https://www.wikidata.org/wiki/Q11375861,Q11375861,,2026-08-15T07:57:14Z,Wikidata P571,
E03907,8830,住友不動産株式会社,date_of_establishment,1949-12-01,date,wikidata,https://www.wikidata.org/wiki/Q4050347,Q4050347,,2026-08-15T07:57:14Z,Wikidata P571,
E03938,8844,株式会社コスモスイニシア,date_of_establishment,1969-06-20,date,wikidata,https://www.wikidata.org/wiki/Q11302114,Q11302114,,2026-08-15T07:57:14Z,Wikidata P571,
E03943,8848,株式会社レオパレス２１,date_of_establishment,1973-08-17,date,wikidata,https://www.wikidata.org/wiki/Q11349475,Q11349475,,2026-08-15T07:57:14Z,Wikidata P571,
E03945,8850,スターツコーポレーション株式会社,date_of_establishment,1972-09-30,date,wikidata,https://www.wikidata.org/wiki/Q11312054,Q11312054,,2026-08-15T07:57:14Z,Wikidata P571,
E03953,8860,フジ住宅株式会社,date_of_establishment,1974-04-19,date,wikidata,https://www.wikidata.org/wiki/Q11333311,Q11333311,,2026-08-15T07:57:14Z,Wikidata P571,
E03958,8864,空港施設株式会社,date_of_establishment,1970-02-06,date,wikidata,https://www.wikidata.org/wiki/Q28688262,Q28688262,,2026-08-15T07:57:14Z,Wikidata P571,
E03967,8869,明和地所株式会社,date_of_establishment,1986-04-24,date,wikidata,https://www.wikidata.org/wiki/Q11512018,Q11512018,,2026-08-15T07:57:14Z,Wikidata P571,
E03969,4681,リゾートトラスト株式会社,date_of_establishment,1973-04-02,date,wikidata,https://www.wikidata.org/wiki/Q11348063,Q11348063,,2026-08-15T07:57:14Z,Wikidata P571,
E03971,8871,株式会社ゴールドクレスト,date_of_establishment,1992-01-22,date,wikidata,https://www.wikidata.org/wiki/Q11303932,Q11303932,,2026-08-15T07:57:14Z,Wikidata P571,
E03977,8877,エスリード株式会社,date_of_establishment,1992-05-08,date,wikidata,https://www.wikidata.org/wiki/Q11506297,Q11506297,,2026-08-15T07:57:14Z,Wikidata P571,
E03984,8881,株式会社日神グループホールディングス,date_of_establishment,1975-03-05,date,wikidata,https://www.wikidata.org/wiki/Q11509952,Q11509952,,2026-08-15T07:57:14Z,Wikidata P571,
E03989,8887,株式会社シーラホールディングス,date_of_establishment,1983-06-28,date,wikidata,https://www.wikidata.org/wiki/Q11348412,Q11348412,,2026-08-15T07:57:14Z,Wikidata P571,
E03991,8891,ＡＭＧホールディングス株式会社,date_of_establishment,1986-07-26,date,wikidata,https://www.wikidata.org/wiki/Q106481569,Q106481569,,2026-08-15T07:57:14Z,Wikidata P571,
E03992,8892,株式会社エスコン,date_of_establishment,1995-04-18,date,wikidata,https://www.wikidata.org/wiki/Q11506294,Q11506294,,2026-08-15T07:57:14Z,Wikidata P571,
E03993,8894,株式会社ＲＥＶＯＬＵＴＩＯＮ,date_of_establishment,1993-07-31,date,wikidata,https://www.wikidata.org/wiki/Q11409614,Q11409614,,2026-08-15T07:57:14Z,Wikidata P571,
E03997,8897,ＭＩＲＡＲＴＨホールディングス株式会社,date_of_establishment,1972-09-21,date,wikidata,https://www.wikidata.org/wiki/Q11315995,Q11315995,,2026-08-15T07:57:14Z,Wikidata P571,
E04011,8914,エリアリンク株式会社,date_of_establishment,1995-04-21,date,wikidata,https://www.wikidata.org/wiki/Q11290890,Q11290890,,2026-08-15T07:57:14Z,Wikidata P571,
E04013,8917,ファースト住建株式会社,date_of_establishment,1999-07-06,date,wikidata,https://www.wikidata.org/wiki/Q11332345,Q11332345,,2026-08-15T07:57:14Z,Wikidata P571,
E04015,8918,株式会社ランド,date_of_establishment,1996-12-12,date,wikidata,https://www.wikidata.org/wiki/Q11347573,Q11347573,,2026-08-15T07:57:14Z,Wikidata P571,
E04018,8920,株式会社　東　祥,date_of_establishment,1979-03-01,date,wikidata,https://www.wikidata.org/wiki/Q11528138,Q11528138,,2026-08-15T07:57:14Z,Wikidata P571,
E04021,8923,トーセイ株式会社,date_of_establishment,1950-02-02,date,wikidata,https://www.wikidata.org/wiki/Q11322360,Q11322360,,2026-08-15T07:57:14Z,Wikidata P571,
E04024,8927,株式会社明豊エンタープライズ,date_of_establishment,1968-09-09,date,wikidata,https://www.wikidata.org/wiki/Q11512635,Q11512635,,2026-08-15T07:57:14Z,Wikidata P571,
E04025,8928,穴吹興産株式会社,date_of_establishment,1964-05-25,date,wikidata,https://www.wikidata.org/wiki/Q4750607,Q4750607,,2026-08-15T07:57:14Z,Wikidata P571,
E04029,8931,和田興産株式会社,date_of_establishment,1979-09-08,date,wikidata,https://www.wikidata.org/wiki/Q17217118,Q17217118,,2026-08-15T07:57:14Z,Wikidata P571,
E04031,8934,サンフロンティア不動産株式会社,date_of_establishment,1999-04-08,date,wikidata,https://www.wikidata.org/wiki/Q11305937,Q11305937,,2026-08-15T07:57:14Z,Wikidata P571,
E04032,8935,株式会社ＦＪネクストホールディングス,date_of_establishment,1980-07-10,date,wikidata,https://www.wikidata.org/wiki/Q11290678,Q11290678,,2026-08-15T07:57:14Z,Wikidata P571,
E04034,8938,グローム・ホールディングス株式会社,date_of_establishment,1987-06,month,wikidata,https://www.wikidata.org/wiki/Q11350320,Q11350320,,2026-08-15T07:57:14Z,Wikidata P571,
E04039,8946,株式会社ＡＳＩＡＮ　ＳＴＡＲ,date_of_establishment,1988-11-20,date,wikidata,https://www.wikidata.org/wiki/Q11658761,Q11658761,,2026-08-15T07:57:14Z,Wikidata P571,
E04044,8999,グランディハウス株式会社,date_of_establishment,1991-04-10,date,wikidata,https://www.wikidata.org/wiki/Q11300280,Q11300280,,2026-08-15T07:57:14Z,Wikidata P571,
E04048,8996,株式会社ハウスフリーダム,date_of_establishment,1995-03-10,date,wikidata,https://www.wikidata.org/wiki/Q11326235,Q11326235,,2026-08-15T07:57:14Z,Wikidata P571,
E04049,8995,株式会社誠建設工業,date_of_establishment,1991-04,month,wikidata,https://www.wikidata.org/wiki/Q11631545,Q11631545,,2026-08-15T07:57:14Z,Wikidata P571,
E04060,3231,野村不動産ホールディングス株式会社,date_of_establishment,2004-06-01,date,wikidata,https://www.wikidata.org/wiki/Q11645551,Q11645551,,2026-08-15T07:57:14Z,Wikidata P571,
E04064,3236,株式会社プロパスト,date_of_establishment,1987-12-18,date,wikidata,https://www.wikidata.org/wiki/Q11336110,Q11336110,,2026-08-15T07:57:14Z,Wikidata P571,
E04065,3238,セントラル総合開発株式会社,date_of_establishment,1959-11-25,date,wikidata,https://www.wikidata.org/wiki/Q11314808,Q11314808,,2026-08-15T07:57:14Z,Wikidata P571,
E04068,3241,株式会社ウィル,date_of_establishment,1995-06-12,date,wikipedia,https://ja.wikipedia.org/wiki/%E3%82%A6%E3%82%A3%E3%83%AB%20%28%E4%B8%8D%E5%8B%95%E7%94%A3%E4%BC%9A%E7%A4%BE%29,,ウィル (不動産会社),2026-08-15T07:57:18Z,Wikipedia infobox 設立,
E04069,3242,株式会社アーバネットコーポレーション,date_of_establishment,1997-07-07,date,wikidata,https://www.wikidata.org/wiki/Q11285710,Q11285710,,2026-08-15T07:57:14Z,Wikidata P571,
E04075,3246,株式会社コーセーアールイー,date_of_establishment,1992-08,month,wikidata,https://www.wikidata.org/wiki/Q11303346,Q11303346,,2026-08-15T07:57:14Z,Wikidata P571,
E04086,3260,株式会社エスポア,date_of_establishment,1972-09-01,date,wikidata,https://www.wikidata.org/wiki/Q11290113,Q11290113,,2026-08-15T07:57:14Z,Wikidata P571,
E04088,9007,小田急電鉄株式会社,date_of_establishment,1923-05-01,date,wikidata,https://www.wikidata.org/wiki/Q83584,Q83584,,2026-08-15T07:57:14Z,Wikidata P571,
E04089,9006,京浜急行電鉄株式会社,date_of_establishment,1898-02-25,date,wikidata,https://www.wikidata.org/wiki/Q1322206,Q1322206,,2026-08-15T07:57:14Z,Wikidata P571,
E04090,9005,東急株式会社,date_of_establishment,1922-09-02,date,wikidata,https://www.wikidata.org/wiki/Q1332242,Q1332242,,2026-08-15T07:57:14Z,Wikidata P571,
E04091,9009,京成電鉄株式会社,date_of_establishment,1909-06-30,date,wikidata,https://www.wikidata.org/wiki/Q83538,Q83538,,2026-08-15T07:57:14Z,Wikidata P571,
E04092,9008,京王電鉄株式会社,date_of_establishment,1948-06-01,date,wikidata,https://www.wikidata.org/wiki/Q1332506,Q1332506,,2026-08-15T07:57:14Z,Wikidata P571,
E04093,9010,富士急行株式会社,date_of_establishment,1926-09-18,date,wikidata,https://www.wikidata.org/wiki/Q842879,Q842879,,2026-08-15T07:57:14Z,Wikidata P571,
E04094,9001,東武鉄道株式会社,date_of_establishment,1897-11-01,date,wikidata,https://www.wikidata.org/wiki/Q1321914,Q1321914,,2026-08-15T07:57:14Z,Wikidata P571,
E04097,9003,相鉄ホールディングス株式会社,date_of_establishment,1918-01-04,date,wikidata,https://www.wikidata.org/wiki/Q11582449,Q11582449,,2026-08-15T07:57:14Z,Wikidata P571,
E04101,9048,名古屋鉄道株式会社,date_of_establishment,1921-06-13,date,wikidata,https://www.wikidata.org/wiki/Q30850,Q30850,,2026-08-15T07:57:14Z,Wikidata P571,
E04102,9041,近鉄グループホールディングス株式会社,date_of_establishment,1944-06-01,date,wikidata,https://www.wikidata.org/wiki/Q19758662,Q19758662,,2026-08-15T07:57:14Z,Wikidata P571,
E04103,9042,阪急阪神ホールディングス株式会社,date_of_establishment,1907-10-19,date,wikidata,https://www.wikidata.org/wiki/Q841220,Q841220,,2026-08-15T07:57:14Z,Wikidata P571,
E04105,9045,京阪ホールディングス株式会社,date_of_establishment,1949-11-25,date,wikidata,https://www.wikidata.org/wiki/Q11375826,Q11375826,,2026-08-15T07:57:14Z,Wikidata P571,
E04106,9044,株式会社ＮＡＮＫＡＩ,date_of_establishment,1925-03-28,date,wikidata,https://www.wikidata.org/wiki/Q11673068,Q11673068,,2026-08-15T07:57:14Z,Wikidata P571,
E04108,9049,京福電気鉄道株式会社,date_of_establishment,1942-03-02,date,wikidata,https://www.wikidata.org/wiki/Q3537126,Q3537126,,2026-08-15T07:57:14Z,Wikidata P571,
E04109,9046,神戸電鉄株式会社,date_of_establishment,1926-03-27,date,wikidata,https://www.wikidata.org/wiki/Q836658,Q836658,,2026-08-15T07:57:14Z,Wikidata P571,
E04110,9031,西日本鉄道株式会社,date_of_establishment,1908-12-17,date,wikidata,https://www.wikidata.org/wiki/Q869251,Q869251,,2026-08-15T07:57:14Z,Wikidata P571,
E04125,9052,山陽電気鉄道株式会社,date_of_establishment,1933-06-06,date,wikidata,https://www.wikidata.org/wiki/Q2245513,Q2245513,,2026-08-15T07:57:14Z,Wikidata P571,
E04136,9012,秩父鉄道株式会社,date_of_establishment,1899-11-08,date,wikidata,https://www.wikidata.org/wiki/Q843780,Q843780,,2026-08-15T07:57:14Z,Wikidata P571,
E04147,9020,東日本旅客鉄道株式会社,date_of_establishment,1987-04-01,date,wikidata,https://www.wikidata.org/wiki/Q499071,Q499071,,2026-08-15T07:57:14Z,Wikidata P571,
E04148,9021,西日本旅客鉄道株式会社,date_of_establishment,1987-04-01,date,wikidata,https://www.wikidata.org/wiki/Q502125,Q502125,,2026-08-15T07:57:14Z,Wikidata P571,
E04149,9022,東海旅客鉄道株式会社,date_of_establishment,1987-04-01,date,wikidata,https://www.wikidata.org/wiki/Q513679,Q513679,,2026-08-15T07:57:14Z,Wikidata P571,
E04153,9023,東京地下鉄株式会社,date_of_establishment,2004-04-01,date,wikidata,https://www.wikidata.org/wiki/Q682894,Q682894,,2026-08-15T07:57:14Z,Wikidata P571,
E04154,9024,株式会社西武ホールディングス,date_of_establishment,2006-02-03,date,wikidata,https://www.wikidata.org/wiki/Q11628893,Q11628893,,2026-08-15T07:57:14Z,Wikidata P571,
E04155,9017,新潟交通株式会社,date_of_establishment,1943-12-31,date,wikidata,https://www.wikidata.org/wiki/Q11502827,Q11502827,,2026-08-15T07:57:14Z,Wikidata P571,
E04158,9081,神奈川中央交通株式会社,date_of_establishment,1921-06-05,date,wikidata,https://www.wikidata.org/wiki/Q10854960,Q10854960,,2026-08-15T07:57:14Z,Wikidata P571,
E04159,9082,大和自動車交通株式会社,date_of_establishment,1945-01-01,date,wikidata,https://www.wikidata.org/wiki/Q11433555,Q11433555,,2026-08-15T07:57:14Z,Wikidata P571,
E04160,9083,神姫バス株式会社,date_of_establishment,1927-10-03,date,wikidata,https://www.wikidata.org/wiki/Q11589421,Q11589421,,2026-08-15T07:57:14Z,Wikidata P571,
E04161,9085,北海道中央バス株式会社,date_of_establishment,1943-03-01,date,wikidata,https://www.wikidata.org/wiki/Q1284698,Q1284698,,2026-08-15T07:57:14Z,Wikidata P571,
E04178,9068,丸全昭和運輸株式会社,date_of_establishment,1931-08-17,date,wikidata,https://www.wikidata.org/wiki/Q11368038,Q11368038,,2026-08-15T07:57:14Z,Wikidata P571,
E04179,9069,センコーグループホールディングス株式会社,date_of_establishment,1946-07-20,date,wikidata,https://www.wikidata.org/wiki/Q11314676,Q11314676,,2026-08-15T07:57:14Z,Wikidata P571,
E04187,9064,ヤマトホールディングス株式会社,date_of_establishment,1929-04-09,date,wikidata,https://www.wikidata.org/wiki/Q3571463,Q3571463,,2026-08-15T07:57:14Z,Wikidata P571,
E04191,9072,ニッコンホールディングス株式会社,date_of_establishment,1950,year,wikipedia,https://ja.wikipedia.org/wiki/%E3%83%8B%E3%83%83%E3%82%B3%E3%83%B3%E3%83%9B%E3%83%BC%E3%83%AB%E3%83%87%E3%82%A3%E3%83%B3%E3%82%B0%E3%82%B9,,ニッコンホールディングス,2026-08-15T08:40:44Z,Wikipedia infobox 設立,
E04194,9059,カンダホールディングス株式会社,date_of_establishment,1943-11,month,wikidata,https://www.wikidata.org/wiki/Q11295462,Q11295462,,2026-08-15T07:57:14Z,Wikidata P571,
E04195,9063,岡山県貨物運送株式会社,date_of_establishment,1943-03-31,date,wikidata,https://www.wikidata.org/wiki/Q11472364,Q11472364,,2026-08-15T07:57:14Z,Wikidata P571,
E04197,9073,京極運輸商事株式会社,date_of_establishment,1947-05-12,date,wikidata,https://www.wikidata.org/wiki/Q11374439,Q11374439,,2026-08-15T07:57:14Z,Wikidata P571,
E04198,9076,セイノーホールディングス株式会社,date_of_establishment,1946-11-01,date,wikidata,https://www.wikidata.org/wiki/Q11314140,Q11314140,,2026-08-15T07:57:14Z,Wikidata P571,
E04206,9060,日本ロジテム株式会社,date_of_establishment,1944-10-19,date,wikidata,https://www.wikidata.org/wiki/Q11507054,Q11507054,,2026-08-15T07:57:14Z,Wikidata P571,
E04209,9057,遠州トラック株式会社,date_of_establishment,1965-08-16,date,wikidata,https://www.wikidata.org/wiki/Q11642074,Q11642074,,2026-08-15T07:57:14Z,Wikidata P571,
E04213,9369,株式会社キユーソー流通システム,date_of_establishment,1966-02-01,date,wikidata,https://www.wikidata.org/wiki/Q11297546,Q11297546,,2026-08-15T07:57:14Z,Wikidata P571,
E04215,9051,センコン物流株式会社,date_of_establishment,1959-10-01,date,wikidata,https://www.wikidata.org/wiki/Q11314675,Q11314675,,2026-08-15T07:57:14Z,Wikidata P571,
E04217,9040,大宝運輸株式会社,date_of_establishment,1951-09-19,date,wikidata,https://www.wikidata.org/wiki/Q11434359,Q11434359,,2026-08-15T07:57:14Z,Wikidata P571,
E04218,9039,株式会社サカイ引越センター,date_of_establishment,1956-03-26,date,wikidata,https://www.wikidata.org/wiki/Q11304384,Q11304384,,2026-08-15T07:57:14Z,Wikidata P571,
E04220,9037,株式会社ハマキョウレックス,date_of_establishment,1971-02-01,date,wikidata,https://www.wikidata.org/wiki/Q11326674,Q11326674,,2026-08-15T07:57:14Z,Wikidata P571,
E04221,9036,東部ネットワーク株式会社,date_of_establishment,1943-12-30,date,wikidata,https://www.wikidata.org/wiki/Q123697139,Q123697139,,2026-08-15T07:57:14Z,Wikidata P571,
E04222,9035,第一交通産業株式会社,date_of_establishment,1965-09-10,date,wikidata,https://www.wikidata.org/wiki/Q11602028,Q11602028,,2026-08-15T07:57:14Z,Wikidata P571,
E04223,9034,南総通運株式会社,date_of_establishment,1942-11-10,date,wikidata,https://www.wikidata.org/wiki/Q11408359,Q11408359,,2026-08-15T07:57:14Z,Wikidata P571,
E04224,2384,ＳＢＳホールディングス株式会社,date_of_establishment,1987-12-16,date,wikidata,https://www.wikidata.org/wiki/Q11242619,Q11242619,,2026-08-15T07:57:14Z,Wikidata P571,
E04228,9029,株式会社ヒガシホールディングス,date_of_establishment,1944-12-20,date,wikidata,https://www.wikidata.org/wiki/Q96313082,Q96313082,,2026-08-15T07:57:14Z,Wikidata P571,
E04230,9028,株式会社ゼロ,date_of_establishment,1961-10-24,date,wikidata,https://www.wikidata.org/wiki/Q11314989,Q11314989,,2026-08-15T07:57:14Z,Wikidata P571,
E04232,9027,株式会社ロジネットジャパン,date_of_establishment,2005-10-03,date,wikidata,https://www.wikidata.org/wiki/Q11350326,Q11350326,,2026-08-15T07:57:14Z,Wikidata P571,
E04233,3232,三重交通グループホールディングス株式会社,date_of_establishment,2006-10-02,date,wikidata,https://www.wikidata.org/wiki/Q11357660,Q11357660,,2026-08-15T07:57:14Z,Wikidata P571,
E04235,9101,日本郵船株式会社,date_of_establishment,1885,year,wikidata,https://www.wikidata.org/wiki/Q1478918,Q1478918,,2026-08-15T07:57:14Z,Wikidata P571,
E04236,9104,株式会社　商船三井,date_of_establishment,1964-04-01,date,wikidata,https://www.wikidata.org/wiki/Q1778084,Q1778084,,2026-08-15T07:57:14Z,Wikidata P571,
E04237,9107,川崎汽船株式会社,date_of_establishment,1919-04-05,date,wikidata,https://www.wikidata.org/wiki/Q425880,Q425880,,2026-08-15T07:57:14Z,Wikidata P571,
E04239,9110,ＮＳユナイテッド海運株式会社,date_of_establishment,1950-04-01,date,wikidata,https://www.wikidata.org/wiki/Q11236018,Q11236018,,2026-08-15T07:57:14Z,Wikidata P571,
E04242,9115,明海グループ株式会社,date_of_establishment,1911-05-10,date,wikidata,https://www.wikidata.org/wiki/Q11512378,Q11512378,,2026-08-15T07:57:14Z,Wikidata P571,
E04243,9119,飯野海運株式会社,date_of_establishment,1918-12-27,date,wikidata,https://www.wikidata.org/wiki/Q11666726,Q11666726,,2026-08-15T07:57:14Z,Wikidata P571,
E04246,9127,玉井商船株式会社,date_of_establishment,1932-03-10,date,wikipedia,https://ja.wikipedia.org/wiki/%E7%8E%89%E4%BA%95%E5%95%86%E8%88%B9,,玉井商船,2026-08-15T08:40:44Z,Wikipedia infobox 設立,
E04247,9363,株式会社大運,date_of_establishment,2007-03,month,wikipedia,https://ja.wikipedia.org/wiki/%E5%A4%A7%E9%81%8B,,大運,2026-08-15T08:40:44Z,Wikipedia infobox 設立,
E04251,9130,共栄タンカー株式会社,date_of_establishment,1949-07-01,date,wikidata,https://www.wikidata.org/wiki/Q96324068,Q96324068,,2026-08-15T07:57:14Z,Wikidata P571,
E04254,9171,栗林商船株式会社,date_of_establishment,1919-03-29,date,wikidata,https://www.wikidata.org/wiki/Q11535994,Q11535994,,2026-08-15T07:57:14Z,Wikidata P571,
E04256,9173,東海汽船株式会社,date_of_establishment,1889-11-14,date,wikidata,https://www.wikidata.org/wiki/Q11527929,Q11527929,,2026-08-15T07:57:14Z,Wikidata P571,
E04272,9201,日本航空株式会社,date_of_establishment,1951-08-01,date,wikidata,https://www.wikidata.org/wiki/Q213140,Q213140,,2026-08-15T07:57:14Z,Wikidata P571,
E04273,9202,ＡＮＡホールディングス株式会社,date_of_establishment,2013-04-01,date,wikidata,https://www.wikidata.org/wiki/Q11189379,Q11189379,,2026-08-15T07:57:14Z,Wikidata P571,
E04275,9233,アジア航測株式会社,date_of_establishment,1949-12-15,date,wikidata,https://www.wikidata.org/wiki/Q11283384,Q11283384,,2026-08-15T07:57:14Z,Wikidata P571,
E04283,9301,三菱倉庫株式会社,date_of_establishment,1887-04-15,date,wikidata,https://www.wikidata.org/wiki/Q6883089,Q6883089,,2026-08-15T07:57:14Z,Wikidata P571,
E04284,9302,三井倉庫ホールディングス株式会社,date_of_establishment,1909-10-11,date,wikidata,https://www.wikidata.org/wiki/Q11354246,Q11354246,,2026-08-15T07:57:14Z,Wikidata P571,
E04285,9303,株式会社住友倉庫,date_of_establishment,1923-08-01,date,wikidata,https://www.wikidata.org/wiki/Q4050345,Q4050345,,2026-08-15T07:57:14Z,Wikidata P571,
E04286,9304,澁澤倉庫株式会社,date_of_establishment,1909-07-15,date,wikidata,https://www.wikidata.org/wiki/Q11565777,Q11565777,,2026-08-15T07:57:14Z,Wikidata P571,
E04287,9306,東陽倉庫株式会社,date_of_establishment,1926-03-13,date,wikidata,https://www.wikidata.org/wiki/Q11528679,Q11528679,,2026-08-15T07:57:14Z,Wikidata P571,
E04288,9308,乾汽船株式会社,date_of_establishment,1925-10-19,date,wikidata,https://www.wikidata.org/wiki/Q11370667,Q11370667,,2026-08-15T07:57:14Z,Wikidata P571,
E04289,9310,日本トランスシティ株式会社,date_of_establishment,1942-12-28,date,wikidata,https://www.wikidata.org/wiki/Q11506702,Q11506702,,2026-08-15T07:57:14Z,Wikidata P571,
E04290,9324,安田倉庫株式会社,date_of_establishment,1919-12-20,date,wikidata,https://www.wikidata.org/wiki/Q11450998,Q11450998,,2026-08-15T07:57:14Z,Wikidata P571,
E04291,9305,株式会社ヤマタネ,date_of_establishment,1937-08-15,date,wikidata,https://www.wikidata.org/wiki/Q11345149,Q11345149,,2026-08-15T07:57:14Z,Wikidata P571,
E04293,9312,ケイヒン株式会社,date_of_establishment,1947-12-17,date,wikidata,https://www.wikidata.org/wiki/Q11301046,Q11301046,,2026-08-15T07:57:14Z,Wikidata P571,
E04294,9307,株式会社杉村倉庫,date_of_establishment,1919-10-29,date,wikidata,https://www.wikidata.org/wiki/Q17218933,Q17218933,,2026-08-15T07:57:14Z,Wikidata P571,
E04296,9313,丸八倉庫株式会社,date_of_establishment,1934-03-22,date,wikipedia,https://ja.wikipedia.org/wiki/%E4%B8%B8%E5%85%AB%E5%80%89%E5%BA%AB,,丸八倉庫,2026-08-15T08:40:44Z,Wikipedia infobox 設立,
E04304,9319,株式会社中央倉庫,date_of_establishment,1927-10-18,date,wikidata,https://www.wikidata.org/wiki/Q11363606,Q11363606,,2026-08-15T07:57:14Z,Wikidata P571,
E04317,9322,川西倉庫株式会社,date_of_establishment,1918-07-15,date,wikidata,https://www.wikidata.org/wiki/Q11479137,Q11479137,,2026-08-15T07:57:14Z,Wikidata P571,
E04321,9351,東洋埠頭株式会社,date_of_establishment,1929-05,month,wikidata,https://www.wikidata.org/wiki/Q11527628,Q11527628,,2026-08-15T07:57:14Z,Wikidata P571,
E04322,9353,櫻島埠頭株式会社,date_of_establishment,1948-02-12,date,wikipedia,https://ja.wikipedia.org/wiki/%E6%AB%BB%E5%B3%B6%E5%9F%A0%E9%A0%AD,,櫻島埠頭,2026-08-15T07:57:18Z,Wikipedia infobox 設立,
E04323,9311,アサガミ株式会社,date_of_establishment,1948-11-18,date,wikidata,https://www.wikidata.org/wiki/Q123699063,Q123699063,,2026-08-15T07:57:14Z,Wikidata P571,
E04324,9065,山九株式会社,date_of_establishment,1918-10,month,wikidata,https://www.wikidata.org/wiki/Q11466247,Q11466247,,2026-08-15T07:57:14Z,Wikidata P571,
E04326,9355,株式会社リンコーコーポレーション,date_of_establishment,1905-11-12,date,wikidata,https://www.wikidata.org/wiki/Q11348640,Q11348640,,2026-08-15T07:57:14Z,Wikidata P571,
E04327,9074,日本石油輸送株式会社,date_of_establishment,1946-03-27,date,wikidata,https://www.wikidata.org/wiki/Q11508697,Q11508697,,2026-08-15T07:57:14Z,Wikidata P571,
E04328,9357,名港海運株式会社,date_of_establishment,1949-01-22,date,wikidata,https://www.wikidata.org/wiki/Q11415492,Q11415492,,2026-08-15T07:57:14Z,Wikidata P571,
E04329,9380,東海運株式会社,date_of_establishment,1917-12-02,date,wikidata,https://www.wikidata.org/wiki/Q11527964,Q11527964,,2026-08-15T07:57:14Z,Wikidata P571,
E04330,9359,伊勢湾海運株式会社,date_of_establishment,1949-01-22,date,wikidata,https://www.wikidata.org/wiki/Q11379098,Q11379098,,2026-08-15T07:57:14Z,Wikidata P571,
E04331,8097,三愛オブリ株式会社,date_of_establishment,1952-06-09,date,wikidata,https://www.wikidata.org/wiki/Q7413196,Q7413196,,2026-08-15T07:57:14Z,Wikidata P571,
E04334,9075,福山通運株式会社,date_of_establishment,1948-09-13,date,wikidata,https://www.wikidata.org/wiki/Q11592104,Q11592104,,2026-08-15T07:57:14Z,Wikidata P571,
E04336,9193,東京汽船株式会社,date_of_establishment,1947-05-05,date,wikidata,https://www.wikidata.org/wiki/Q11524949,Q11524949,,2026-08-15T07:57:14Z,Wikidata P571,
E04337,9360,鈴与シンワート株式会社,date_of_establishment,1947-05-29,date,wikidata,https://www.wikidata.org/wiki/Q11648350,Q11648350,,2026-08-15T07:57:14Z,Wikidata P571,
E04339,9361,伏木海陸運送株式会社,date_of_establishment,1944-03-31,date,wikidata,https://www.wikidata.org/wiki/Q11381048,Q11381048,,2026-08-15T07:57:14Z,Wikidata P571,
E04341,9025,鴻池運輸株式会社,date_of_establishment,1945-05-30,date,wikidata,https://www.wikidata.org/wiki/Q11675666,Q11675666,,2026-08-15T07:57:14Z,Wikidata P571,
E04345,9364,株式会社上組,date_of_establishment,1947-02-28,date,wikidata,https://www.wikidata.org/wiki/Q11360025,Q11360025,,2026-08-15T07:57:14Z,Wikidata P571,
E04346,9365,トレーディア株式会社,date_of_establishment,1941-04-01,date,wikidata,https://www.wikidata.org/wiki/Q11322145,Q11322145,,2026-08-15T07:57:14Z,Wikidata P571,
E04348,9726,ＫＮＴ－ＣＴホールディングス株式会社,date_of_establishment,1947-05-26,date,wikidata,https://www.wikidata.org/wiki/Q11228051,Q11228051,,2026-08-15T07:57:14Z,Wikidata P571,
E04353,9366,株式会社サンリツ,date_of_establishment,1948-03-27,date,wikidata,https://www.wikidata.org/wiki/Q11306066,Q11306066,,2026-08-15T07:57:14Z,Wikidata P571,
E04357,9368,キムラユニティー株式会社,date_of_establishment,1973-10-01,date,wikidata,https://www.wikidata.org/wiki/Q11297005,Q11297005,,2026-08-15T07:57:14Z,Wikidata P571,
E04358,9603,株式会社エイチ・アイ・エス,date_of_establishment,1980,year,wikidata,https://www.wikidata.org/wiki/Q1452225,Q1452225,,2026-08-15T07:57:14Z,Wikidata P571,
E04365,9376,株式会社ユーラシア旅行社,date_of_establishment,1986-02-13,date,wikidata,https://www.wikidata.org/wiki/Q11345952,Q11345952,,2026-08-15T07:57:14Z,Wikidata P571,
E04369,9381,株式会社エーアイテイー,date_of_establishment,1988-02-01,date,wikidata,https://www.wikidata.org/wiki/Q11291509,Q11291509,,2026-08-15T07:57:14Z,Wikidata P571,
E04375,9401,株式会社ＴＢＳホールディングス,date_of_establishment,1951-05-17,date,wikidata,https://www.wikidata.org/wiki/Q605233,Q605233,,2026-08-15T07:57:14Z,Wikidata P571,
E04376,9402,中部日本放送株式会社,date_of_establishment,1951,year,wikidata,https://www.wikidata.org/wiki/Q528448,Q528448,,2026-08-15T07:57:14Z,Wikidata P571,
E04380,9405,朝日放送グループホールディングス株式会社,date_of_establishment,1951-03-15,date,wikidata,https://www.wikidata.org/wiki/Q1064900,Q1064900,,2026-08-15T07:57:14Z,Wikidata P571,
E04382,9407,株式会社ＲＫＢ毎日ホールディングス,date_of_establishment,1951-06-29,date,wikidata,https://www.wikidata.org/wiki/Q22122879,Q22122879,,2026-08-15T07:57:14Z,Wikidata P571,
E04399,9408,株式会社ＢＳＮメディアホールディングス,date_of_establishment,1952-10-14,date,wikipedia,https://ja.wikipedia.org/wiki/BSN%E3%83%A1%E3%83%87%E3%82%A3%E3%82%A2%E3%83%9B%E3%83%BC%E3%83%AB%E3%83%87%E3%82%A3%E3%83%B3%E3%82%B0%E3%82%B9,,BSNメディアホールディングス,2026-08-15T07:57:18Z,Wikipedia infobox 設立,
E04410,9404,日本テレビホールディングス株式会社,date_of_establishment,1952-10-15,date,wikidata,https://www.wikidata.org/wiki/Q11086747,Q11086747,,2026-08-15T07:57:14Z,Wikidata P571,
E04414,9409,株式会社テレビ朝日ホールディングス,date_of_establishment,1957-11-01,date,wikidata,https://www.wikidata.org/wiki/Q17199570,Q17199570,,2026-08-15T07:57:14Z,Wikidata P571,
E04425,9433,ＫＤＤＩ株式会社,date_of_establishment,1984,year,wikidata,https://www.wikidata.org/wiki/Q971946,Q971946,,2026-08-15T07:57:14Z,Wikidata P571,
E04426,9434,ソフトバンク株式会社,date_of_establishment,1984-10,month,wikidata,https://www.wikidata.org/wiki/Q2214105,Q2214105,,2026-08-15T07:57:14Z,Wikidata P571,
E04427,4839,株式会社ＷＯＷＯＷ,date_of_establishment,1991,year,wikidata,https://www.wikidata.org/wiki/Q775216,Q775216,,2026-08-15T07:57:14Z,Wikidata P571,
E04430,9432,ＮＴＴ株式会社,date_of_establishment,1985-04-01,date,wikidata,https://www.wikidata.org/wiki/Q1054787,Q1054787,,2026-08-15T07:57:14Z,Wikidata P571,
E04460,9436,沖縄セルラー電話株式会社,date_of_establishment,1991-06-01,date,wikidata,https://www.wikidata.org/wiki/Q1960157,Q1960157,,2026-08-15T07:57:14Z,Wikidata P571,
E04462,4676,株式会社フジ・メディア・ホールディングス,date_of_establishment,1957-11-18,date,wikidata,https://www.wikidata.org/wiki/Q10954015,Q10954015,,2026-08-15T07:57:14Z,Wikidata P571,
E04473,9424,日本通信株式会社,date_of_establishment,1996-05-24,date,wikidata,https://www.wikidata.org/wiki/Q11509228,Q11509228,,2026-08-15T07:57:14Z,Wikidata P571,
E04476,9445,株式会社フォーバルテレコム,date_of_establishment,1995-04-05,date,wikidata,https://www.wikidata.org/wiki/Q11333000,Q11333000,,2026-08-15T07:57:14Z,Wikidata P571,
E04478,4838,スペースシャワーＳＫＩＹＡＫＩホールディングス株式会社,date_of_establishment,1996-12-24,date,wikidata,https://www.wikidata.org/wiki/Q11312991,Q11312991,,2026-08-15T07:57:14Z,Wikidata P571,
E04496,3834,株式会社朝日ネット,date_of_establishment,1990-04-02,date,wikidata,https://www.wikidata.org/wiki/Q11517439,Q11517439,,2026-08-15T07:57:14Z,Wikidata P571,
E04497,9412,スカパーＪＳＡＴ株式会社,date_of_establishment,2007-04-02,date,wikidata,https://www.wikidata.org/wiki/Q845363,Q845363,,2026-08-15T07:57:14Z,Wikidata P571,
E04498,9501,東京電力ホールディングス株式会社,date_of_establishment,1951-05-01,date,wikidata,https://www.wikidata.org/wiki/Q333894,Q333894,,2026-08-15T07:57:14Z,Wikidata P571,
E04499,9503,関西電力株式会社,date_of_establishment,1951-05-01,date,wikidata,https://www.wikidata.org/wiki/Q1365015,Q1365015,,2026-08-15T07:57:14Z,Wikidata P571,
E04500,9509,北海道電力株式会社,date_of_establishment,1951-05-01,date,wikidata,https://www.wikidata.org/wiki/Q742449,Q742449,,2026-08-15T07:57:14Z,Wikidata P571,
E04501,9506,東北電力株式会社,date_of_establishment,1951-05-01,date,wikidata,https://www.wikidata.org/wiki/Q592765,Q592765,,2026-08-15T07:57:14Z,Wikidata P571,
E04502,9502,中部電力株式会社,date_of_establishment,1951,year,wikidata,https://www.wikidata.org/wiki/Q1091203,Q1091203,,2026-08-15T07:57:14Z,Wikidata P571,
E04503,9505,北陸電力株式会社,date_of_establishment,1951,year,wikidata,https://www.wikidata.org/wiki/Q742461,Q742461,,2026-08-15T07:57:14Z,Wikidata P571,
E04504,9504,中国電力株式会社,date_of_establishment,1951,year,wikidata,https://www.wikidata.org/wiki/Q73171,Q73171,,2026-08-15T07:57:14Z,Wikidata P571,
E04505,9507,四国電力株式会社,date_of_establishment,1951-05-01,date,wikidata,https://www.wikidata.org/wiki/Q388455,Q388455,,2026-08-15T07:57:14Z,Wikidata P571,
E04506,9508,九州電力株式会社,date_of_establishment,1951-05-01,date,wikidata,https://www.wikidata.org/wiki/Q694507,Q694507,,2026-08-15T07:57:14Z,Wikidata P571,
E04509,9511,沖縄電力株式会社,date_of_establishment,1972-05-15,date,wikidata,https://www.wikidata.org/wiki/Q2017226,Q2017226,,2026-08-15T07:57:14Z,Wikidata P571,
E04510,9513,電源開発株式会社,date_of_establishment,1952,year,wikidata,https://www.wikidata.org/wiki/Q3805077,Q3805077,,2026-08-15T07:57:14Z,Wikidata P571,
E04511,9534,北海道瓦斯株式会社,date_of_establishment,1911-07-12,date,wikidata,https://www.wikidata.org/wiki/Q11402466,Q11402466,,2026-08-15T07:57:14Z,Wikidata P571,
E04514,9531,東京瓦斯株式会社,date_of_establishment,1895-10-01,date,wikidata,https://www.wikidata.org/wiki/Q1813910,Q1813910,,2026-08-15T07:57:14Z,Wikidata P571,
E04515,9539,京葉瓦斯株式会社,date_of_establishment,1927-01-08,date,wikidata,https://www.wikidata.org/wiki/Q11374726,Q11374726,,2026-08-15T07:57:14Z,Wikidata P571,
E04516,9543,静岡ガス株式会社,date_of_establishment,1910-04-16,date,wikidata,https://www.wikidata.org/wiki/Q11662902,Q11662902,,2026-08-15T07:57:14Z,Wikidata P571,
E04517,9533,東邦瓦斯株式会社,date_of_establishment,1922-06-26,date,wikidata,https://www.wikidata.org/wiki/Q11528430,Q11528430,,2026-08-15T07:57:14Z,Wikidata P571,
E04519,9537,北陸瓦斯株式会社,date_of_establishment,1913-06-02,date,wikidata,https://www.wikidata.org/wiki/Q11404389,Q11404389,,2026-08-15T07:57:14Z,Wikidata P571,
E04520,9532,大阪瓦斯株式会社,date_of_establishment,1897-04-15,date,wikidata,https://www.wikidata.org/wiki/Q385775,Q385775,,2026-08-15T07:57:14Z,Wikidata P571,
E04521,9535,広島ガス株式会社,date_of_establishment,1909-10,month,wikidata,https://www.wikidata.org/wiki/Q11484422,Q11484422,,2026-08-15T07:57:14Z,Wikidata P571,
E04523,9536,西部ガスホールディングス株式会社,date_of_establishment,1930-12-01,date,wikidata,https://www.wikidata.org/wiki/Q11629593,Q11629593,,2026-08-15T07:57:14Z,Wikidata P571,
E04535,9701,株式会社東京會舘,date_of_establishment,1920-04-24,date,wikidata,https://www.wikidata.org/wiki/Q11524914,Q11524914,,2026-08-15T07:57:14Z,Wikidata P571,
E04538,9704,株式会社アゴーラホスピタリティーグループ,date_of_establishment,1948,year,wikipedia,https://ja.wikipedia.org/wiki/%E3%82%A2%E3%82%B4%E3%83%BC%E3%83%A9%E3%83%BB%E3%83%9B%E3%82%B9%E3%83%94%E3%82%BF%E3%83%AA%E3%83%86%E3%82%A3%E3%83%BC%E3%83%BB%E3%82%B0%E3%83%AB%E3%83%BC%E3%83%97,,アゴーラ・ホスピタリティー・グループ,2026-08-15T07:57:18Z,Wikipedia infobox 設立,
E04539,9708,株式会社帝国ホテル,date_of_establishment,1887-12-14,date,wikidata,https://www.wikidata.org/wiki/Q17049674,Q17049674,,2026-08-15T07:57:14Z,Wikidata P571,
E04540,9713,株式会社ロイヤルホテル,date_of_establishment,1932-03-14,date,wikidata,https://www.wikidata.org/wiki/Q39972080,Q39972080,,2026-08-15T07:57:14Z,Wikidata P571,
E04550,9723,株式会社京都ホテル,date_of_establishment,1927-06-07,date,wikidata,https://www.wikidata.org/wiki/Q11374823,Q11374823,,2026-08-15T07:57:14Z,Wikidata P571,
E04560,9722,藤田観光株式会社,date_of_establishment,1955-11-07,date,wikidata,https://www.wikidata.org/wiki/Q11624896,Q11624896,,2026-08-15T07:57:14Z,Wikidata P571,
E04566,9720,株式会社ホテル、ニューグランド,date_of_establishment,1927,year,wikidata,https://www.wikidata.org/wiki/Q5911779,Q5911779,,2026-08-15T07:57:14Z,Wikidata P571,
E04582,9601,松竹株式会社,date_of_establishment,1895,year,wikidata,https://www.wikidata.org/wiki/Q122549,Q122549,,2026-08-15T07:57:14Z,Wikidata P571,
E04583,9602,東宝株式会社,date_of_establishment,1932-08-08,date,wikidata,https://www.wikidata.org/wiki/Q875920,Q875920,,2026-08-15T07:57:14Z,Wikidata P571,
E04585,9605,東映株式会社,date_of_establishment,1950-10-01,date,wikidata,https://www.wikidata.org/wiki/Q1066018,Q1066018,,2026-08-15T07:57:14Z,Wikidata P571,
E04589,9633,東京テアトル株式会社,date_of_establishment,1946-06-28,date,wikidata,https://www.wikidata.org/wiki/Q11524231,Q11524231,,2026-08-15T07:57:14Z,Wikidata P571,
E04591,9635,武蔵野興業株式会社,date_of_establishment,1920-05-15,date,wikidata,https://www.wikidata.org/wiki/Q11546432,Q11546432,,2026-08-15T07:57:14Z,Wikidata P571,
E04592,9636,株式会社きんえい,date_of_establishment,1937-05-12,date,wikidata,https://www.wikidata.org/wiki/Q11265212,Q11265212,,2026-08-15T07:57:14Z,Wikidata P571,
E04596,9643,中日本興業株式会社,date_of_establishment,1954-07-23,date,wikidata,https://www.wikidata.org/wiki/Q11365096,Q11365096,,2026-08-15T07:57:14Z,Wikidata P571,
E04599,9632,スバル興業株式会社,date_of_establishment,1946-02-09,date,wikidata,https://www.wikidata.org/wiki/Q11312647,Q11312647,,2026-08-15T07:57:14Z,Wikidata P571,
E04603,9672,東京都競馬株式会社,date_of_establishment,1949-12-20,date,wikidata,https://www.wikidata.org/wiki/Q11525646,Q11525646,,2026-08-15T07:57:14Z,Wikidata P571,
E04606,9661,株式会社歌舞伎座,date_of_establishment,1949,year,wikidata,https://www.wikidata.org/wiki/Q125676659,Q125676659,,2026-08-15T07:57:14Z,Wikidata P571,
E04609,9664,株式会社御園座,date_of_establishment,1896-06-19,date,wikidata,https://www.wikidata.org/wiki/Q4410400,Q4410400,,2026-08-15T07:57:14Z,Wikidata P571,
E04691,9679,ホウライ株式会社,date_of_establishment,1928-01-16,date,wikidata,https://www.wikidata.org/wiki/Q11337636,Q11337636,,2026-08-15T07:57:14Z,Wikidata P571,
E04693,9656,グリーンランドリゾート株式会社,date_of_establishment,1980-01-10,date,wikidata,https://www.wikidata.org/wiki/Q10855658,Q10855658,,2026-08-15T07:57:14Z,Wikidata P571,
E04704,4650,ＳＤエンターテイメント株式会社,date_of_establishment,1954-05-26,date,wikidata,https://www.wikidata.org/wiki/Q11301496,Q11301496,,2026-08-15T07:57:14Z,Wikidata P571,
E04707,4661,株式会社オリエンタルランド,date_of_establishment,1960,year,wikidata,https://www.wikidata.org/wiki/Q868679,Q868679,,2026-08-15T07:57:14Z,Wikidata P571,
E04710,4680,株式会社ラウンドワン,date_of_establishment,1980-12-25,date,wikidata,https://www.wikidata.org/wiki/Q11346634,Q11346634,,2026-08-15T07:57:14Z,Wikidata P571,
E04727,2340,株式会社　極楽湯ホールディングス,date_of_establishment,1980-04-10,date,wikidata,https://www.wikidata.org/wiki/Q11541499,Q11541499,,2026-08-15T07:57:14Z,Wikidata P571,
E04751,2157,株式会社コシダカホールディングス,date_of_establishment,2000-03-21,date,wikidata,https://www.wikidata.org/wiki/Q11302042,Q11302042,,2026-08-15T07:57:14Z,Wikidata P571,
E04754,9731,株式会社白洋舍,date_of_establishment,1906,year,wikidata,https://www.wikidata.org/wiki/Q11579995,Q11579995,,2026-08-15T07:57:14Z,Wikidata P571,
E04760,4324,株式会社電通グループ,date_of_establishment,1901-07-01,date,wikipedia,https://ja.wikipedia.org/wiki/%E9%9B%BB%E9%80%9A%E3%82%B0%E3%83%AB%E3%83%BC%E3%83%97,,電通グループ,2026-08-15T07:57:18Z,Wikipedia infobox 設立,
E04762,8591,オリックス株式会社,date_of_establishment,1964-04-17,date,wikidata,https://www.wikidata.org/wiki/Q906055,Q906055,,2026-08-15T07:57:14Z,Wikidata P571,
E04764,9765,株式会社オオバ,date_of_establishment,1947-10-01,date,wikidata,https://www.wikidata.org/wiki/Q17223097,Q17223097,,2026-08-15T07:57:14Z,Wikidata P571,
E04768,8584,株式会社ジャックス,date_of_establishment,1948-12-23,date,wikidata,https://www.wikidata.org/wiki/Q11309831,Q11309831,,2026-08-15T07:57:14Z,Wikidata P571,
E04773,9735,セコム株式会社,date_of_establishment,1962,year,wikidata,https://www.wikidata.org/wiki/Q858957,Q858957,,2026-08-15T07:57:14Z,Wikidata P571,
E04775,8585,株式会社オリエントコーポレーション,date_of_establishment,1951-03-15,date,wikidata,https://www.wikidata.org/wiki/Q11292572,Q11292572,,2026-08-15T07:57:14Z,Wikidata P571,
E04777,9763,丸建リース株式会社,date_of_establishment,1968-11-01,date,wikidata,https://www.wikidata.org/wiki/Q11368422,Q11368422,,2026-08-15T07:57:14Z,Wikidata P571,
E04783,8179,ロイヤルホールディングス株式会社,date_of_establishment,1950-04-04,date,wikidata,https://www.wikidata.org/wiki/Q11350142,Q11350142,,2026-08-15T07:57:14Z,Wikidata P571,
E04784,8181,株式会社東天紅,date_of_establishment,1948,year,wikipedia,https://ja.wikipedia.org/wiki/%E6%9D%B1%E5%A4%A9%E7%B4%85%20%28%E4%BC%81%E6%A5%AD%29,,東天紅 (企業),2026-08-15T07:57:18Z,Wikipedia infobox 設立,
E04788,8593,三菱ＨＣキャピタル株式会社,date_of_establishment,1971-04-12,date,wikidata,https://www.wikidata.org/wiki/Q11357003,Q11357003,,2026-08-15T07:57:14Z,Wikidata P571,
E04795,9768,いであ株式会社,date_of_establishment,1968-09-24,date,wikidata,https://www.wikidata.org/wiki/Q11259772,Q11259772,,2026-08-15T07:57:14Z,Wikidata P571,
E04796,9769,株式会社学究社,date_of_establishment,1976-10-06,date,wikidata,https://www.wikidata.org/wiki/Q11198307,Q11198307,,2026-08-15T07:57:14Z,Wikidata P571,
E04799,9740,セントラル警備保障株式会社,date_of_establishment,1972-04-19,date,wikidata,https://www.wikidata.org/wiki/Q11314810,Q11314810,,2026-08-15T07:57:14Z,Wikidata P571,
E04800,9761,東海リース株式会社,date_of_establishment,1968,year,wikipedia,https://ja.wikipedia.org/wiki/%E6%9D%B1%E6%B5%B7%E3%83%AA%E3%83%BC%E3%82%B9,,東海リース,2026-08-15T07:57:18Z,Wikipedia infobox 設立,
E04801,8594,中道リース株式会社,date_of_establishment,1972-04-21,date,wikidata,https://www.wikidata.org/wiki/Q11367213,Q11367213,,2026-08-15T07:57:14Z,Wikidata P571,
E04803,9742,株式会社アイネス,date_of_establishment,1964-07-28,date,wikidata,https://www.wikidata.org/wiki/Q11282360,Q11282360,,2026-08-15T07:57:14Z,Wikidata P571,
E04804,9744,株式会社メイテックグループホールディングス,date_of_establishment,1974-07-17,date,wikidata,https://www.wikidata.org/wiki/Q11343372,Q11343372,,2026-08-15T08:40:42Z,Wikidata P571,
E04806,8595,ジャフコ　グループ株式会社,date_of_establishment,1973-04-05,date,wikidata,https://www.wikidata.org/wiki/Q11310065,Q11310065,,2026-08-15T07:57:14Z,Wikidata P571,
E04807,9746,株式会社　ＴＫＣ,date_of_establishment,1966-10-22,date,wikidata,https://www.wikidata.org/wiki/Q24896343,Q24896343,,2026-08-15T07:57:14Z,Wikidata P571,
E04815,9753,アイエックス・ナレッジ株式会社,date_of_establishment,1979-06-22,date,wikidata,https://www.wikidata.org/wiki/Q11282070,Q11282070,,2026-08-15T07:57:14Z,Wikidata P571,
E04816,9755,応用地質株式会社,date_of_establishment,1957-05-02,date,wikidata,https://www.wikidata.org/wiki/Q11491277,Q11491277,,2026-08-15T07:57:14Z,Wikidata P571,
E04817,9757,株式会社船井総研ホールディングス,date_of_establishment,1970-03-06,date,wikidata,https://www.wikidata.org/wiki/Q86739931,Q86739931,,2026-08-15T07:57:14Z,Wikidata P571,
E04821,8596,株式会社九州リースサービス,date_of_establishment,1974-11-01,date,wikidata,https://www.wikidata.org/wiki/Q11370152,Q11370152,,2026-08-15T07:57:14Z,Wikidata P571,
E04822,9759,株式会社ＮＳＤ,date_of_establishment,1969-04-08,date,wikidata,https://www.wikidata.org/wiki/Q11235966,Q11235966,,2026-08-15T07:57:14Z,Wikidata P571,
E04823,9760,株式会社　進学会ホールディングス,date_of_establishment,1976-06-17,date,wikidata,https://www.wikidata.org/wiki/Q11640144,Q11640144,,2026-08-15T07:57:14Z,Wikidata P571,
E04824,9733,株式会社ナガセ,date_of_establishment,1976-05-10,date,wikidata,https://www.wikidata.org/wiki/Q11323724,Q11323724,,2026-08-15T07:57:14Z,Wikidata P571,
E04826,9729,株式会社トーカイ,date_of_establishment,1955-07-21,date,wikidata,https://www.wikidata.org/wiki/Q11322304,Q11322304,,2026-08-15T07:57:14Z,Wikidata P571,
E04835,9716,株式会社乃村工藝社,date_of_establishment,1942-12-09,date,wikidata,https://www.wikidata.org/wiki/Q11368837,Q11368837,,2026-08-15T07:57:14Z,Wikidata P571,
E04837,9715,トランス・コスモス株式会社,date_of_establishment,1985-06-18,date,wikidata,https://www.wikidata.org/wiki/Q11321859,Q11321859,,2026-08-15T07:57:14Z,Wikidata P571,
E04841,9709,ＮＣＳ＆Ａ株式会社,date_of_establishment,1966-09-21,date,wikidata,https://www.wikidata.org/wiki/Q11506455,Q11506455,,2026-08-15T07:57:14Z,Wikidata P571,
E04846,9702,株式会社アイ・エス・ビー,date_of_establishment,1992-07-30,date,wikidata,https://www.wikidata.org/wiki/Q119659914,Q119659914,,2026-08-15T08:40:42Z,Wikidata P571,
E04848,9699,ニシオホールディングス株式会社,date_of_establishment,1959-10-26,date,wikidata,https://www.wikidata.org/wiki/Q17210356,Q17210356,,2026-08-15T07:57:14Z,Wikidata P571,
E04849,9698,株式会社クレオ,date_of_establishment,1974-03-22,date,wikidata,https://www.wikidata.org/wiki/Q11299561,Q11299561,,2026-08-15T07:57:14Z,Wikidata P571,
E04853,9692,株式会社シーイーシー,date_of_establishment,1968-02-24,date,wikidata,https://www.wikidata.org/wiki/Q11308738,Q11308738,,2026-08-15T07:57:14Z,Wikidata P571,
E04855,9691,株式会社両毛システムズ,date_of_establishment,1970-01-31,date,wikidata,https://www.wikidata.org/wiki/Q11362650,Q11362650,,2026-08-15T07:57:14Z,Wikidata P571,
E04857,9686,東洋テック株式会社,date_of_establishment,1966-01-05,date,wikidata,https://www.wikidata.org/wiki/Q11527603,Q11527603,,2026-08-15T07:57:14Z,Wikidata P571,
E04858,9685,ＫＹＣＯＭホールディングス株式会社,date_of_establishment,1968-05-30,date,wikidata,https://www.wikidata.org/wiki/Q11228301,Q11228301,,2026-08-15T07:57:14Z,Wikidata P571,
E04859,9684,株式会社スクウェア・エニックス・ホールディングス,date_of_establishment,1975-09-22,date,wikidata,https://www.wikidata.org/wiki/Q11311474,Q11311474,,2026-08-15T07:57:14Z,Wikidata P571,
E04861,9682,株式会社ＤＴＳ,date_of_establishment,1972-08-25,date,wikidata,https://www.wikidata.org/wiki/Q11196407,Q11196407,,2026-08-15T07:57:14Z,Wikidata P571,
E04862,9678,株式会社カナモト,date_of_establishment,1964-11-01,date,wikidata,https://www.wikidata.org/wiki/Q17225385,Q17225385,,2026-08-15T07:57:14Z,Wikidata P571,
E04867,9663,株式会社ナガワ,date_of_establishment,1966-07-21,date,wikidata,https://www.wikidata.org/wiki/Q11323742,Q11323742,,2026-08-15T07:57:14Z,Wikidata P571,
E04869,9658,株式会社ビジネスブレイン太田昭和,date_of_establishment,1967-08-26,date,wikipedia,https://ja.wikipedia.org/wiki/%E3%83%93%E3%82%B8%E3%83%8D%E3%82%B9%E3%83%96%E3%83%AC%E3%82%A4%E3%83%B3%E5%A4%AA%E7%94%B0%E6%98%AD%E5%92%8C,,ビジネスブレイン太田昭和,2026-08-15T07:57:18Z,Wikipedia infobox 設立,
E04873,9651,日本プロセス株式会社,date_of_establishment,1967-06-20,date,wikidata,https://www.wikidata.org/wiki/Q11506873,Q11506873,,2026-08-15T07:57:14Z,Wikidata P571,
E04877,9928,株式会社ミロク情報サービス,date_of_establishment,1977-11-02,date,wikidata,https://www.wikidata.org/wiki/Q11342985,Q11342985,,2026-08-15T07:57:14Z,Wikidata P571,
E04878,6197,株式会社ソラスト,date_of_establishment,1968-10-02,date,wikidata,https://www.wikidata.org/wiki/Q11315349,Q11315349,,2026-08-15T07:57:14Z,Wikidata P571,
E04884,9647,株式会社協和コンサルタンツ,date_of_establishment,1961-08-29,date,wikidata,https://www.wikidata.org/wiki/Q11407218,Q11407218,,2026-08-15T07:57:14Z,Wikidata P571,
E04887,9644,株式会社タナベコンサルティンググループ,date_of_establishment,1957-10-16,date,wikidata,https://www.wikidata.org/wiki/Q11316220,Q11316220,,2026-08-15T07:57:14Z,Wikidata P571,
E04889,9640,株式会社セゾンテクノロジー,date_of_establishment,1970-09-01,date,wikidata,https://www.wikidata.org/wiki/Q11314321,Q11314321,,2026-08-15T07:57:14Z,Wikidata P571,
E04890,9639,三協フロンテア株式会社,date_of_establishment,1969-12-05,date,wikidata,https://www.wikidata.org/wiki/Q11354518,Q11354518,,2026-08-15T07:57:14Z,Wikidata P571,
E04894,9629,ピー・シー・エー株式会社,date_of_establishment,1980-08-01,date,wikidata,https://www.wikidata.org/wiki/Q17222866,Q17222866,,2026-08-15T07:57:14Z,Wikidata P571,
E04895,9628,燦ホールディングス株式会社,date_of_establishment,1932-08-26,date,wikidata,https://www.wikidata.org/wiki/Q11569283,Q11569283,,2026-08-15T07:57:14Z,Wikidata P571,
E04896,9627,株式会社アインホールディングス,date_of_establishment,1969-08-02,date,wikidata,https://www.wikidata.org/wiki/Q22130419,Q22130419,,2026-08-15T07:57:14Z,Wikidata P571,
E04899,9625,株式会社セレスポ,date_of_establishment,1977-07-21,date,wikidata,https://www.wikidata.org/wiki/Q28686648,Q28686648,,2026-08-15T07:57:14Z,Wikidata P571,
E04902,9622,株式会社スペース,date_of_establishment,1972-10-05,date,wikidata,https://www.wikidata.org/wiki/Q11312980,Q11312980,,2026-08-15T07:57:14Z,Wikidata P571,
E04903,9621,株式会社建設技術研究所,date_of_establishment,1963-04-01,date,wikidata,https://www.wikidata.org/wiki/Q11486814,Q11486814,,2026-08-15T07:57:14Z,Wikidata P571,
E04904,9619,株式会社イチネンホールディングス,date_of_establishment,1963-05-07,date,wikidata,https://www.wikidata.org/wiki/Q11286754,Q11286754,,2026-08-15T07:57:14Z,Wikidata P571,
E04908,9616,株式会社共立メンテナンス,date_of_establishment,1979-09-27,date,wikidata,https://www.wikidata.org/wiki/Q24698699,Q24698699,,2026-08-15T07:57:14Z,Wikidata P571,
E04912,8570,イオンフィナンシャルサービス株式会社,date_of_establishment,1981-06-20,date,wikidata,https://www.wikidata.org/wiki/Q17192804,Q17192804,,2026-08-15T07:57:14Z,Wikidata P571,
E04916,9610,ウィルソン・ラーニング　ワールドワイド株式会社,date_of_establishment,1981-12-28,date,wikipedia,https://ja.wikipedia.org/wiki/%E3%82%A6%E3%82%A3%E3%83%AB%E3%82%BD%E3%83%B3%E3%83%BB%E3%83%A9%E3%83%BC%E3%83%8B%E3%83%B3%E3%82%B0%20%E3%83%AF%E3%83%BC%E3%83%AB%E3%83%89%E3%83%AF%E3%82%A4%E3%83%89,,ウィルソン・ラーニング ワールドワイド,2026-08-15T07:57:18Z,Wikipedia infobox 設立,
E04925,9795,株式会社ステップ,date_of_establishment,1979-09-20,date,wikidata,https://www.wikidata.org/wiki/Q11312269,Q11312269,,2026-08-15T07:57:14Z,Wikidata P571,
E04926,4665,株式会社ダスキン,date_of_establishment,1963-02-04,date,wikidata,https://www.wikidata.org/wiki/Q11317143,Q11317143,,2026-08-15T07:57:14Z,Wikidata P571,
E04931,9793,株式会社ダイセキ,date_of_establishment,1958-10-01,date,wikidata,https://www.wikidata.org/wiki/Q11316786,Q11316786,,2026-08-15T07:57:14Z,Wikidata P571,
E04933,9790,福井コンピュータホールディングス株式会社,date_of_establishment,1979-12-17,date,wikidata,https://www.wikidata.org/wiki/Q11591233,Q11591233,,2026-08-15T07:57:14Z,Wikidata P571,
E04934,9788,株式会社ナック,date_of_establishment,1971-05-20,date,wikidata,https://www.wikidata.org/wiki/Q11323860,Q11323860,,2026-08-15T07:57:14Z,Wikidata P571,
E04940,9782,株式会社ディーエムエス,date_of_establishment,1961-04-04,date,wikidata,https://www.wikidata.org/wiki/Q11320202,Q11320202,,2026-08-15T07:57:14Z,Wikidata P571,
E04941,9778,株式会社昴,date_of_establishment,1972-07-17,date,wikidata,https://www.wikidata.org/wiki/Q11514229,Q11514229,,2026-08-15T07:57:14Z,Wikidata P571,
E04946,8566,リコーリース株式会社,date_of_establishment,1976-12-21,date,wikidata,https://www.wikidata.org/wiki/Q11347933,Q11347933,,2026-08-15T07:57:14Z,Wikidata P571,
E04948,9435,株式会社光通信,date_of_establishment,1988-02-05,date,wikidata,https://www.wikidata.org/wiki/Q11388563,Q11388563,,2026-08-15T07:57:14Z,Wikidata P571,
E04952,9739,ＮＳＷ株式会社,date_of_establishment,1966-08-03,date,wikidata,https://www.wikidata.org/wiki/Q11506495,Q11506495,,2026-08-15T07:57:14Z,Wikidata P571,
E04954,4641,株式会社アルプス技研,date_of_establishment,1981-03-03,date,wikidata,https://www.wikidata.org/wiki/Q17192301,Q17192301,,2026-08-15T07:57:14Z,Wikidata P571,
E04955,4642,オリジナル設計株式会社,date_of_establishment,1962-01-23,date,wikidata,https://www.wikidata.org/wiki/Q11292628,Q11292628,,2026-08-15T07:57:14Z,Wikidata P571,
E04958,4645,株式会社市進ホールディングス,date_of_establishment,1975-06-10,date,wikidata,https://www.wikidata.org/wiki/Q11480723,Q11480723,,2026-08-15T07:57:14Z,Wikidata P571,
E04959,4644,イマジニア株式会社,date_of_establishment,1986-01-27,date,wikidata,https://www.wikidata.org/wiki/Q3781101,Q3781101,,2026-08-15T07:57:14Z,Wikidata P571,
E04960,7502,株式会社プラザホールディングス,date_of_establishment,1988-03-11,date,wikidata,https://www.wikidata.org/wiki/Q11335403,Q11335403,,2026-08-15T07:57:14Z,Wikidata P571,
E04964,4651,株式会社サニックスホールディングス,date_of_establishment,1978,year,wikidata,https://www.wikidata.org/wiki/Q11304919,Q11304919,,2026-08-15T07:57:14Z,Wikidata P571,
E04972,4657,株式会社環境管理センター,date_of_establishment,1971-07-23,date,wikidata,https://www.wikidata.org/wiki/Q11574075,Q11574075,,2026-08-15T07:57:14Z,Wikidata P571,
E04973,4658,日本空調サービス株式会社,date_of_establishment,1964-04-28,date,wikidata,https://www.wikidata.org/wiki/Q11508772,Q11508772,,2026-08-15T07:57:14Z,Wikidata P571,
E04976,4662,株式会社フォーカスシステムズ,date_of_establishment,1977-04-01,date,wikidata,https://www.wikidata.org/wiki/Q11332928,Q11332928,,2026-08-15T07:57:14Z,Wikidata P571,
E04978,4664,株式会社アール・エス・シー,date_of_establishment,1971-09-10,date,wikidata,https://www.wikidata.org/wiki/Q24876330,Q24876330,,2026-08-15T07:57:14Z,Wikidata P571,
E04979,4666,パーク二四株式会社（定款上の商号　パーク２４株式会社）,date_of_establishment,1973-02-03,date,wikidata,https://www.wikidata.org/wiki/Q11089693,Q11089693,,2026-08-15T07:57:14Z,Wikidata P571,
E04980,4667,アイサンテクノロジー株式会社,date_of_establishment,1970-08-12,date,wikidata,https://www.wikidata.org/wiki/Q11282122,Q11282122,,2026-08-15T07:57:14Z,Wikidata P571,
E04981,4668,株式会社明光ネットワークジャパン,date_of_establishment,1982-08-27,date,wikidata,https://www.wikidata.org/wiki/Q11511998,Q11511998,,2026-08-15T07:57:14Z,Wikidata P571,
E04982,4671,株式会社ファルコホールディングス,date_of_establishment,1988-03-01,date,wikidata,https://www.wikidata.org/wiki/Q11332153,Q11332153,,2026-08-15T07:57:14Z,Wikidata P571,
E04987,4673,川崎地質株式会社,date_of_establishment,1951-08-28,date,wikidata,https://www.wikidata.org/wiki/Q11478371,Q11478371,,2026-08-15T07:57:14Z,Wikidata P571,
E04990,4679,株式会社　田　谷,date_of_establishment,1964,year,wikidata,https://www.wikidata.org/wiki/Q128332306,Q128332306,,2026-08-15T07:57:14Z,Wikidata P571,
E04991,4678,株式会社　秀英予備校,date_of_establishment,1984-11-01,date,wikidata,https://www.wikidata.org/wiki/Q11594557,Q11594557,,2026-08-15T07:57:14Z,Wikidata P571,
E04996,4686,株式会社ジャストシステム,date_of_establishment,1981-06-02,date,wikidata,https://www.wikidata.org/wiki/Q6315712,Q6315712,,2026-08-15T07:57:14Z,Wikidata P571,
E04997,4687,ＴＤＣソフト株式会社,date_of_establishment,1963-12-17,date,wikidata,https://www.wikidata.org/wiki/Q11248393,Q11248393,,2026-08-15T07:57:14Z,Wikidata P571,
E04999,4704,トレンドマイクロ株式会社,date_of_establishment,1988,year,wikidata,https://www.wikidata.org/wiki/Q700974,Q700974,,2026-08-15T07:57:14Z,Wikidata P571,
E05000,4689,ＬＩＮＥヤフー株式会社,date_of_establishment,1996-01-31,date,wikidata,https://www.wikidata.org/wiki/Q86734122,Q86734122,,2026-08-15T07:57:14Z,Wikidata P571,
E05011,4705,株式会社クリップコーポレーション,date_of_establishment,1981-05-23,date,wikidata,https://www.wikidata.org/wiki/Q11299382,Q11299382,,2026-08-15T07:57:14Z,Wikidata P571,
E05015,4707,株式会社キタック,date_of_establishment,1973-02-01,date,wikidata,https://www.wikidata.org/wiki/Q11296725,Q11296725,,2026-08-15T07:57:14Z,Wikidata P571,
E05020,4712,株式会社ＫｅｙＨｏｌｄｅｒ,date_of_establishment,1967-12-25,date,wikidata,https://www.wikidata.org/wiki/Q11284033,Q11284033,,2026-08-15T07:57:14Z,Wikidata P571,
E05024,4714,株式会社　リソー教育グループ,date_of_establishment,1985-07-06,date,wikidata,https://www.wikidata.org/wiki/Q11348051,Q11348051,,2026-08-15T07:57:14Z,Wikidata P571,
E05025,4684,株式会社オービック,date_of_establishment,1968-04-08,date,wikidata,https://www.wikidata.org/wiki/Q11293432,Q11293432,,2026-08-15T07:57:14Z,Wikidata P571,
E05027,4716,日本オラクル株式会社,date_of_establishment,1985-10-15,date,wikidata,https://www.wikidata.org/wiki/Q11506324,Q11506324,,2026-08-15T07:57:14Z,Wikidata P571,
E05028,4718,株式会社早稲田アカデミー,date_of_establishment,1974-11,month,wikidata,https://www.wikidata.org/wiki/Q11511469,Q11511469,,2026-08-15T07:57:14Z,Wikidata P571,
E05029,4719,株式会社アルファシステムズ,date_of_establishment,1972-10-11,date,wikidata,https://www.wikidata.org/wiki/Q17192269,Q17192269,,2026-08-15T07:57:14Z,Wikidata P571,
E05030,4720,株式会社城南進学研究社,date_of_establishment,1982-09-16,date,wikidata,https://www.wikidata.org/wiki/Q137321928,Q137321928,,2026-08-15T07:57:14Z,Wikidata P571,
E05033,4722,フューチャー株式会社,date_of_establishment,1989-11-28,date,wikidata,https://www.wikidata.org/wiki/Q17213696,Q17213696,,2026-08-15T07:57:14Z,Wikidata P571,
E05036,4725,株式会社ＣＡＣ　Ｈｏｌｄｉｎｇｓ,date_of_establishment,1966-08-08,date,wikidata,https://www.wikidata.org/wiki/Q11308754,Q11308754,,2026-08-15T07:57:14Z,Wikidata P571,
E05041,9449,ＧＭＯインターネットグループ株式会社,date_of_establishment,1991-05-24,date,wikidata,https://www.wikidata.org/wiki/Q11201240,Q11201240,,2026-08-15T07:57:14Z,Wikidata P571,
E05042,4728,株式会社トーセ,date_of_establishment,1979-11-01,date,wikidata,https://www.wikidata.org/wiki/Q2271746,Q2271746,,2026-08-15T07:57:14Z,Wikidata P571,
E05045,4732,株式会社ユー・エス・エス,date_of_establishment,1969-11-13,date,wikidata,https://www.wikidata.org/wiki/Q11345976,Q11345976,,2026-08-15T07:57:14Z,Wikidata P571,
E05047,8876,株式会社リログループ,date_of_establishment,1967-03-15,date,wikidata,https://www.wikidata.org/wiki/Q11348594,Q11348594,,2026-08-15T07:57:14Z,Wikidata P571,
E05048,4733,株式会社オービックビジネスコンサルタント,date_of_establishment,1980-12-12,date,wikidata,https://www.wikidata.org/wiki/Q11293433,Q11293433,,2026-08-15T07:57:14Z,Wikidata P571,
E05049,9438,株式会社エムティーアイ,date_of_establishment,1996-08-12,date,wikidata,https://www.wikidata.org/wiki/Q11290810,Q11290810,,2026-08-15T07:57:14Z,Wikidata P571,
E05053,4735,株式会社京進,date_of_establishment,1981-04-02,date,wikidata,https://www.wikidata.org/wiki/Q11374748,Q11374748,,2026-08-15T07:57:14Z,Wikidata P571,
E05055,9439,株式会社エム・エイチ・グループ,date_of_establishment,1990-04-04,date,wikidata,https://www.wikidata.org/wiki/Q11290831,Q11290831,,2026-08-15T07:57:14Z,Wikidata P571,
E05056,4694,株式会社ビー・エム・エル,date_of_establishment,1955-07-05,date,wikidata,https://www.wikidata.org/wiki/Q11331222,Q11331222,,2026-08-15T07:57:14Z,Wikidata P571,
E05062,4307,株式会社野村総合研究所,date_of_establishment,1965,year,wikidata,https://www.wikidata.org/wiki/Q4922632,Q4922632,,2026-08-15T07:57:14Z,Wikidata P571,
E05065,1738,株式会社ニットー,date_of_establishment,1975-05-07,date,wikidata,https://www.wikidata.org/wiki/Q11324490,Q11324490,,2026-08-15T08:40:42Z,Wikidata P571,
E05066,4746,株式会社東計電算,date_of_establishment,1970-04-01,date,wikidata,https://www.wikidata.org/wiki/Q11528333,Q11528333,,2026-08-15T07:57:14Z,Wikidata P571,
E05070,4750,株式会社ダイサン,date_of_establishment,1975-04-01,date,wikidata,https://www.wikidata.org/wiki/Q11316768,Q11316768,,2026-08-15T07:57:14Z,Wikidata P571,
E05072,4751,株式会社サイバーエージェント,date_of_establishment,1998-03-18,date,wikidata,https://www.wikidata.org/wiki/Q11304138,Q11304138,,2026-08-15T07:57:14Z,Wikidata P571,
E05073,4754,株式会社トスネット,date_of_establishment,1977-03-30,date,wikidata,https://www.wikidata.org/wiki/Q11321217,Q11321217,,2026-08-15T07:57:14Z,Wikidata P571,
E05080,4755,楽天グループ株式会社,date_of_establishment,1997-02-07,date,wikidata,https://www.wikidata.org/wiki/Q973054,Q973054,,2026-08-15T07:57:14Z,Wikidata P571,
E05083,4760,株式会社アルファ,date_of_establishment,1984-01-05,date,wikidata,https://www.wikidata.org/wiki/Q17192283,Q17192283,,2026-08-15T07:57:14Z,Wikidata P571,
E05088,4772,株式会社ＳＭ　ＥＮＴＥＲＴＡＩＮＭＥＮＴ　ＪＡＰＡＮ,date_of_establishment,1971-12-24,date,wikidata,https://www.wikidata.org/wiki/Q21019180,Q21019180,,2026-08-15T07:57:14Z,Wikidata P571,
E05090,4761,株式会社さくらケーシーエス,date_of_establishment,1969-03-29,date,wikidata,https://www.wikidata.org/wiki/Q11267771,Q11267771,,2026-08-15T07:57:14Z,Wikidata P571,
E05091,4762,株式会社エックスネット,date_of_establishment,1991-06-03,date,wikipedia,https://ja.wikipedia.org/wiki/%E3%82%A8%E3%83%83%E3%82%AF%E3%82%B9%E3%83%8D%E3%83%83%E3%83%88,,エックスネット,2026-08-15T07:57:18Z,Wikipedia infobox 設立,
E05097,4765,ＳＢＩグローバルアセットマネジメント株式会社,date_of_establishment,1998-03-27,date,wikidata,https://www.wikidata.org/wiki/Q118876142,Q118876142,,2026-08-15T07:57:14Z,Wikidata P571,
E05098,4766,株式会社ピーエイ,date_of_establishment,1990,year,wikidata,https://www.wikidata.org/wiki/Q18339065,Q18339065,,2026-08-15T07:57:14Z,Wikidata P571,
E05099,4768,株式会社　大塚商会,date_of_establishment,1961-12-13,date,wikidata,https://www.wikidata.org/wiki/Q11434002,Q11434002,,2026-08-15T07:57:14Z,Wikidata P571,
E05100,4767,株式会社テー・オー・ダブリュー,date_of_establishment,1989-03-14,date,wikipedia,https://ja.wikipedia.org/wiki/%E3%83%86%E3%83%BC%E3%83%BB%E3%82%AA%E3%83%BC%E3%83%BB%E3%83%80%E3%83%96%E3%83%AA%E3%83%A5%E3%83%BC,,テー・オー・ダブリュー,2026-08-15T07:57:18Z,Wikipedia infobox 設立,
E05107,4771,株式会社エフアンドエム,date_of_establishment,1990-07-30,date,wikidata,https://www.wikidata.org/wiki/Q11290536,Q11290536,,2026-08-15T07:57:14Z,Wikidata P571,
E05112,2656,株式会社ベクターホールディングス,date_of_establishment,1989-02-03,date,wikidata,https://www.wikidata.org/wiki/Q11245018,Q11245018,,2026-08-15T07:57:14Z,Wikidata P571,
E05114,4777,株式会社ガーラ,date_of_establishment,1993-09-03,date,wikidata,https://www.wikidata.org/wiki/Q1137822,Q1137822,,2026-08-15T07:57:14Z,Wikidata P571,
E05116,4776,サイボウズ株式会社,date_of_establishment,1997-08-08,date,wikidata,https://www.wikidata.org/wiki/Q5197904,Q5197904,,2026-08-15T07:57:14Z,Wikidata P571,
E05123,4784,ＧＭＯインターネット株式会社,date_of_establishment,1999-09-08,date,wikidata,https://www.wikidata.org/wiki/Q11201239,Q11201239,,2026-08-15T07:57:14Z,Wikidata P571,
E05135,4792,山田コンサルティンググループ株式会社,date_of_establishment,1989-07-10,date,wikidata,https://www.wikidata.org/wiki/Q137375879,Q137375879,,2026-08-15T07:57:14Z,Wikidata P571,
E05137,9444,株式会社トーシンホールディングス,date_of_establishment,1988-04-30,date,wikidata,https://www.wikidata.org/wiki/Q11322353,Q11322353,,2026-08-15T07:57:14Z,Wikidata P571,
E05143,4800,オリコン株式会社,date_of_establishment,1999,year,wikidata,https://www.wikidata.org/wiki/Q476215,Q476215,,2026-08-15T07:57:14Z,Wikidata P571,
E05145,4801,セントラルスポーツ株式会社,date_of_establishment,1970-05-13,date,wikidata,https://www.wikidata.org/wiki/Q11314787,Q11314787,,2026-08-15T07:57:14Z,Wikidata P571,
E05147,4812,株式会社電通総研,date_of_establishment,1975-12-11,date,wikidata,https://www.wikidata.org/wiki/Q11660646,Q11660646,,2026-08-15T07:57:14Z,Wikidata P571,
E05149,2491,バリューコマース株式会社,date_of_establishment,1996-03-12,date,wikidata,https://www.wikidata.org/wiki/Q11328124,Q11328124,,2026-08-15T07:57:14Z,Wikidata P571,
E05153,2130,株式会社メンバーズ,date_of_establishment,1995-06-26,date,wikidata,https://www.wikidata.org/wiki/Q11344203,Q11344203,,2026-08-15T07:57:14Z,Wikidata P571,
E05155,4820,株式会社イーエムシステムズ（商号　株式会社ＥＭシステムズ）,date_of_establishment,1980,year,wikidata,https://www.wikidata.org/wiki/Q17192708,Q17192708,,2026-08-15T07:57:14Z,Wikidata P571,
E05156,4819,株式会社デジタルガレージ,date_of_establishment,1995-08-17,date,wikidata,https://www.wikidata.org/wiki/Q11320473,Q11320473,,2026-08-15T07:57:14Z,Wikidata P571,
E05159,8473,ＳＢＩホールディングス株式会社,date_of_establishment,1999-07-08,date,wikidata,https://www.wikidata.org/wiki/Q1113213,Q1113213,,2026-08-15T07:57:14Z,Wikidata P571,
E05162,4825,株式会社ウェザーニューズ,date_of_establishment,1986-06-11,date,wikidata,https://www.wikidata.org/wiki/Q492412,Q492412,,2026-08-15T07:57:14Z,Wikidata P571,
E05167,4828,ビジネスエンジニアリング株式会社,date_of_establishment,1980-12,month,wikidata,https://www.wikidata.org/wiki/Q11527607,Q11527607,,2026-08-15T07:57:14Z,Wikidata P571,
E05168,4813,株式会社ＡＣＣＥＳＳ,date_of_establishment,1979,year,wikidata,https://www.wikidata.org/wiki/Q338906,Q338906,,2026-08-15T07:57:14Z,Wikidata P571,
E05169,4829,日本エンタープライズ株式会社,date_of_establishment,1989-05-30,date,wikidata,https://www.wikidata.org/wiki/Q11506311,Q11506311,,2026-08-15T07:57:14Z,Wikidata P571,
E05173,4832,ＪＦＥシステムズ株式会社,date_of_establishment,1983-09-01,date,wikidata,https://www.wikidata.org/wiki/Q11225717,Q11225717,,2026-08-15T07:57:14Z,Wikidata P571,
E05175,4833,株式会社Ｄｅｆ　ｃｏｎｓｕｌｔｉｎｇ,date_of_establishment,1987-08-20,date,wikidata,https://www.wikidata.org/wiki/Q11276057,Q11276057,,2026-08-15T07:57:14Z,Wikidata P571,
E05181,9446,株式会社サカイホールディングス,date_of_establishment,1991-03-19,date,wikidata,https://www.wikidata.org/wiki/Q11290021,Q11290021,,2026-08-15T07:57:14Z,Wikidata P571,
E05182,4848,株式会社フルキャストホールディングス,date_of_establishment,1990-09-14,date,wikidata,https://www.wikidata.org/wiki/Q11333890,Q11333890,,2026-08-15T07:57:14Z,Wikidata P571,
E05183,4840,株式会社トライアイズ,date_of_establishment,1995-03-16,date,wikidata,https://www.wikidata.org/wiki/Q11321718,Q11321718,,2026-08-15T07:57:14Z,Wikidata P571,
E05187,4845,株式会社スカラ,date_of_establishment,1991-12-11,date,wikidata,https://www.wikidata.org/wiki/Q11333407,Q11333407,,2026-08-15T07:57:14Z,Wikidata P571,
E05191,4847,株式会社インテリジェント　ウェイブ,date_of_establishment,1984,year,wikipedia,https://ja.wikipedia.org/wiki/%E3%82%A4%E3%83%B3%E3%83%86%E3%83%AA%E3%82%B8%E3%82%A7%E3%83%B3%E3%83%88%20%E3%82%A6%E3%82%A7%E3%82%A4%E3%83%96,,インテリジェント ウェイブ,2026-08-15T07:57:18Z,Wikipedia infobox 設立,
E05192,4849,エン株式会社,date_of_establishment,2000-01-14,date,wikidata,https://www.wikidata.org/wiki/Q11291487,Q11291487,,2026-08-15T07:57:14Z,Wikidata P571,
E05198,4284,株式会社　ソルクシーズ,date_of_establishment,1981-02-04,date,wikidata,https://www.wikidata.org/wiki/Q11315406,Q11315406,,2026-08-15T07:57:14Z,Wikidata P571,
E05205,4290,株式会社プレステージ・インターナショナル,date_of_establishment,1986-10-30,date,wikidata,https://www.wikidata.org/wiki/Q11335851,Q11335851,,2026-08-15T07:57:14Z,Wikidata P571,
E05206,4293,株式会社セプテーニ・ホールディングス,date_of_establishment,1990-10-29,date,wikidata,https://www.wikidata.org/wiki/Q11314448,Q11314448,,2026-08-15T07:57:14Z,Wikidata P571,
E05211,4308,株式会社Ｊストリーム,date_of_establishment,1997-05-29,date,wikidata,https://www.wikidata.org/wiki/Q11227067,Q11227067,,2026-08-15T07:57:14Z,Wikidata P571,
E05215,4299,株式会社ハイマックス,date_of_establishment,1976-05-21,date,wikidata,https://www.wikidata.org/wiki/Q11326164,Q11326164,,2026-08-15T07:57:14Z,Wikidata P571,
E05219,4301,株式会社アミューズ,date_of_establishment,1977-10-16,date,wikidata,https://www.wikidata.org/wiki/Q719628,Q719628,,2026-08-15T07:57:14Z,Wikidata P571,
E05221,4310,株式会社ドリームインキュベータ,date_of_establishment,2000-04-20,date,wikidata,https://www.wikidata.org/wiki/Q11323234,Q11323234,,2026-08-15T07:57:14Z,Wikidata P571,
E05228,4316,株式会社ビーマップ,date_of_establishment,1998-09-04,date,wikidata,https://www.wikidata.org/wiki/Q11331194,Q11331194,,2026-08-15T07:57:14Z,Wikidata P571,
E05232,4318,株式会社クイック,date_of_establishment,1980-09-30,date,wikidata,https://www.wikidata.org/wiki/Q11298555,Q11298555,,2026-08-15T07:57:14Z,Wikidata P571,
E05233,4320,株式会社ＣＥホールディングス,date_of_establishment,1996-03-25,date,wikipedia,https://ja.wikipedia.org/wiki/CE%E3%83%9B%E3%83%BC%E3%83%AB%E3%83%87%E3%82%A3%E3%83%B3%E3%82%B0%E3%82%B9,,CEホールディングス,2026-08-15T07:57:18Z,Wikipedia infobox 設立,
E05238,8898,株式会社センチュリー２１・ジャパン,date_of_establishment,1983-10,month,wikidata,https://www.wikidata.org/wiki/Q107411683,Q107411683,,2026-08-15T07:57:14Z,Wikidata P571,
E05239,4326,株式会社インテージホールディングス,date_of_establishment,1960-03-02,date,wikidata,https://www.wikidata.org/wiki/Q11287611,Q11287611,,2026-08-15T07:57:14Z,Wikidata P571,
E05242,8739,スパークス・グループ株式会社,date_of_establishment,1988-06-22,date,wikidata,https://www.wikidata.org/wiki/Q11312727,Q11312727,,2026-08-15T07:57:14Z,Wikidata P571,
E05248,4331,株式会社テイクアンドギヴ・ニーズ,date_of_establishment,1998-10,month,wikidata,https://www.wikidata.org/wiki/Q11319090,Q11319090,,2026-08-15T07:57:14Z,Wikidata P571,
E05254,4334,株式会社ユークス,date_of_establishment,1993,year,wikidata,https://www.wikidata.org/wiki/Q1923795,Q1923795,,2026-08-15T07:57:14Z,Wikidata P571,
E05262,4341,西菱電機株式会社,date_of_establishment,1966-12-06,date,wikidata,https://www.wikidata.org/wiki/Q11629462,Q11629462,,2026-08-15T07:57:14Z,Wikidata P571,
E05264,4343,株式会社イオンファンタジー,date_of_establishment,1969-10-31,date,wikidata,https://www.wikidata.org/wiki/Q11286058,Q11286058,,2026-08-15T07:57:14Z,Wikidata P571,
E05267,4345,株式会社シーティーエス,date_of_establishment,1990-11-20,date,wikidata,https://www.wikidata.org/wiki/Q11308845,Q11308845,,2026-08-15T07:57:14Z,Wikidata P571,
E05268,4346,株式会社ＮＥＸＹＺ．Ｇｒｏｕｐ,date_of_establishment,1990-02-21,date,wikidata,https://www.wikidata.org/wiki/Q11325305,Q11325305,,2026-08-15T07:57:14Z,Wikidata P571,
E05269,4347,ブロードメディア株式会社,date_of_establishment,1996-09-05,date,wikidata,https://www.wikidata.org/wiki/Q11335195,Q11335195,,2026-08-15T07:57:14Z,Wikidata P571,
E05274,4350,株式会社　メディカルシステムネットワーク,date_of_establishment,1999-09-16,date,wikidata,https://www.wikidata.org/wiki/Q96324107,Q96324107,,2026-08-15T07:57:14Z,Wikidata P571,
E05278,2300,株式会社きょくとう,date_of_establishment,1964-06-01,date,wikidata,https://www.wikidata.org/wiki/Q11265058,Q11265058,,2026-08-15T07:57:14Z,Wikidata P571,
E05280,8798,株式会社アドバンスクリエイト,date_of_establishment,1995-10-04,date,wikidata,https://www.wikidata.org/wiki/Q11284050,Q11284050,,2026-08-15T07:57:14Z,Wikidata P571,
E05283,2317,株式会社システナ,date_of_establishment,1983-03-24,date,wikidata,https://www.wikidata.org/wiki/Q11307174,Q11307174,,2026-08-15T07:57:14Z,Wikidata P571,
E05286,2301,株式会社学情,date_of_establishment,1977-11-07,date,wikidata,https://www.wikidata.org/wiki/Q11448206,Q11448206,,2026-08-15T07:57:14Z,Wikidata P571,
E05288,2304,株式会社ＣＳＳホールディングス,date_of_establishment,1984-12,month,wikidata,https://www.wikidata.org/wiki/Q11194138,Q11194138,,2026-08-15T07:57:14Z,Wikidata P571,
E05289,2303,株式会社ドーン,date_of_establishment,1997-03-24,date,wikidata,https://www.wikidata.org/wiki/Q11323528,Q11323528,,2026-08-15T07:57:14Z,Wikidata P571,
E05297,2321,株式会社ソフトフロントホールディングス,date_of_establishment,1997,year,wikipedia,https://ja.wikipedia.org/wiki/%E3%82%BD%E3%83%95%E3%83%88%E3%83%95%E3%83%AD%E3%83%B3%E3%83%88%E3%83%9B%E3%83%BC%E3%83%AB%E3%83%87%E3%82%A3%E3%83%B3%E3%82%B0%E3%82%B9,,ソフトフロントホールディングス,2026-08-15T07:57:18Z,Wikipedia infobox 設立,
E05299,2325,株式会社ＮＪＳ,date_of_establishment,1951-09-03,date,wikidata,https://www.wikidata.org/wiki/Q11507126,Q11507126,,2026-08-15T07:57:14Z,Wikidata P571,
E05301,4563,アンジェス株式会社,date_of_establishment,1999-12-17,date,wikidata,https://www.wikidata.org/wiki/Q17192526,Q17192526,,2026-08-15T07:57:14Z,Wikidata P571,
E05302,2323,株式会社ｆｏｎｆｕｎ,date_of_establishment,1997-03-03,date,wikidata,https://www.wikidata.org/wiki/Q11200356,Q11200356,,2026-08-15T07:57:14Z,Wikidata P571,
E05303,2326,デジタルアーツ株式会社,date_of_establishment,1995-06,month,wikidata,https://www.wikidata.org/wiki/Q11320469,Q11320469,,2026-08-15T07:57:14Z,Wikidata P571,
E05304,2327,日鉄ソリューションズ株式会社,date_of_establishment,1980-10-01,date,wikidata,https://www.wikidata.org/wiki/Q11502418,Q11502418,,2026-08-15T07:57:14Z,Wikidata P571,
E05306,2749,株式会社ＪＰホールディングス,date_of_establishment,1993-03-31,date,wikidata,https://www.wikidata.org/wiki/Q11226073,Q11226073,,2026-08-15T07:57:14Z,Wikidata P571,
E05307,2329,株式会社東北新社,date_of_establishment,1961-04-01,date,wikidata,https://www.wikidata.org/wiki/Q3992245,Q3992245,,2026-08-15T07:57:14Z,Wikidata P571,
E05308,2330,株式会社フォーサイド,date_of_establishment,2000-03-31,date,wikidata,https://www.wikidata.org/wiki/Q11246503,Q11246503,,2026-08-15T07:57:14Z,Wikidata P571,
E05309,2331,ＡＬＳＯＫ株式会社,date_of_establishment,1965-07-16,date,wikidata,https://www.wikidata.org/wiki/Q11607095,Q11607095,,2026-08-15T07:57:14Z,Wikidata P571,
E05310,2332,株式会社クエスト,date_of_establishment,2017-11-07,date,wikidata,https://www.wikidata.org/wiki/Q48460186,Q48460186,,2026-08-15T08:40:42Z,Wikidata P571,
E05312,2335,株式会社キューブシステム,date_of_establishment,1972-07-05,date,wikidata,https://www.wikidata.org/wiki/Q11297535,Q11297535,,2026-08-15T07:57:14Z,Wikidata P571,
E05313,8908,株式会社毎日コムネット,date_of_establishment,1979-04-21,date,wikidata,https://www.wikidata.org/wiki/Q11547271,Q11547271,,2026-08-15T07:57:14Z,Wikidata P571,
E05314,2337,いちご株式会社,date_of_establishment,2000-03-17,date,wikidata,https://www.wikidata.org/wiki/Q17193222,Q17193222,,2026-08-15T07:57:14Z,Wikidata P571,
E05316,2341,株式会社アルバイトタイムス,date_of_establishment,1973-10-29,date,wikidata,https://www.wikidata.org/wiki/Q17192219,Q17192219,,2026-08-15T07:57:14Z,Wikidata P571,
E05320,2345,株式会社ＨＯＤＬ１,date_of_establishment,1997-06-12,date,wikidata,https://www.wikidata.org/wiki/Q99233319,Q99233319,,2026-08-15T07:57:14Z,Wikidata P571,
E05324,2351,株式会社ＡＳＪ,date_of_establishment,1984-02-15,date,wikidata,https://www.wikidata.org/wiki/Q11189649,Q11189649,,2026-08-15T07:57:14Z,Wikidata P571,
E05325,4827,ビジネス・ワンホールディングス株式会社,date_of_establishment,1987-08-06,date,wikidata,https://www.wikidata.org/wiki/Q11330585,Q11330585,,2026-08-15T07:57:14Z,Wikidata P571,
E05326,1724,シンクレイヤ株式会社,date_of_establishment,1962-05-02,date,wikidata,https://www.wikidata.org/wiki/Q11308532,Q11308532,,2026-08-15T07:57:14Z,Wikidata P571,
E05327,2353,日本駐車場開発株式会社,date_of_establishment,1991-12-24,date,wikidata,https://www.wikidata.org/wiki/Q11509461,Q11509461,,2026-08-15T07:57:14Z,Wikidata P571,
E05328,2354,株式会社ＹＥ　ＤＩＧＩＴＡＬ,date_of_establishment,1978-02-01,date,wikidata,https://www.wikidata.org/wiki/Q11450646,Q11450646,,2026-08-15T07:57:14Z,Wikidata P571,
E05331,2315,株式会社ＣＡＩＣＡ　ＤＩＧＩＴＡＬ,date_of_establishment,1989-07-14,date,wikidata,https://www.wikidata.org/wiki/Q117242528,Q117242528,,2026-08-15T07:57:14Z,Wikidata P571,
E05336,3710,ジョルダン株式会社,date_of_establishment,1979,year,wikidata,https://www.wikidata.org/wiki/Q6279033,Q6279033,,2026-08-15T07:57:14Z,Wikidata P571,
E05340,3712,株式会社情報企画,date_of_establishment,1986,year,wikipedia,https://ja.wikipedia.org/wiki/%E6%83%85%E5%A0%B1%E4%BC%81%E7%94%BB,,情報企画,2026-08-15T07:57:18Z,Wikipedia infobox 設立,
E05346,8439,東京センチュリー株式会社,date_of_establishment,1969-07-01,date,wikidata,https://www.wikidata.org/wiki/Q11524212,Q11524212,,2026-08-15T07:57:14Z,Wikidata P571,
E05350,2371,株式会社カカクコム,date_of_establishment,1997-12,month,wikidata,https://www.wikidata.org/wiki/Q11293948,Q11293948,,2026-08-15T07:57:14Z,Wikidata P571,
E05351,2370,株式会社メディネット,date_of_establishment,1995-10-17,date,wikidata,https://www.wikidata.org/wiki/Q96313465,Q96313465,,2026-08-15T07:57:14Z,Wikidata P571,
E05353,2373,株式会社ケア２１,date_of_establishment,1993-11-01,date,wikidata,https://www.wikidata.org/wiki/Q28689776,Q28689776,,2026-08-15T07:57:14Z,Wikidata P571,
E05356,2375,ギグワークス株式会社,date_of_establishment,1977-01-20,date,wikidata,https://www.wikidata.org/wiki/Q11313449,Q11313449,,2026-08-15T07:57:14Z,Wikidata P571,
E05360,3723,日本ファルコム株式会社,date_of_establishment,1981-03,month,wikidata,https://www.wikidata.org/wiki/Q1142226,Q1142226,,2026-08-15T07:57:14Z,Wikidata P571,
E05361,2378,株式会社ルネサンス,date_of_establishment,1982-08-13,date,wikidata,https://www.wikidata.org/wiki/Q11349010,Q11349010,,2026-08-15T07:57:14Z,Wikidata P571,
E05363,4564,オンコセラピー・サイエンス株式会社,date_of_establishment,2001-04-06,date,wikidata,https://www.wikidata.org/wiki/Q11293005,Q11293005,,2026-08-15T07:57:14Z,Wikidata P571,
E05368,2379,ディップ株式会社,date_of_establishment,1997-03-14,date,wikidata,https://www.wikidata.org/wiki/Q11320122,Q11320122,,2026-08-15T07:57:14Z,Wikidata P571,
E05369,3727,株式会社アプリックス,date_of_establishment,1986-02-22,date,wikipedia,https://ja.wikipedia.org/wiki/%E3%82%A2%E3%83%97%E3%83%AA%E3%83%83%E3%82%AF%E3%82%B9,,アプリックス,2026-08-15T07:57:18Z,Wikipedia infobox 設立,
E05376,3733,株式会社ソフトウェア・サービス,date_of_establishment,1969,year,wikidata,https://www.wikidata.org/wiki/Q17995785,Q17995785,,2026-08-15T07:57:14Z,Wikidata P571,
E05378,2391,株式会社プラネット,date_of_establishment,1984,year,wikidata,https://www.wikidata.org/wiki/Q11335506,Q11335506,,2026-08-15T08:40:42Z,Wikidata P571,
E05379,2796,ファーマライズホールディングス株式会社,date_of_establishment,1984-06-28,date,wikidata,https://www.wikidata.org/wiki/Q123383058,Q123383058,,2026-08-15T07:57:14Z,Wikidata P571,
E05381,2393,株式会社日本ケアサプライ,date_of_establishment,1998-03-26,date,wikidata,https://www.wikidata.org/wiki/Q11506422,Q11506422,,2026-08-15T07:57:14Z,Wikidata P571,
E05385,2395,株式会社新日本科学,date_of_establishment,1973-05-18,date,wikidata,https://www.wikidata.org/wiki/Q11502397,Q11502397,,2026-08-15T07:57:14Z,Wikidata P571,
E05400,3741,株式会社セック,date_of_establishment,1970-05-28,date,wikidata,https://www.wikidata.org/wiki/Q96313039,Q96313039,,2026-08-15T07:57:14Z,Wikidata P571,
E05401,3739,コムシード株式会社,date_of_establishment,1991-12-13,date,wikidata,https://www.wikidata.org/wiki/Q11302614,Q11302614,,2026-08-15T07:57:14Z,Wikidata P571,
E05409,2404,株式会社鉄人化ホールディングス,date_of_establishment,1999-12-14,date,wikidata,https://www.wikidata.org/wiki/Q11649525,Q11649525,,2026-08-15T07:57:14Z,Wikidata P571,
E05410,2433,株式会社博報堂ＤＹホールディングス,date_of_establishment,2003-10-01,date,wikidata,https://www.wikidata.org/wiki/Q11408888,Q11408888,,2026-08-15T07:57:14Z,Wikidata P571,
E05413,3744,サイオス株式会社,date_of_establishment,1997-05-23,date,wikipedia,https://ja.wikipedia.org/wiki/%E3%82%B5%E3%82%A4%E3%82%AA%E3%82%B9%20%28%E4%BC%81%E6%A5%AD%29,,サイオス (企業),2026-08-15T07:57:18Z,Wikipedia infobox 設立,
E05414,4809,パラカ株式会社,date_of_establishment,1997-08-22,date,wikidata,https://www.wikidata.org/wiki/Q11329318,Q11329318,,2026-08-15T07:57:14Z,Wikidata P571,
E05416,2408,株式会社ＫＧ情報,date_of_establishment,1950-11-30,date,wikidata,https://www.wikidata.org/wiki/Q11227822,Q11227822,,2026-08-15T07:57:14Z,Wikidata P571,
E05419,2410,株式会社キャリアデザインセンター,date_of_establishment,1993-07-08,date,wikidata,https://www.wikidata.org/wiki/Q11297297,Q11297297,,2026-08-15T07:57:14Z,Wikidata P571,
E05424,3747,株式会社インタートレード,date_of_establishment,1999-01-25,date,wikidata,https://www.wikidata.org/wiki/Q11287469,Q11287469,,2026-08-15T07:57:14Z,Wikidata P571,
E05425,2413,エムスリー株式会社,date_of_establishment,2000-09-29,date,wikidata,https://www.wikidata.org/wiki/Q11290802,Q11290802,,2026-08-15T07:57:14Z,Wikidata P571,
E05426,8425,みずほリース株式会社,date_of_establishment,1947-12-13,date,wikidata,https://www.wikidata.org/wiki/Q11613479,Q11613479,,2026-08-15T07:57:14Z,Wikidata P571,
E05428,2415,ヒューマンホールディングス株式会社,date_of_establishment,2002-08,month,wikidata,https://www.wikidata.org/wiki/Q11330257,Q11330257,,2026-08-15T07:57:14Z,Wikidata P571,
E05432,3753,株式会社フライトソリューションズ,date_of_establishment,1988-04-06,date,wikidata,https://www.wikidata.org/wiki/Q11333453,Q11333453,,2026-08-15T07:57:14Z,Wikidata P571,
E05438,8424,芙蓉総合リース株式会社,date_of_establishment,1969-05-01,date,wikidata,https://www.wikidata.org/wiki/Q11614592,Q11614592,,2026-08-15T07:57:14Z,Wikidata P571,
E05443,3750,株式会社ＡＤＲ１２０Ｓ,date_of_establishment,2004-10-01,date,wikidata,https://www.wikidata.org/wiki/Q11314414,Q11314414,,2026-08-15T07:57:14Z,Wikidata P571,
E05449,3760,株式会社ケイブ,date_of_establishment,1994-06-15,date,wikidata,https://www.wikidata.org/wiki/Q2495040,Q2495040,,2026-08-15T07:57:14Z,Wikidata P571,
E05452,1711,株式会社ＳＤＳホールディングス,date_of_establishment,1986-06-09,date,wikidata,https://www.wikidata.org/wiki/Q11582568,Q11582568,,2026-08-15T07:57:14Z,Wikidata P571,
E05453,3758,株式会社アエリア,date_of_establishment,2002-10-30,date,wikidata,https://www.wikidata.org/wiki/Q11282645,Q11282645,,2026-08-15T07:57:14Z,Wikidata P571,
E05456,2440,株式会社ぐるなび,date_of_establishment,1989-10-02,date,wikidata,https://www.wikidata.org/wiki/Q11265843,Q11265843,,2026-08-15T07:57:14Z,Wikidata P571,
E05457,3807,株式会社フィスコ,date_of_establishment,1995-05-15,date,wikidata,https://www.wikidata.org/wiki/Q11332410,Q11332410,,2026-08-15T07:57:14Z,Wikidata P571,
E05458,2428,ウェルネット株式会社,date_of_establishment,1983-04-01,date,wikidata,https://www.wikidata.org/wiki/Q11288608,Q11288608,,2026-08-15T07:57:14Z,Wikidata P571,
E05460,2432,株式会社ディー・エヌ・エー,date_of_establishment,1999-03,month,wikidata,https://www.wikidata.org/wiki/Q11320256,Q11320256,,2026-08-15T07:57:14Z,Wikidata P571,
E05462,8793,ＮＥＣキャピタルソリューション株式会社,date_of_establishment,1970-09-07,date,wikidata,https://www.wikidata.org/wiki/Q11234622,Q11234622,,2026-08-15T07:57:14Z,Wikidata P571,
E05463,3762,テクマトリックス株式会社,date_of_establishment,1984-08-30,date,wikidata,https://www.wikidata.org/wiki/Q11319237,Q11319237,,2026-08-15T07:57:14Z,Wikidata P571,
E05466,3763,株式会社プロシップ,date_of_establishment,1969-04-09,date,wikipedia,https://ja.wikipedia.org/wiki/%E3%83%97%E3%83%AD%E3%82%B7%E3%83%83%E3%83%97,,プロシップ,2026-08-15T07:57:18Z,Wikipedia infobox 設立,
E05470,9514,株式会社エフオン,date_of_establishment,1997-05-27,date,wikidata,https://www.wikidata.org/wiki/Q11332318,Q11332318,,2026-08-15T07:57:14Z,Wikidata P571,
E05471,3768,リスクモンスター株式会社,date_of_establishment,2000-09-19,date,wikidata,https://www.wikidata.org/wiki/Q11347997,Q11347997,,2026-08-15T07:57:14Z,Wikidata P571,
E05474,3765,ガンホー・オンライン・エンターテイメント株式会社,date_of_establishment,1998-07,month,wikidata,https://www.wikidata.org/wiki/Q5618753,Q5618753,,2026-08-15T07:57:14Z,Wikidata P571,
E05476,3769,ＧＭＯペイメントゲートウェイ株式会社,date_of_establishment,1995-03-08,date,wikidata,https://www.wikidata.org/wiki/Q11201250,Q11201250,,2026-08-15T07:57:14Z,Wikidata P571,
E05477,2436,共同ピーアール株式会社,date_of_establishment,1964-11-14,date,wikidata,https://www.wikidata.org/wiki/Q6451893,Q6451893,,2026-08-15T07:57:14Z,Wikidata P571,
E05478,2435,株式会社シダー,date_of_establishment,1981-04,month,wikidata,https://www.wikidata.org/wiki/Q11307236,Q11307236,,2026-08-15T07:57:14Z,Wikidata P571,
E05480,3774,株式会社インターネットイニシアティブ,date_of_establishment,1992,year,wikidata,https://www.wikidata.org/wiki/Q1667971,Q1667971,,2026-08-15T07:57:14Z,Wikidata P571,
E05483,2438,株式会社アスカネット,date_of_establishment,1995-07-06,date,wikidata,https://www.wikidata.org/wiki/Q11283421,Q11283421,,2026-08-15T07:57:14Z,Wikidata P571,
E05485,3371,株式会社ソフトクリエイトホールディングス,date_of_establishment,1983-05,month,wikidata,https://www.wikidata.org/wiki/Q30922856,Q30922856,,2026-08-15T07:57:14Z,Wikidata P571,
E05487,3771,株式会社システムリサーチ,date_of_establishment,1981-03-26,date,wikidata,https://www.wikidata.org/wiki/Q11307198,Q11307198,,2026-08-15T07:57:14Z,Wikidata P571,
E05492,8789,フィンテック　グローバル株式会社,date_of_establishment,1994-12-07,date,wikidata,https://www.wikidata.org/wiki/Q18289590,Q18289590,,2026-08-15T07:57:14Z,Wikidata P571,
E05493,2445,株式会社タカミヤ,date_of_establishment,1969-06-21,date,wikidata,https://www.wikidata.org/wiki/Q11289980,Q11289980,,2026-08-15T07:57:14Z,Wikidata P571,
E05494,3776,株式会社ブロードバンドタワー,date_of_establishment,2000-02-09,date,wikidata,https://www.wikidata.org/wiki/Q11335190,Q11335190,,2026-08-15T07:57:14Z,Wikidata P571,
E05496,3773,株式会社アドバンスト・メディア,date_of_establishment,1997-02-20,date,wikidata,https://www.wikidata.org/wiki/Q11284057,Q11284057,,2026-08-15T07:57:14Z,Wikidata P571,
E05497,3775,株式会社ガイアックス,date_of_establishment,1999-03-05,date,wikidata,https://www.wikidata.org/wiki/Q11295838,Q11295838,,2026-08-15T07:57:14Z,Wikidata P571,
E05498,2449,株式会社プラップジャパン,date_of_establishment,1970-09-09,date,wikidata,https://www.wikidata.org/wiki/Q11335491,Q11335491,,2026-08-15T07:57:14Z,Wikidata P571,
E05504,9428,株式会社クロップス,date_of_establishment,1977-11-02,date,wikidata,https://www.wikidata.org/wiki/Q11299803,Q11299803,,2026-08-15T07:57:14Z,Wikidata P571,
E05510,3777,株式会社環境フレンドリーホールディングス,date_of_establishment,1995-07-13,date,wikidata,https://www.wikidata.org/wiki/Q11316586,Q11316586,,2026-08-15T07:57:14Z,Wikidata P571,
E05514,2454,株式会社オールアバウト,date_of_establishment,1993-03-25,date,wikidata,https://www.wikidata.org/wiki/Q11293551,Q11293551,,2026-08-15T07:57:14Z,Wikidata P571,
E05517,3387,株式会社クリエイト・レストランツ・ホールディングス,date_of_establishment,1997-04-22,date,wikidata,https://www.wikidata.org/wiki/Q11299164,Q11299164,,2026-08-15T07:57:14Z,Wikidata P571,
E05518,3778,さくらインターネット株式会社,date_of_establishment,1999-08-17,date,wikidata,https://www.wikidata.org/wiki/Q11267769,Q11267769,,2026-08-15T07:57:14Z,Wikidata P571,
E05524,2464,株式会社ＡｏｂａーＢＢＴ,date_of_establishment,1998-04-08,date,wikidata,https://www.wikidata.org/wiki/Q11330583,Q11330583,,2026-08-15T07:57:14Z,Wikidata P571,
E05527,2459,アウンコンサルティング株式会社,date_of_establishment,1998-06-08,date,wikidata,https://www.wikidata.org/wiki/Q11282639,Q11282639,,2026-08-15T07:57:14Z,Wikidata P571,
E05528,9423,株式会社フォーバル・リアルストレート,date_of_establishment,1995-03-16,date,wikidata,https://www.wikidata.org/wiki/Q11333001,Q11333001,,2026-08-15T07:57:14Z,Wikidata P571,
E05533,2461,株式会社ファンコミュニケーションズ,date_of_establishment,1999-10-01,date,wikidata,https://www.wikidata.org/wiki/Q11332206,Q11332206,,2026-08-15T07:57:14Z,Wikidata P571,
E05536,2462,ライク株式会社,date_of_establishment,1993-09-22,date,wikidata,https://www.wikidata.org/wiki/Q11309096,Q11309096,,2026-08-15T07:57:14Z,Wikidata P571,
E05539,3393,スターティアホールディングス株式会社,date_of_establishment,2005-12-20,date,wikipedia,https://ja.wikipedia.org/wiki/%E3%82%B9%E3%82%BF%E3%83%BC%E3%83%86%E3%82%A3%E3%82%A2%E3%83%9B%E3%83%BC%E3%83%AB%E3%83%87%E3%82%A3%E3%83%B3%E3%82%B0%E3%82%B9,,スターティアホールディングス,2026-08-15T07:57:18Z,Wikipedia infobox 設立,
E05544,2467,株式会社ＶＬＣセキュリティ,date_of_establishment,1994-09-27,date,wikidata,https://www.wikidata.org/wiki/Q17221874,Q17221874,,2026-08-15T07:57:14Z,Wikidata P571,
E05545,3788,ＧＭＯグローバルサイン・ホールディングス株式会社,date_of_establishment,1993-12-14,date,wikidata,https://www.wikidata.org/wiki/Q11201243,Q11201243,,2026-08-15T07:57:14Z,Wikidata P571,
E05550,2469,ヒビノ株式会社,date_of_establishment,1964-11-13,date,wikidata,https://www.wikidata.org/wiki/Q11330158,Q11330158,,2026-08-15T07:57:14Z,Wikidata P571,
E05551,3796,株式会社いい生活,date_of_establishment,2000-01-21,date,wikidata,https://www.wikidata.org/wiki/Q11259009,Q11259009,,2026-08-15T07:57:14Z,Wikidata P571,
E05552,3793,株式会社ドリコム,date_of_establishment,2001-11-13,date,wikidata,https://www.wikidata.org/wiki/Q11323176,Q11323176,,2026-08-15T07:57:14Z,Wikidata P571,
E05555,2471,株式会社エスプール,date_of_establishment,1999-12,month,wikidata,https://www.wikidata.org/wiki/Q11290107,Q11290107,,2026-08-15T07:57:14Z,Wikidata P571,
E05556,3395,株式会社サンマルクホールディングス,date_of_establishment,1991-07-19,date,wikidata,https://www.wikidata.org/wiki/Q11305989,Q11305989,,2026-08-15T07:57:14Z,Wikidata P571,
E05560,2475,ＷＤＢホールディングス株式会社,date_of_establishment,1985-07-06,date,wikidata,https://www.wikidata.org/wiki/Q17212244,Q17212244,,2026-08-15T07:57:14Z,Wikidata P571,
E05562,2497,ユナイテッド株式会社,date_of_establishment,1998-02-20,date,wikidata,https://www.wikidata.org/wiki/Q11345624,Q11345624,,2026-08-15T07:57:14Z,Wikidata P571,
E05563,3031,株式会社ラクーンホールディングス,date_of_establishment,1995-09-20,date,wikidata,https://www.wikidata.org/wiki/Q11346684,Q11346684,,2026-08-15T07:57:14Z,Wikidata P571,
E05564,2477,手間いらず株式会社,date_of_establishment,2003-08-04,date,wikidata,https://www.wikidata.org/wiki/Q11547497,Q11547497,,2026-08-15T07:57:14Z,Wikidata P571,
E05570,9421,株式会社エヌジェイホールディングス,date_of_establishment,1991-12-11,date,wikidata,https://www.wikidata.org/wiki/Q11325557,Q11325557,,2026-08-15T07:57:14Z,Wikidata P571,
E05575,2480,システム・ロケーション株式会社,date_of_establishment,1968-04-01,date,wikidata,https://www.wikidata.org/wiki/Q11307204,Q11307204,,2026-08-15T07:57:14Z,Wikidata P571,
E05576,2481,株式会社タウンニュース社,date_of_establishment,1980-08-01,date,wikidata,https://www.wikidata.org/wiki/Q11315875,Q11315875,,2026-08-15T07:57:14Z,Wikidata P571,
E05578,3802,株式会社エコミック,date_of_establishment,1997-04-01,date,wikidata,https://www.wikidata.org/wiki/Q11289916,Q11289916,,2026-08-15T07:57:14Z,Wikidata P571,
E05579,2483,株式会社翻訳センター,date_of_establishment,2006-04-28,date,wikidata,https://www.wikidata.org/wiki/Q11610574,Q11610574,,2026-08-15T07:57:14Z,Wikidata P571,
E05584,2484,株式会社出前館,date_of_establishment,1999-09-09,date,wikidata,https://www.wikidata.org/wiki/Q11395551,Q11395551,,2026-08-15T07:57:14Z,Wikidata P571,
E05585,2485,株式会社ティア,date_of_establishment,1997-07-07,date,wikidata,https://www.wikidata.org/wiki/Q11318901,Q11318901,,2026-08-15T07:57:14Z,Wikidata P571,
E05587,3808,株式会社オーケーウェブ,date_of_establishment,1999-07,month,wikidata,https://www.wikidata.org/wiki/Q111248039,Q111248039,,2026-08-15T07:57:14Z,Wikidata P571,
E05592,3040,株式会社ソリトンシステムズ,date_of_establishment,1979-03-01,date,wikidata,https://www.wikidata.org/wiki/Q11315398,Q11315398,,2026-08-15T07:57:14Z,Wikidata P571,
E05597,3041,株式会社ビューティカダンホールディングス,date_of_establishment,1974-05-01,date,wikidata,https://www.wikidata.org/wiki/Q11330968,Q11330968,,2026-08-15T07:57:14Z,Wikidata P571,
E05599,2489,株式会社アドウェイズ,date_of_establishment,2001-02-28,date,wikidata,https://www.wikidata.org/wiki/Q670230,Q670230,,2026-08-15T07:57:14Z,Wikidata P571,
E05601,3810,サイバーステップホールディングス株式会社,date_of_establishment,2000-04-01,date,wikidata,https://www.wikidata.org/wiki/Q3008112,Q3008112,,2026-08-15T08:40:42Z,Wikidata P571,
E05617,2121,株式会社ＭＩＸＩ,date_of_establishment,2000-10-25,date,wikidata,https://www.wikidata.org/wiki/Q16144107,Q16144107,,2026-08-15T07:57:14Z,Wikidata P571,
E05621,2138,クルーズ株式会社,date_of_establishment,2001-05-24,date,wikidata,https://www.wikidata.org/wiki/Q18611508,Q18611508,,2026-08-15T07:57:14Z,Wikidata P571,
E05622,3815,株式会社メディア工房,date_of_establishment,1997-10-30,date,wikidata,https://www.wikidata.org/wiki/Q11343845,Q11343845,,2026-08-15T07:57:14Z,Wikidata P571,
E05623,2122,株式会社インタースペース,date_of_establishment,1999-11-08,date,wikidata,https://www.wikidata.org/wiki/Q11287465,Q11287465,,2026-08-15T07:57:14Z,Wikidata P571,
E05624,2120,株式会社ＬＩＦＵＬＬ,date_of_establishment,1997-03-12,date,wikidata,https://www.wikidata.org/wiki/Q11325322,Q11325322,,2026-08-15T07:57:14Z,Wikidata P571,
E05625,2124,株式会社ジェイエイシーリクルートメント,date_of_establishment,1988-03-07,date,wikidata,https://www.wikidata.org/wiki/Q11309072,Q11309072,,2026-08-15T07:57:14Z,Wikidata P571,
E05627,3054,株式会社ハイパー,date_of_establishment,1990-05-18,date,wikidata,https://www.wikidata.org/wiki/Q11326095,Q11326095,,2026-08-15T07:57:14Z,Wikidata P571,
E05629,2127,株式会社日本Ｍ＆Ａセンターホールディングス,date_of_establishment,1991-04-25,date,wikidata,https://www.wikidata.org/wiki/Q11505520,Q11505520,,2026-08-15T07:57:14Z,Wikidata P571,
E05631,2499,日本和装ホールディングス株式会社,date_of_establishment,1986-07,month,wikidata,https://www.wikidata.org/wiki/Q11507540,Q11507540,,2026-08-15T07:57:14Z,Wikidata P571,
E05641,3824,メディアファイブ株式会社,date_of_establishment,1996-06-14,date,wikidata,https://www.wikidata.org/wiki/Q11343820,Q11343820,,2026-08-15T07:57:14Z,Wikidata P571,
E05643,3826,株式会社システムインテグレータ,date_of_establishment,1995-03-14,date,wikidata,https://www.wikidata.org/wiki/Q11307180,Q11307180,,2026-08-15T07:57:14Z,Wikidata P571,
E05645,3825,株式会社リミックスポイント,date_of_establishment,2004-03,month,wikidata,https://www.wikidata.org/wiki/Q30937410,Q30937410,,2026-08-15T07:57:14Z,Wikidata P571,
E05646,2498,株式会社オリエンタルコンサルタンツホールディングス,date_of_establishment,2006-08-28,date,wikidata,https://www.wikidata.org/wiki/Q11188870,Q11188870,,2026-08-15T07:57:14Z,Wikidata P571,
E05647,4344,ソースネクスト株式会社,date_of_establishment,1996-08-02,date,wikidata,https://www.wikidata.org/wiki/Q11315494,Q11315494,,2026-08-15T07:57:14Z,Wikidata P571,
E05648,8769,株式会社アドバンテッジリスクマネジメント,date_of_establishment,1999-03-01,date,wikidata,https://www.wikidata.org/wiki/Q11284065,Q11284065,,2026-08-15T07:57:14Z,Wikidata P571,
E05651,3237,株式会社イントランス,date_of_establishment,1998,year,wikipedia,https://ja.wikipedia.org/wiki/%E3%82%A4%E3%83%B3%E3%83%88%E3%83%A9%E3%83%B3%E3%82%B9,,イントランス,2026-08-15T07:57:18Z,Wikipedia infobox 設立,
E05663,3836,株式会社アバントグループ,date_of_establishment,1997-05-26,date,wikidata,https://www.wikidata.org/wiki/Q17191646,Q17191646,,2026-08-15T07:57:14Z,Wikidata P571,
E05664,3837,アドソル日進株式会社,date_of_establishment,1976-03-13,date,wikidata,https://www.wikidata.org/wiki/Q11284039,Q11284039,,2026-08-15T07:57:14Z,Wikidata P571,
E05665,8771,イー・ギャランティ株式会社,date_of_establishment,2000-09-08,date,wikidata,https://www.wikidata.org/wiki/Q11288004,Q11288004,,2026-08-15T07:57:14Z,Wikidata P571,
E05668,2139,株式会社中広,date_of_establishment,1978-05-01,date,wikidata,https://www.wikidata.org/wiki/Q11365000,Q11365000,,2026-08-15T07:57:14Z,Wikidata P571,
E05670,2137,株式会社光ハイツ・ヴェラス,date_of_establishment,1987-04-21,date,wikidata,https://www.wikidata.org/wiki/Q11388277,Q11388277,,2026-08-15T07:57:14Z,Wikidata P571,
E05676,2162,ｎｍｓホールディングス株式会社,date_of_establishment,1985-09-18,date,wikidata,https://www.wikidata.org/wiki/Q11506954,Q11506954,,2026-08-15T07:57:14Z,Wikidata P571,
E05678,3844,コムチュア株式会社,date_of_establishment,1985-01-18,date,wikipedia,https://ja.wikipedia.org/wiki/%E3%82%B3%E3%83%A0%E3%83%81%E3%83%A5%E3%82%A2,,コムチュア,2026-08-15T07:57:18Z,Wikipedia infobox 設立,
E05680,3843,フリービット株式会社,date_of_establishment,2000-05-01,date,wikidata,https://www.wikidata.org/wiki/Q11333860,Q11333860,,2026-08-15T07:57:14Z,Wikidata P571,
E05682,3845,株式会社アイフリークモバイル,date_of_establishment,2000-06-08,date,wikidata,https://www.wikidata.org/wiki/Q17190775,Q17190775,,2026-08-15T07:57:14Z,Wikidata P571,
E05686,2148,アイティメディア株式会社,date_of_establishment,1999-12,month,wikidata,https://www.wikidata.org/wiki/Q618875,Q618875,,2026-08-15T07:57:14Z,Wikidata P571,
E05688,3848,株式会社データ・アプリケーション,date_of_establishment,1982-09-27,date,wikidata,https://www.wikidata.org/wiki/Q11320957,Q11320957,,2026-08-15T07:57:14Z,Wikidata P571,
E05690,3849,日本テクノ・ラボ株式会社,date_of_establishment,1989-01-31,date,wikidata,https://www.wikidata.org/wiki/Q11506613,Q11506613,,2026-08-15T07:57:14Z,Wikidata P571,
E05691,2152,幼児活動研究会株式会社,date_of_establishment,1972-09,month,wikidata,https://www.wikidata.org/wiki/Q11484199,Q11484199,,2026-08-15T07:57:14Z,Wikidata P571,
E05692,3252,地主株式会社,date_of_establishment,2000-04-07,date,wikidata,https://www.wikidata.org/wiki/Q11507551,Q11507551,,2026-08-15T07:57:14Z,Wikidata P571,
E05694,3850,株式会社エヌ・ティ・ティ・データ・イントラマート,date_of_establishment,1998-02-22,date,wikidata,https://www.wikidata.org/wiki/Q11236076,Q11236076,,2026-08-15T07:57:14Z,Wikidata P571,
E05697,2175,株式会社エス・エム・エス,date_of_establishment,2003-04-04,date,wikidata,https://www.wikidata.org/wiki/Q11290134,Q11290134,,2026-08-15T07:57:14Z,Wikidata P571,
E05698,2146,ＵＴグループ株式会社,date_of_establishment,2007-04-02,date,wikidata,https://www.wikidata.org/wiki/Q11252162,Q11252162,,2026-08-15T07:57:14Z,Wikidata P571,
E05699,3853,アステリア株式会社,date_of_establishment,1998-09-01,date,wikidata,https://www.wikidata.org/wiki/Q11287745,Q11287745,,2026-08-15T07:57:14Z,Wikidata P571,
E05700,2158,株式会社ＦＲＯＮＴＥＯ,date_of_establishment,2003-08-08,date,wikipedia,https://ja.wikipedia.org/wiki/FRONTEO,,FRONTEO,2026-08-15T07:57:18Z,Wikipedia infobox 設立,
E05701,2156,セーラー広告株式会社,date_of_establishment,1951-03-30,date,wikidata,https://www.wikidata.org/wiki/Q11314887,Q11314887,,2026-08-15T07:57:14Z,Wikidata P571,
E05702,6634,株式会社ＪＮグループ,date_of_establishment,1984-04-21,date,wikidata,https://www.wikidata.org/wiki/Q11325306,Q11325306,,2026-08-15T07:57:14Z,Wikidata P571,
E05706,2153,Ｅ・Ｊホールディングス株式会社,date_of_establishment,2007-06-01,date,wikidata,https://www.wikidata.org/wiki/Q11198611,Q11198611,,2026-08-15T07:57:14Z,Wikidata P571,
E05707,3624,アクセルマーク株式会社,date_of_establishment,1994-03-22,date,wikidata,https://www.wikidata.org/wiki/Q11282968,Q11282968,,2026-08-15T07:57:14Z,Wikidata P571,
E05712,2160,株式会社ジーエヌアイグループ,date_of_establishment,2001-11,month,wikidata,https://www.wikidata.org/wiki/Q30926051,Q30926051,,2026-08-15T07:57:14Z,Wikidata P571,
E05713,3856,Ａｂａｌａｎｃｅ株式会社,date_of_establishment,2000-04-17,date,wikidata,https://www.wikidata.org/wiki/Q11347809,Q11347809,,2026-08-15T07:57:14Z,Wikidata P571,
E05714,8729,ソニーフィナンシャルグループ株式会社,date_of_establishment,2004-04-01,date,wikidata,https://www.wikidata.org/wiki/Q2629382,Q2629382,,2026-08-15T07:57:14Z,Wikidata P571,
E05716,2164,株式会社地域新聞社,date_of_establishment,1984-08-28,date,wikidata,https://www.wikidata.org/wiki/Q11424253,Q11424253,,2026-08-15T07:57:14Z,Wikidata P571,
E05717,2163,株式会社アルトナー,date_of_establishment,1962-09-18,date,wikidata,https://www.wikidata.org/wiki/Q17192207,Q17192207,,2026-08-15T07:57:14Z,Wikidata P571,
E05719,3858,株式会社ユビキタスＡＩ,date_of_establishment,2001-05-07,date,wikidata,https://www.wikidata.org/wiki/Q11345753,Q11345753,,2026-08-15T07:57:14Z,Wikidata P571,
E05725,3092,株式会社ＺＯＺＯ,date_of_establishment,1998-05-21,date,wikidata,https://www.wikidata.org/wiki/Q11312063,Q11312063,,2026-08-15T07:57:14Z,Wikidata P571,
E05726,2169,ＣＤＳ株式会社,date_of_establishment,1980-02-01,date,wikidata,https://www.wikidata.org/wiki/Q11193120,Q11193120,,2026-08-15T07:57:14Z,Wikidata P571,
E05727,2170,株式会社リンクアンドモチベーション,date_of_establishment,2000-03-27,date,wikidata,https://www.wikidata.org/wiki/Q11348610,Q11348610,,2026-08-15T07:57:14Z,Wikidata P571,
E05729,2168,株式会社パソナグループ,date_of_establishment,2007-12-03,date,wikidata,https://www.wikidata.org/wiki/Q98636368,Q98636368,,2026-08-15T07:57:14Z,Wikidata P571,
E05736,3622,ネットイヤーグループ株式会社,date_of_establishment,1999-07-07,date,wikidata,https://www.wikidata.org/wiki/Q11325421,Q11325421,,2026-08-15T07:57:14Z,Wikidata P571,
E05737,2173,株式会社博展,date_of_establishment,1970,year,wikidata,https://www.wikidata.org/wiki/Q11408987,Q11408987,,2026-08-15T07:57:14Z,Wikidata P571,
E05739,3626,ＴＩＳＩ株式会社,date_of_establishment,1971-04-28,date,wikidata,https://www.wikidata.org/wiki/Q11249434,Q11249434,,2026-08-15T07:57:14Z,Wikidata P571,
E05740,2172,株式会社インサイト,date_of_establishment,1975-06-17,date,wikidata,https://www.wikidata.org/wiki/Q11287368,Q11287368,,2026-08-15T07:57:14Z,Wikidata P571,
E05742,3625,テックファームホールディングス株式会社,date_of_establishment,1991-08-30,date,wikipedia,https://ja.wikipedia.org/wiki/%E3%83%86%E3%83%83%E3%82%AF%E3%83%95%E3%82%A1%E3%83%BC%E3%83%A0%E3%83%9B%E3%83%BC%E3%83%AB%E3%83%87%E3%82%A3%E3%83%B3%E3%82%B0%E3%82%B9,,テックファームホールディングス,2026-08-15T08:40:44Z,Wikipedia infobox 設立,
E06141,8750,株式会社第一ライフグループ,date_of_establishment,1902-09-15,date,wikidata,https://www.wikidata.org/wiki/Q27890230,Q27890230,,2026-08-15T07:57:14Z,Wikidata P571,
E07801,6098,株式会社リクルートホールディングス,date_of_establishment,1963-08-26,date,wikidata,https://www.wikidata.org/wiki/Q2135836,Q2135836,,2026-08-15T07:57:14Z,Wikidata P571,
E09753,7164,全国保証株式会社,date_of_establishment,1981-02-19,date,wikipedia,https://ja.wikipedia.org/wiki/%E5%85%A8%E5%9B%BD%E4%BF%9D%E8%A8%BC,,全国保証,2026-08-15T07:57:18Z,Wikipedia infobox 設立,
E10737,3549,株式会社クスリのアオキホールディングス,date_of_establishment,1985-01-26,date,wikipedia,https://ja.wikipedia.org/wiki/%E3%82%AF%E3%82%B9%E3%83%AA%E3%81%AE%E3%82%A2%E3%82%AA%E3%82%AD%E3%83%9B%E3%83%BC%E3%83%AB%E3%83%87%E3%82%A3%E3%83%B3%E3%82%B0%E3%82%B9,,クスリのアオキホールディングス,2026-08-15T08:40:44Z,Wikipedia infobox 設立,
E11661,6238,フリュー株式会社,date_of_establishment,2007-04-01,date,wikidata,https://www.wikidata.org/wiki/Q11333792,Q11333792,,2026-08-15T07:57:14Z,Wikidata P571,
E11873,3863,日本製紙株式会社,date_of_establishment,1949-08-01,date,wikidata,https://www.wikidata.org/wiki/Q10834647,Q10834647,,2026-08-15T07:57:14Z,Wikidata P571,
E12328,286A,株式会社ユカリア,date_of_establishment,2005-02-14,date,wikidata,https://www.wikidata.org/wiki/Q17990382,Q17990382,,2026-08-15T07:57:14Z,Wikidata P571,
E15690,297A,アルピコホールディングス株式会社,date_of_establishment,2008-05-01,date,wikidata,https://www.wikidata.org/wiki/Q16140853,Q16140853,,2026-08-15T07:57:14Z,Wikidata P571,
E20385,3627,テクミラホールディングス株式会社,date_of_establishment,2004-04-19,date,wikidata,https://www.wikidata.org/wiki/Q30926040,Q30926040,,2026-08-15T07:57:14Z,Wikidata P571,
E20616,3479,株式会社ＴＫＰ,date_of_establishment,2005-08-15,date,wikipedia,https://ja.wikipedia.org/wiki/TKP%20%28%E4%BC%81%E6%A5%AD%29,,TKP (企業),2026-08-15T07:57:18Z,Wikipedia infobox 設立,
E20870,6555,株式会社ＭＳ＆Ｃｏｎｓｕｌｔｉｎｇ,date_of_establishment,2013,year,wikipedia,https://ja.wikipedia.org/wiki/MS%26Consulting,,MS&Consulting,2026-08-15T07:57:18Z,Wikipedia infobox 設立,
E21122,3964,株式会社オークネット,date_of_establishment,2008-03-07,date,wikidata,https://www.wikidata.org/wiki/Q11293147,Q11293147,,2026-08-15T07:57:14Z,Wikidata P571,
E21183,4578,大塚ホールディングス株式会社,date_of_establishment,2008-07-08,date,wikidata,https://www.wikidata.org/wiki/Q5216177,Q5216177,,2026-08-15T07:57:14Z,Wikidata P571,
E21258,6250,株式会社やまびこ,date_of_establishment,2008-12-01,date,wikidata,https://www.wikidata.org/wiki/Q17224245,Q17224245,,2026-08-15T07:57:14Z,Wikidata P571,
E21259,3140,ＢＲＵＮＯ株式会社,date_of_establishment,1995-11-30,date,wikidata,https://www.wikidata.org/wiki/Q11224637,Q11224637,,2026-08-15T07:57:14Z,Wikidata P571,
E21261,2181,パーソルホールディングス株式会社,date_of_establishment,2008-10-01,date,wikidata,https://www.wikidata.org/wiki/Q11319871,Q11319871,,2026-08-15T07:57:14Z,Wikidata P571,
E21320,6632,株式会社ＪＶＣケンウッド,date_of_establishment,2008-10-01,date,wikidata,https://www.wikidata.org/wiki/Q1676719,Q1676719,,2026-08-15T07:57:14Z,Wikidata P571,
E21342,1514,住石ホールディングス株式会社,date_of_establishment,2008-10-01,date,wikidata,https://www.wikidata.org/wiki/Q24900079,Q24900079,,2026-08-15T07:57:14Z,Wikidata P571,
E21381,2180,株式会社サニーサイドアップグループ,date_of_establishment,1985-07-01,date,wikidata,https://www.wikidata.org/wiki/Q11304928,Q11304928,,2026-08-15T07:57:14Z,Wikidata P571,
E21606,3148,株式会社クリエイトＳＤホールディングス,date_of_establishment,1983-05-19,date,wikidata,https://www.wikidata.org/wiki/Q11299163,Q11299163,,2026-08-15T07:57:14Z,Wikidata P571,
E21649,5724,株式会社アサカ理研,date_of_establishment,1969-08-25,date,wikidata,https://www.wikidata.org/wiki/Q11283144,Q11283144,,2026-08-15T07:57:14Z,Wikidata P571,
E21706,2183,株式会社リニカル,date_of_establishment,2005-06-07,date,wikidata,https://www.wikidata.org/wiki/Q125066206,Q125066206,,2026-08-15T07:57:14Z,Wikidata P571,
E21815,9385,株式会社ショーエイコーポレーション,date_of_establishment,1968-02-16,date,wikipedia,https://ja.wikipedia.org/wiki/%E3%82%B7%E3%83%A7%E3%83%BC%E3%82%A8%E3%82%A4%E3%82%B3%E3%83%BC%E3%83%9D%E3%83%AC%E3%83%BC%E3%82%B7%E3%83%A7%E3%83%B3,,ショーエイコーポレーション,2026-08-15T07:57:18Z,Wikipedia infobox 設立,
E21832,3143,オーウイル株式会社,date_of_establishment,1986-07-12,date,wikidata,https://www.wikidata.org/wiki/Q96313263,Q96313263,,2026-08-15T07:57:14Z,Wikidata P571,
E21902,2269,明治ホールディングス株式会社,date_of_establishment,2009-04-01,date,wikidata,https://www.wikidata.org/wiki/Q11512295,Q11512295,,2026-08-15T07:57:14Z,Wikidata P571,
E21955,3443,川田テクノロジーズ株式会社,date_of_establishment,2009-02-27,date,wikidata,https://www.wikidata.org/wiki/Q11478980,Q11478980,,2026-08-15T07:57:14Z,Wikidata P571,
E22012,3632,グリーホールディングス株式会社,date_of_establishment,2004-12-07,date,wikidata,https://www.wikidata.org/wiki/Q137321874,Q137321874,,2026-08-15T07:57:14Z,Wikidata P571,
E22024,4576,株式会社デ・ウエスタン・セラピテクス研究所,date_of_establishment,1999-02-26,date,wikidata,https://www.wikidata.org/wiki/Q11320925,Q11320925,,2026-08-15T07:57:14Z,Wikidata P571,
E22042,2185,株式会社シイエム・シイ,date_of_establishment,1962-05-25,date,wikidata,https://www.wikidata.org/wiki/Q11306914,Q11306914,,2026-08-15T07:57:14Z,Wikidata P571,
E22049,2186,ソーバル株式会社,date_of_establishment,1983-01-21,date,wikidata,https://www.wikidata.org/wiki/Q11315532,Q11315532,,2026-08-15T07:57:14Z,Wikidata P571,
E22101,3633,ＧＭＯペパボ株式会社,date_of_establishment,2003-01-10,date,wikidata,https://www.wikidata.org/wiki/Q11239347,Q11239347,,2026-08-15T07:57:14Z,Wikidata P571,
E22440,3151,株式会社バイタルケーエスケー・ホールディングス,date_of_establishment,2009-04-01,date,wikidata,https://www.wikidata.org/wiki/Q22127545,Q22127545,,2026-08-15T07:57:14Z,Wikidata P571,
E22460,3635,株式会社コーエーテクモホールディングス,date_of_establishment,2009,year,wikidata,https://www.wikidata.org/wiki/Q1576915,Q1576915,,2026-08-15T07:57:14Z,Wikidata P571,
E22461,3634,株式会社ソケッツ,date_of_establishment,2000-06-23,date,wikidata,https://www.wikidata.org/wiki/Q17995682,Q17995682,,2026-08-15T07:57:14Z,Wikidata P571,
E22509,7775,大研医器株式会社,date_of_establishment,1968,year,wikipedia,https://ja.wikipedia.org/wiki/%E5%A4%A7%E7%A0%94%E5%8C%BB%E5%99%A8,,大研医器,2026-08-15T07:57:18Z,Wikipedia infobox 設立,
E22547,3150,株式会社グリムス,date_of_establishment,2005-07-04,date,wikidata,https://www.wikidata.org/wiki/Q11300481,Q11300481,,2026-08-15T07:57:14Z,Wikidata P571,
E22554,7314,株式会社小田原機器,date_of_establishment,1979-10-15,date,wikidata,https://www.wikidata.org/wiki/Q11462992,Q11462992,,2026-08-15T07:57:14Z,Wikidata P571,
E22560,4574,大幸薬品株式会社,date_of_establishment,1946-11-18,date,wikidata,https://www.wikidata.org/wiki/Q11435321,Q11435321,,2026-08-15T07:57:14Z,Wikidata P571,
E22663,2193,クックパッド株式会社,date_of_establishment,1997,year,wikidata,https://www.wikidata.org/wiki/Q5167165,Q5167165,,2026-08-15T07:57:14Z,Wikidata P571,
E23187,8713,フィデアホールディングス株式会社,date_of_establishment,2009-10-01,date,wikidata,https://www.wikidata.org/wiki/Q11332438,Q11332438,,2026-08-15T07:57:14Z,Wikidata P571,
E23202,2270,雪印メグミルク株式会社,date_of_establishment,2009,year,wikidata,https://www.wikidata.org/wiki/Q11659858,Q11659858,,2026-08-15T07:57:14Z,Wikidata P571,
E23245,3156,株式会社レスター,date_of_establishment,2009-10-01,date,wikidata,https://www.wikidata.org/wiki/Q24871359,Q24871359,,2026-08-15T07:57:14Z,Wikidata P571,
E23250,8714,株式会社池田泉州ホールディングス,date_of_establishment,2009-10-01,date,wikidata,https://www.wikidata.org/wiki/Q11551995,Q11551995,,2026-08-15T07:57:14Z,Wikidata P571,
E23465,7819,粧美堂株式会社,date_of_establishment,1949-12,month,wikidata,https://www.wikidata.org/wiki/Q125794919,Q125794919,,2026-08-15T07:57:14Z,Wikidata P571,
E23479,4926,株式会社シーボン,date_of_establishment,1966-01-24,date,wikidata,https://www.wikidata.org/wiki/Q11308895,Q11308895,,2026-08-15T07:57:14Z,Wikidata P571,
E23492,3636,株式会社三菱総合研究所,date_of_establishment,1970,year,wikidata,https://www.wikidata.org/wiki/Q6883138,Q6883138,,2026-08-15T07:57:14Z,Wikidata P571,
E23634,2195,アミタホールディングス株式会社,date_of_establishment,2010-01-04,date,wikidata,https://www.wikidata.org/wiki/Q11284938,Q11284938,,2026-08-15T07:57:14Z,Wikidata P571,
E23818,3178,チムニー株式会社,date_of_establishment,1984-02-21,date,wikidata,https://www.wikidata.org/wiki/Q11318025,Q11318025,,2026-08-15T07:57:14Z,Wikidata P571,
E23820,8600,トモニホールディングス株式会社,date_of_establishment,2010-04-01,date,wikidata,https://www.wikidata.org/wiki/Q11321498,Q11321498,,2026-08-15T07:57:14Z,Wikidata P571,
E23829,6630,ヤーマン株式会社,date_of_establishment,1978,year,wikidata,https://www.wikidata.org/wiki/Q11345515,Q11345515,,2026-08-15T07:57:14Z,Wikidata P571,
E23841,3159,丸善ＣＨＩホールディングス株式会社,date_of_establishment,2010-02-01,date,wikidata,https://www.wikidata.org/wiki/Q11368062,Q11368062,,2026-08-15T07:57:14Z,Wikidata P571,
E23871,6629,テクノホライゾン株式会社,date_of_establishment,2010-04-01,date,wikidata,https://www.wikidata.org/wiki/Q11319207,Q11319207,,2026-08-15T07:57:14Z,Wikidata P571,
E23924,8630,ＳＯＭＰＯホールディングス株式会社,date_of_establishment,2001,year,wikidata,https://www.wikidata.org/wiki/Q5215858,Q5215858,,2026-08-15T07:57:14Z,Wikidata P571,
E24050,5020,ＥＮＥＯＳホールディングス株式会社,date_of_establishment,2010-04-01,date,wikidata,https://www.wikidata.org/wiki/Q128577,Q128577,,2026-08-15T07:57:14Z,Wikidata P571,
E24073,8715,アニコム　ホールディングス株式会社,date_of_establishment,2000-07-05,date,wikidata,https://www.wikidata.org/wiki/Q4764520,Q4764520,,2026-08-15T07:57:14Z,Wikidata P571,
E24129,3160,株式会社大光,date_of_establishment,1950-12-27,date,wikidata,https://www.wikidata.org/wiki/Q11432460,Q11432460,,2026-08-15T07:57:14Z,Wikidata P571,
E24158,7776,株式会社セルシード,date_of_establishment,2001-05-09,date,wikidata,https://www.wikidata.org/wiki/Q11314549,Q11314549,,2026-08-15T07:57:14Z,Wikidata P571,
E24187,4577,ダイト株式会社,date_of_establishment,1942-06-30,date,wikidata,https://www.wikidata.org/wiki/Q11316808,Q11316808,,2026-08-15T07:57:14Z,Wikidata P571,
E24248,3161,アゼアス株式会社,date_of_establishment,1989-07-14,date,wikidata,https://www.wikidata.org/wiki/Q17218000,Q17218000,,2026-08-15T07:57:14Z,Wikidata P571,
E24340,3271,株式会社　ＴＨＥグローバル社,date_of_establishment,2010-07-01,date,wikidata,https://www.wikidata.org/wiki/Q11249268,Q11249268,,2026-08-15T07:57:14Z,Wikidata P571,
E24392,3639,株式会社ボルテージ,date_of_establishment,1999-09,month,wikidata,https://www.wikidata.org/wiki/Q18339307,Q18339307,,2026-08-15T07:57:14Z,Wikidata P571,
E24453,3641,株式会社パピレス,date_of_establishment,1995-03-31,date,wikidata,https://www.wikidata.org/wiki/Q11329271,Q11329271,,2026-08-15T07:57:14Z,Wikidata P571,
E24457,3640,株式会社電算,date_of_establishment,1966-04-27,date,wikidata,https://www.wikidata.org/wiki/Q11660558,Q11660558,,2026-08-15T07:57:14Z,Wikidata P571,
E24465,7371,Ｚｅｎｋｅｎ株式会社,date_of_establishment,1975-05-02,date,wikidata,https://www.wikidata.org/wiki/Q22131606,Q22131606,,2026-08-15T07:57:14Z,Wikidata P571,
E24536,3166,ＯＣＨＩホールディングス株式会社,date_of_establishment,2010-10-01,date,wikidata,https://www.wikidata.org/wiki/Q11237094,Q11237094,,2026-08-15T07:57:14Z,Wikidata P571,
E24545,9413,株式会社テレビ東京ホールディングス,date_of_establishment,2010-10-01,date,wikidata,https://www.wikidata.org/wiki/Q11319692,Q11319692,,2026-08-15T07:57:14Z,Wikidata P571,
E24550,2198,アイ・ケイ・ケイホールディングス株式会社,date_of_establishment,1995-11-01,date,wikidata,https://www.wikidata.org/wiki/Q11282547,Q11282547,,2026-08-15T07:57:14Z,Wikidata P571,
E24558,1417,株式会社ミライト・ワン,date_of_establishment,2010-10-01,date,wikidata,https://www.wikidata.org/wiki/Q11342774,Q11342774,,2026-08-15T07:57:14Z,Wikidata P571,
E24651,7148,株式会社ＦＰＧ,date_of_establishment,2001-11-09,date,wikidata,https://www.wikidata.org/wiki/Q96313269,Q96313269,,2026-08-15T07:57:14Z,Wikidata P571,
E24682,4582,シンバイオ製薬株式会社,date_of_establishment,2005-03,month,wikidata,https://www.wikidata.org/wiki/Q38277748,Q38277748,,2026-08-15T07:57:14Z,Wikidata P571,
E24753,7818,株式会社トランザクション,date_of_establishment,1987-01-19,date,wikidata,https://www.wikidata.org/wiki/Q17223727,Q17223727,,2026-08-15T07:57:14Z,Wikidata P571,
E24917,6050,イー・ガーディアン株式会社,date_of_establishment,1998-05-12,date,wikidata,https://www.wikidata.org/wiki/Q11288007,Q11288007,,2026-08-15T07:57:14Z,Wikidata P571,
E24951,4927,株式会社ポーラ・オルビスホールディングス,date_of_establishment,2006-09-29,date,wikidata,https://www.wikidata.org/wiki/Q11339469,Q11339469,,2026-08-15T07:57:14Z,Wikidata P571,
E24991,4928,株式会社ノエビアホールディングス,date_of_establishment,2011-03-22,date,wikidata,https://www.wikidata.org/wiki/Q11325623,Q11325623,,2026-08-15T07:57:14Z,Wikidata P571,
E24994,6627,株式会社テラプローブ,date_of_establishment,2005-08-04,date,wikidata,https://www.wikidata.org/wiki/Q11319401,Q11319401,,2026-08-15T07:57:14Z,Wikidata P571,
E25148,3480,株式会社ジェイ・エス・ビー,date_of_establishment,1990-07-27,date,wikipedia,https://ja.wikipedia.org/wiki/%E3%82%B8%E3%82%A7%E3%82%A4%E3%83%BB%E3%82%A8%E3%82%B9%E3%83%BB%E3%83%93%E3%83%BC,,ジェイ・エス・ビー,2026-08-15T07:57:18Z,Wikipedia infobox 設立,
E25156,5842,インテグラル株式会社,date_of_establishment,2007-09,month,wikidata,https://www.wikidata.org/wiki/Q85870262,Q85870262,,2026-08-15T07:57:14Z,Wikidata P571,
E25165,3167,株式会社ＴＯＫＡＩホールディングス,date_of_establishment,2011-04-01,date,wikidata,https://www.wikidata.org/wiki/Q11249614,Q11249614,,2026-08-15T07:57:14Z,Wikidata P571,
E25206,3646,株式会社駅探,date_of_establishment,2003-01-15,date,wikidata,https://www.wikidata.org/wiki/Q11668214,Q11668214,,2026-08-15T07:57:14Z,Wikidata P571,
E25234,3608,株式会社ＴＳＩホールディングス,date_of_establishment,2011-06-01,date,wikidata,https://www.wikidata.org/wiki/Q11250170,Q11250170,,2026-08-15T07:57:14Z,Wikidata P571,
E25263,3648,ＡＧＳ株式会社,date_of_establishment,1971-07,month,wikidata,https://www.wikidata.org/wiki/Q20043338,Q20043338,,2026-08-15T07:57:14Z,Wikidata P571,
E25269,4579,ラクオリア創薬株式会社,date_of_establishment,2008-02-19,date,wikidata,https://www.wikidata.org/wiki/Q11346664,Q11346664,,2026-08-15T07:57:14Z,Wikidata P571,
E25282,1909,日本ドライケミカル株式会社,date_of_establishment,1955-04-23,date,wikidata,https://www.wikidata.org/wiki/Q11506711,Q11506711,,2026-08-15T07:57:14Z,Wikidata P571,
E25283,3649,株式会社ファインデックス,date_of_establishment,1985-01-26,date,wikidata,https://www.wikidata.org/wiki/Q11331704,Q11331704,,2026-08-15T07:57:14Z,Wikidata P571,
E25303,2229,カルビー株式会社,date_of_establishment,1949-04-30,date,wikidata,https://www.wikidata.org/wiki/Q846834,Q846834,,2026-08-15T07:57:14Z,Wikidata P571,
E25386,6626,ＳＥＭＩＴＥＣ株式会社,date_of_establishment,2027-03,month,web_search,http://www.semitec.co.jp/,,ＳＥＭＩＴＥＣ株式会社 site,2026-08-15T08:09:41Z,web page / search snippet 設立,
E25443,3168,株式会社ＭＥＲＦ,date_of_establishment,1985-09-10,date,wikidata,https://www.wikidata.org/wiki/Q131618886,Q131618886,,2026-08-15T07:57:14Z,Wikidata P571,
E25551,2882,株式会社イートアンドホールディングス,date_of_establishment,1977-08-02,date,wikidata,https://www.wikidata.org/wiki/Q11287964,Q11287964,,2026-08-15T07:57:14Z,Wikidata P571,
E25620,3652,株式会社ディジタルメディアプロフェッショナル,date_of_establishment,2002-07,month,wikidata,https://www.wikidata.org/wiki/Q114531933,Q114531933,,2026-08-15T07:57:14Z,Wikidata P571,
E25648,2117,ウェルネオシュガー株式会社,date_of_establishment,2011-10-03,date,wikidata,https://www.wikidata.org/wiki/Q116968465,Q116968465,,2026-08-15T07:57:14Z,Wikidata P571,
E25662,7022,サノヤスホールディングス株式会社,date_of_establishment,1911-04,month,wikidata,https://www.wikidata.org/wiki/Q7418903,Q7418903,,2026-08-15T07:57:14Z,Wikidata P571,
E25682,3653,株式会社モルフォ,date_of_establishment,2004,year,web_search,https://www.morphoinc.com/,,株式会社モルフォ site,2026-08-15T08:09:45Z,web page / search snippet 設立,
E25686,6625,ＪＡＬＣＯホールディングス株式会社,date_of_establishment,2011,year,wikipedia,https://ja.wikipedia.org/wiki/JALCO%E3%83%9B%E3%83%BC%E3%83%AB%E3%83%87%E3%82%A3%E3%83%B3%E3%82%B0%E3%82%B9,,JALCOホールディングス,2026-08-15T07:57:18Z,Wikipedia infobox 設立,
E25850,3659,株式会社ネクソン,date_of_establishment,1994-12,month,wikidata,https://www.wikidata.org/wiki/Q562078,Q562078,,2026-08-15T07:57:14Z,Wikidata P571,
E25867,3656,ＫＬａｂ株式会社,date_of_establishment,2000-08-01,date,wikidata,https://www.wikidata.org/wiki/Q11228017,Q11228017,,2026-08-15T07:57:14Z,Wikidata P571,
E25870,3276,株式会社ＪＰＭＣ,date_of_establishment,2002-06-07,date,wikidata,https://www.wikidata.org/wiki/Q22130186,Q22130186,,2026-08-15T07:57:14Z,Wikidata P571,
E25884,7777,株式会社スリー・ディー・マトリックス,date_of_establishment,2004-05-19,date,wikidata,https://www.wikidata.org/wiki/Q100956329,Q100956329,,2026-08-15T07:57:14Z,Wikidata P571,
E25898,3657,ポールトゥウィンホールディングス株式会社,date_of_establishment,2009-02-02,date,wikidata,https://www.wikidata.org/wiki/Q21019511,Q21019511,,2026-08-15T07:57:14Z,Wikidata P571,
E25969,1383,ベルグアース株式会社,date_of_establishment,2001-01-18,date,wikidata,https://www.wikidata.org/wiki/Q11337091,Q11337091,,2026-08-15T07:57:14Z,Wikidata P571,
E26032,6054,株式会社リブセンス,date_of_establishment,2006-02-08,date,wikidata,https://www.wikidata.org/wiki/Q11348382,Q11348382,,2026-08-15T07:57:14Z,Wikidata P571,
E26061,4977,新田ゼラチン株式会社,date_of_establishment,1945-02-10,date,wikipedia,https://ja.wikipedia.org/wiki/%E6%96%B0%E7%94%B0%E3%82%BC%E3%83%A9%E3%83%81%E3%83%B3,,新田ゼラチン,2026-08-15T07:57:18Z,Wikipedia infobox 設立,
E26082,6619,ダブル・スコープ株式会社,date_of_establishment,2005-10-14,date,wikipedia,https://ja.wikipedia.org/wiki/%E3%83%80%E3%83%96%E3%83%AB%E3%83%BB%E3%82%B9%E3%82%B3%E3%83%BC%E3%83%97,,ダブル・スコープ,2026-08-15T07:57:18Z,Wikipedia infobox 設立,
E26084,9206,株式会社スターフライヤー,date_of_establishment,2002,year,wikidata,https://www.wikidata.org/wiki/Q1344355,Q1344355,,2026-08-15T07:57:14Z,Wikidata P571,
E26086,3277,株式会社サンセイランディック,date_of_establishment,1976-02,month,wikidata,https://www.wikidata.org/wiki/Q11305636,Q11305636,,2026-08-15T07:57:14Z,Wikidata P571,
E26124,6055,ジャパンマテリアル株式会社,date_of_establishment,1997-04-28,date,wikidata,https://www.wikidata.org/wiki/Q17214127,Q17214127,,2026-08-15T07:57:14Z,Wikidata P571,
E26231,3663,株式会社セルシス,date_of_establishment,1991-05-01,date,wikidata,https://www.wikidata.org/wiki/Q8254046,Q8254046,,2026-08-15T07:57:14Z,Wikidata P571,
E26290,3173,株式会社Ｃｏｍｉｎｉｘ,date_of_establishment,1950-05-16,date,wikidata,https://www.wikidata.org/wiki/Q28689905,Q28689905,,2026-08-15T07:57:14Z,Wikidata P571,
E26301,3660,株式会社アイスタイル,date_of_establishment,1999,year,wikipedia,https://ja.wikipedia.org/wiki/%E3%82%A2%E3%82%A4%E3%82%B9%E3%82%BF%E3%82%A4%E3%83%AB,,アイスタイル,2026-08-15T07:57:18Z,Wikipedia infobox 設立,
E26322,3172,ティーライフ株式会社,date_of_establishment,1983-08-26,date,wikidata,https://www.wikidata.org/wiki/Q11319053,Q11319053,,2026-08-15T07:57:14Z,Wikidata P571,
E26327,7157,ライフネット生命保険株式会社,date_of_establishment,2006,year,wikipedia,https://ja.wikipedia.org/wiki/%E3%83%A9%E3%82%A4%E3%83%95%E3%83%8D%E3%83%83%E3%83%88%E7%94%9F%E5%91%BD%E4%BF%9D%E9%99%BA,,ライフネット生命保険,2026-08-15T07:57:18Z,Wikipedia infobox 設立,
E26332,3661,株式会社エムアップホールディングス,date_of_establishment,2004-12-14,date,wikidata,https://www.wikidata.org/wiki/Q135654599,Q135654599,,2026-08-15T07:57:14Z,Wikidata P571,
E26369,3662,株式会社エイチームホールディングス,date_of_establishment,1997,year,wikidata,https://www.wikidata.org/wiki/Q16962428,Q16962428,,2026-08-15T07:57:14Z,Wikidata P571,
E26428,6058,株式会社ベクトル,date_of_establishment,1993,year,wikipedia,https://ja.wikipedia.org/wiki/%E3%83%99%E3%82%AF%E3%83%88%E3%83%AB%20%28PR%E4%BC%9A%E7%A4%BE%29,,ベクトル (PR会社),2026-08-15T07:57:18Z,Wikipedia infobox 設立,
E26444,6062,株式会社チャーム・ケア・コーポレーション,date_of_establishment,2004-04,month,wikidata,https://www.wikidata.org/wiki/Q109602212,Q109602212,,2026-08-15T07:57:14Z,Wikidata P571,
E26446,6061,株式会社ユニバーサル園芸社,date_of_establishment,1974-02-01,date,wikidata,https://www.wikidata.org/wiki/Q123523465,Q123523465,,2026-08-15T07:57:14Z,Wikidata P571,
E26454,6059,株式会社ウチヤマホールディングス,date_of_establishment,2006-10-02,date,wikidata,https://www.wikidata.org/wiki/Q11288954,Q11288954,,2026-08-15T07:57:14Z,Wikidata P571,
E26549,2930,株式会社北の達人コーポレーション,date_of_establishment,2002-05-01,date,wikidata,https://www.wikidata.org/wiki/Q11400801,Q11400801,,2026-08-15T07:57:14Z,Wikidata P571,
E26596,3664,株式会社ＷＩＺＥ,date_of_establishment,2004-03-26,date,wikidata,https://www.wikidata.org/wiki/Q11344540,Q11344540,,2026-08-15T07:57:14Z,Wikidata P571,
E26675,9419,株式会社ワイヤレスゲート,date_of_establishment,2004-01-26,date,wikidata,https://www.wikidata.org/wiki/Q21019965,Q21019965,,2026-08-15T07:57:14Z,Wikidata P571,
E26686,7161,株式会社じもとホールディングス,date_of_establishment,2012-10-01,date,wikidata,https://www.wikidata.org/wiki/Q11269357,Q11269357,,2026-08-15T07:57:14Z,Wikidata P571,
E26707,5703,日本軽金属ホールディングス株式会社,date_of_establishment,2012-10-01,date,wikidata,https://www.wikidata.org/wiki/Q11509206,Q11509206,,2026-08-15T07:57:14Z,Wikidata P571,
E26713,6617,株式会社東光高岳,date_of_establishment,2012-10-01,date,wikidata,https://www.wikidata.org/wiki/Q17220263,Q17220263,,2026-08-15T07:57:14Z,Wikidata P571,
E26813,7162,アストマックス株式会社,date_of_establishment,1992-09-14,date,wikidata,https://www.wikidata.org/wiki/Q11283510,Q11283510,,2026-08-15T07:57:14Z,Wikidata P571,
E26815,7177,ＧＭＯフィナンシャルホールディングス株式会社,date_of_establishment,2012-01-04,date,wikidata,https://www.wikidata.org/wiki/Q20044058,Q20044058,,2026-08-15T07:57:14Z,Wikidata P571,
E26821,3177,株式会社ありがとうサービス,date_of_establishment,2000-10-31,date,wikidata,https://www.wikidata.org/wiki/Q8204355,Q8204355,,2026-08-15T07:57:14Z,Wikidata P571,
E26831,5932,三協立山株式会社,date_of_establishment,1960-06-20,date,wikidata,https://www.wikidata.org/wiki/Q11354523,Q11354523,,2026-08-15T07:57:14Z,Wikidata P571,
E26842,3175,株式会社エー・ピーホールディングス,date_of_establishment,2001-10-29,date,wikidata,https://www.wikidata.org/wiki/Q22123062,Q22123062,,2026-08-15T07:57:14Z,Wikidata P571,
E26914,3896,阿波製紙株式会社,date_of_establishment,1916-02-12,date,wikidata,https://www.wikidata.org/wiki/Q11657570,Q11657570,,2026-08-15T07:57:14Z,Wikidata P571,
E26933,6069,トレンダーズ株式会社,date_of_establishment,2000-04-19,date,wikidata,https://www.wikidata.org/wiki/Q11322129,Q11322129,,2026-08-15T07:57:14Z,Wikidata P571,
E26966,3280,株式会社エストラスト,date_of_establishment,1999-01-20,date,wikidata,https://www.wikidata.org/wiki/Q17218931,Q17218931,,2026-08-15T07:57:14Z,Wikidata P571,
E27032,4584,キッズウェル・バイオ株式会社,date_of_establishment,2001,year,wikidata,https://www.wikidata.org/wiki/Q140908076,Q140908076,,2026-08-15T08:40:42Z,Wikidata P571,
E27046,3261,株式会社グランディーズ,date_of_establishment,2006-11-22,date,wikidata,https://www.wikidata.org/wiki/Q17215578,Q17215578,,2026-08-15T07:57:14Z,Wikidata P571,
E27047,3667,株式会社ｅｎｉｓｈ,date_of_establishment,2009-02-24,date,wikidata,https://www.wikidata.org/wiki/Q17219389,Q17219389,,2026-08-15T07:57:14Z,Wikidata P571,
E27051,3179,シュッピン株式会社,date_of_establishment,2005,year,wikipedia,https://ja.wikipedia.org/wiki/%E3%82%B7%E3%83%A5%E3%83%83%E3%83%94%E3%83%B3,,シュッピン,2026-08-15T07:57:18Z,Wikipedia infobox 設立,
E27054,2931,株式会社ユーグレナ,date_of_establishment,2005-08-09,date,wikidata,https://www.wikidata.org/wiki/Q11345849,Q11345849,,2026-08-15T07:57:14Z,Wikidata P571,
E27059,6072,地盤ネットホールディングス株式会社,date_of_establishment,2008-06-25,date,wikidata,https://www.wikidata.org/wiki/Q17992796,Q17992796,,2026-08-15T07:57:14Z,Wikidata P571,
E27062,3668,株式会社コロプラ,date_of_establishment,2008-10-01,date,wikidata,https://www.wikidata.org/wiki/Q11302894,Q11302894,,2026-08-15T07:57:14Z,Wikidata P571,
E27063,6165,パンチ工業株式会社,date_of_establishment,1975-03-29,date,wikipedia,https://ja.wikipedia.org/wiki/%E3%83%91%E3%83%B3%E3%83%81%E5%B7%A5%E6%A5%AD,,パンチ工業,2026-08-15T07:57:18Z,Wikipedia infobox 設立,
E27066,6071,株式会社ＩＢＪ,date_of_establishment,2006-02,month,wikidata,https://www.wikidata.org/wiki/Q16276429,Q16276429,,2026-08-15T07:57:14Z,Wikidata P571,
E27202,3181,株式会社買取王国,date_of_establishment,1999-10,month,wikidata,https://www.wikidata.org/wiki/Q18336741,Q18336741,,2026-08-15T07:57:14Z,Wikidata P571,
E27208,4586,株式会社メドレックス,date_of_establishment,2002,year,wikidata,https://www.wikidata.org/wiki/Q104481104,Q104481104,,2026-08-15T07:57:14Z,Wikidata P571,
E27260,3182,オイシックス・ラ・大地株式会社,date_of_establishment,2000-06,month,wikidata,https://www.wikidata.org/wiki/Q11291646,Q11291646,,2026-08-15T07:57:14Z,Wikidata P571,
E27273,1420,サンヨーホームズ株式会社,date_of_establishment,1969-02-01,date,wikidata,https://www.wikidata.org/wiki/Q11306022,Q11306022,,2026-08-15T07:57:14Z,Wikidata P571,
E27276,3671,ソフトマックス株式会社,date_of_establishment,1974-01-28,date,wikidata,https://www.wikidata.org/wiki/Q17995797,Q17995797,,2026-08-15T07:57:14Z,Wikidata P571,
E27280,3672,株式会社オルトプラス,date_of_establishment,2010-05-06,date,wikipedia,https://ja.wikipedia.org/wiki/%E3%82%AA%E3%83%AB%E3%83%88%E3%83%97%E3%83%A9%E3%82%B9,,オルトプラス,2026-08-15T07:57:18Z,Wikipedia infobox 設立,
E27281,3284,株式会社フージャースホールディングス,date_of_establishment,2013-04-01,date,wikidata,https://www.wikidata.org/wiki/Q11334238,Q11334238,,2026-08-15T07:57:14Z,Wikidata P571,
E27294,2588,株式会社プレミアムウォーターホールディングス,date_of_establishment,2006-10-13,date,wikidata,https://www.wikidata.org/wiki/Q27016934,Q27016934,,2026-08-15T07:57:14Z,Wikidata P571,
E27303,6073,株式会社アサンテ,date_of_establishment,1973-09-18,date,wikidata,https://www.wikidata.org/wiki/Q11283211,Q11283211,,2026-08-15T07:57:14Z,Wikidata P571,
E27305,1419,タマホーム株式会社,date_of_establishment,1998-06-03,date,wikidata,https://www.wikidata.org/wiki/Q17212505,Q17212505,,2026-08-15T07:57:14Z,Wikidata P571,
E27361,3673,株式会社ブロードリーフ,date_of_establishment,2009-09-16,date,wikidata,https://www.wikidata.org/wiki/Q11335196,Q11335196,,2026-08-15T07:57:14Z,Wikidata P571,
E27394,3674,株式会社オークファン,date_of_establishment,2008-06-01,date,wikidata,https://www.wikidata.org/wiki/Q17221565,Q17221565,,2026-08-15T07:57:14Z,Wikidata P571,
E27421,3675,株式会社クロス・マーケティンググループ,date_of_establishment,2013-06-03,date,wikidata,https://www.wikidata.org/wiki/Q17990691,Q17990691,,2026-08-15T07:57:14Z,Wikidata P571,
E27464,3286,トラストホールディングス株式会社,date_of_establishment,2013-07-01,date,wikidata,https://www.wikidata.org/wiki/Q11321776,Q11321776,,2026-08-15T07:57:14Z,Wikidata P571,
E27486,4587,ペプチドリーム株式会社,date_of_establishment,2006-07,month,wikidata,https://www.wikidata.org/wiki/Q18339236,Q18339236,,2026-08-15T07:57:14Z,Wikidata P571,
E27506,6074,株式会社ジェイエスエス,date_of_establishment,1976-07-26,date,wikidata,https://www.wikidata.org/wiki/Q11309075,Q11309075,,2026-08-15T07:57:14Z,Wikidata P571,
E27572,3184,ＩＣＤＡホールディングス株式会社,date_of_establishment,2009-10-01,date,wikipedia,https://ja.wikipedia.org/wiki/ICDA%E3%83%9B%E3%83%BC%E3%83%AB%E3%83%87%E3%82%A3%E3%83%B3%E3%82%B0%E3%82%B9,,ICDAホールディングス,2026-08-15T07:57:18Z,Wikipedia infobox 設立,
E27585,4978,株式会社リプロセル,date_of_establishment,2003-02-26,date,wikidata,https://www.wikidata.org/wiki/Q38279383,Q38279383,,2026-08-15T07:57:14Z,Wikidata P571,
E27615,3185,夢展望株式会社,date_of_establishment,1998-05,month,wikidata,https://www.wikidata.org/wiki/Q11431615,Q11431615,,2026-08-15T07:57:14Z,Wikidata P571,
E27622,2587,サントリービバレッジ＆フード株式会社,date_of_establishment,2009-01-23,date,wikidata,https://www.wikidata.org/wiki/Q17210124,Q17210124,,2026-08-15T07:57:14Z,Wikidata P571,
E27624,4275,株式会社カーリット,date_of_establishment,2013-10-01,date,wikidata,https://www.wikidata.org/wiki/Q11506359,Q11506359,,2026-08-15T07:57:14Z,Wikidata P571,
E27633,3289,東急不動産ホールディングス株式会社,date_of_establishment,2013-10-01,date,wikidata,https://www.wikidata.org/wiki/Q17219597,Q17219597,,2026-08-15T07:57:14Z,Wikidata P571,
E27655,3676,株式会社デジタルハーツホールディングス,date_of_establishment,2013-10-01,date,wikidata,https://www.wikidata.org/wiki/Q17232695,Q17232695,,2026-08-15T07:57:14Z,Wikidata P571,
E27693,3186,株式会社ネクステージ,date_of_establishment,1998-12,month,wikidata,https://www.wikidata.org/wiki/Q18338759,Q18338759,,2026-08-15T07:57:14Z,Wikidata P571,
E27759,3291,飯田グループホールディングス株式会社,date_of_establishment,2013-11-01,date,wikidata,https://www.wikidata.org/wiki/Q17192733,Q17192733,,2026-08-15T07:57:14Z,Wikidata P571,
E27761,6076,株式会社アメイズ,date_of_establishment,1924-11,month,wikidata,https://www.wikidata.org/wiki/Q11370697,Q11370697,,2026-08-15T07:57:14Z,Wikidata P571,
E27842,3288,株式会社オープンハウスグループ,date_of_establishment,1996-11,month,wikidata,https://www.wikidata.org/wiki/Q11293480,Q11293480,,2026-08-15T07:57:14Z,Wikidata P571,
E27855,6083,ＥＲＩホールディングス株式会社,date_of_establishment,2013-12-02,date,wikidata,https://www.wikidata.org/wiki/Q11505512,Q11505512,,2026-08-15T07:57:14Z,Wikidata P571,
E27868,5698,株式会社エンビプロ・ホールディングス,date_of_establishment,1950-03,month,wikidata,https://www.wikidata.org/wiki/Q18336630,Q18336630,,2026-08-15T07:57:14Z,Wikidata P571,
E27894,3909,株式会社ショーケース,date_of_establishment,1996-02-01,date,wikidata,https://www.wikidata.org/wiki/Q11308220,Q11308220,,2026-08-15T07:57:14Z,Wikidata P571,
E30002,3678,株式会社メディアドゥ,date_of_establishment,1999-04,month,wikidata,https://www.wikidata.org/wiki/Q11343814,Q11343814,,2026-08-15T07:57:14Z,Wikidata P571,
E30010,9416,株式会社ビジョン,date_of_establishment,2001-12-04,date,wikidata,https://www.wikidata.org/wiki/Q11330617,Q11330617,,2026-08-15T07:57:14Z,Wikidata P571,
E30020,3189,株式会社ＡＮＡＰホールディングス,date_of_establishment,1992-09-22,date,wikidata,https://www.wikidata.org/wiki/Q17191568,Q17191568,,2026-08-15T07:57:14Z,Wikidata P571,
E30022,6080,Ｍ＆Ａキャピタルパートナーズ株式会社,date_of_establishment,2005-10,month,wikidata,https://www.wikidata.org/wiki/Q17220078,Q17220078,,2026-08-15T07:57:14Z,Wikidata P571,
E30042,6091,株式会社ウエスコホールディングス,date_of_establishment,1969,year,wikidata,https://www.wikidata.org/wiki/Q36875363,Q36875363,,2026-08-15T07:57:14Z,Wikidata P571,
E30047,3679,株式会社じげん,date_of_establishment,2006-06-01,date,wikidata,https://www.wikidata.org/wiki/Q11269343,Q11269343,,2026-08-15T07:57:14Z,Wikidata P571,
E30048,1663,Ｋ＆Ｏエナジーグループ株式会社,date_of_establishment,2014-01-06,date,wikidata,https://www.wikidata.org/wiki/Q17216808,Q17216808,,2026-08-15T07:57:14Z,Wikidata P571,
E30058,4588,オンコリスバイオファーマ株式会社,date_of_establishment,2004-05-18,date,wikipedia,https://ja.wikipedia.org/wiki/%E3%82%AA%E3%83%B3%E3%82%B3%E3%83%AA%E3%82%B9%E3%83%90%E3%82%A4%E3%82%AA%E3%83%95%E3%82%A1%E3%83%BC%E3%83%9E,,オンコリスバイオファーマ,2026-08-15T07:57:18Z,Wikipedia infobox 設立,
E30065,6082,株式会社ライドオンエクスプレスホールディングス,date_of_establishment,2001-07,month,wikidata,https://www.wikidata.org/wiki/Q11349627,Q11349627,,2026-08-15T07:57:14Z,Wikidata P571,
E30066,3293,アズマハウス株式会社,date_of_establishment,1977-05-02,date,wikidata,https://www.wikidata.org/wiki/Q96313284,Q96313284,,2026-08-15T07:57:14Z,Wikidata P571,
E30071,6090,ヒューマン・メタボローム・テクノロジーズ株式会社,date_of_establishment,2003-07-01,date,wikidata,https://www.wikidata.org/wiki/Q11330264,Q11330264,,2026-08-15T07:57:14Z,Wikidata P571,
E30091,3680,株式会社ホットリンク,date_of_establishment,2000-06-26,date,wikidata,https://www.wikidata.org/wiki/Q17219168,Q17219168,,2026-08-15T07:57:14Z,Wikidata P571,
E30103,7167,株式会社めぶきフィナンシャルグループ,date_of_establishment,2008-04-01,date,wikidata,https://www.wikidata.org/wiki/Q24870433,Q24870433,,2026-08-15T07:57:14Z,Wikidata P571,
E30114,3681,株式会社ブイキューブ,date_of_establishment,2000-02-18,date,wikidata,https://www.wikidata.org/wiki/Q119658185,Q119658185,,2026-08-15T07:57:14Z,Wikidata P571,
E30118,7779,ＣＹＢＥＲＤＹＮＥ株式会社,date_of_establishment,2004,year,wikidata,https://www.wikidata.org/wiki/Q5197777,Q5197777,,2026-08-15T07:57:14Z,Wikidata P571,
E30119,6085,アーキテクツ・スタジオ・ジャパン株式会社,date_of_establishment,2007-11-09,date,wikipedia,https://ja.wikipedia.org/wiki/%E3%82%A2%E3%83%BC%E3%82%AD%E3%83%86%E3%82%AF%E3%83%84%E3%83%BB%E3%82%B9%E3%82%BF%E3%82%B8%E3%82%AA%E3%83%BB%E3%82%B8%E3%83%A3%E3%83%91%E3%83%B3,,アーキテクツ・スタジオ・ジャパン,2026-08-15T07:57:18Z,Wikipedia infobox 設立,
E30120,6086,シンメンテホールディングス株式会社,date_of_establishment,1985-08-23,date,wikidata,https://www.wikidata.org/wiki/Q17217982,Q17217982,,2026-08-15T07:57:14Z,Wikidata P571,
E30126,1429,株式会社日本アクア,date_of_establishment,2004-11-29,date,wikidata,https://www.wikidata.org/wiki/Q119658171,Q119658171,,2026-08-15T07:57:14Z,Wikidata P571,
E30133,4245,株式会社ダイキアクシス,date_of_establishment,2005-07-12,date,wikidata,https://www.wikidata.org/wiki/Q11316737,Q11316737,,2026-08-15T07:57:14Z,Wikidata P571,
E30140,6089,株式会社ウィルグループ,date_of_establishment,2006-04-03,date,wikidata,https://www.wikidata.org/wiki/Q17193922,Q17193922,,2026-08-15T07:57:14Z,Wikidata P571,
E30398,3683,株式会社サイバーリンクス,date_of_establishment,1986-12-15,date,wikidata,https://www.wikidata.org/wiki/Q11301410,Q11301410,,2026-08-15T07:57:14Z,Wikidata P571,
E30438,4246,ダイキョーニシカワ株式会社,date_of_establishment,1961-10-02,date,wikipedia,https://ja.wikipedia.org/wiki/%E3%83%80%E3%82%A4%E3%82%AD%E3%83%A7%E3%83%BC%E3%83%8B%E3%82%B7%E3%82%AB%E3%83%AF,,ダイキョーニシカワ,2026-08-15T07:57:18Z,Wikipedia infobox 設立,
E30443,9090,ＡＺ－ＣＯＭ丸和ホールディングス株式会社,date_of_establishment,1973-08,month,wikidata,https://www.wikidata.org/wiki/Q11368060,Q11368060,,2026-08-15T07:57:14Z,Wikidata P571,
E30445,6092,株式会社エンバイオ・ホールディングス,date_of_establishment,1999-06-23,date,wikidata,https://www.wikidata.org/wiki/Q17220594,Q17220594,,2026-08-15T07:57:14Z,Wikidata P571,
E30451,3190,株式会社ホットマン,date_of_establishment,1975,year,wikidata,https://www.wikidata.org/wiki/Q18339289,Q18339289,,2026-08-15T07:57:14Z,Wikidata P571,
E30454,9414,日本ＢＳ放送株式会社,date_of_establishment,1999-08-23,date,wikidata,https://www.wikidata.org/wiki/Q843957,Q843957,,2026-08-15T07:57:14Z,Wikidata P571,
E30466,3686,株式会社ディー・エル・イー,date_of_establishment,2001-12-27,date,wikidata,https://www.wikidata.org/wiki/Q5205538,Q5205538,,2026-08-15T07:57:14Z,Wikidata P571,
E30476,6093,ミトラグループ株式会社,date_of_establishment,2007-04-02,date,wikidata,https://www.wikidata.org/wiki/Q119658422,Q119658422,,2026-08-15T07:57:14Z,Wikidata P571,
E30481,6740,株式会社ジャパンディスプレイ,date_of_establishment,2012-04-01,date,wikidata,https://www.wikidata.org/wiki/Q2679402,Q2679402,,2026-08-15T07:57:14Z,Wikidata P571,
E30501,3191,株式会社ジョイフル本田,date_of_establishment,1975-12-15,date,wikidata,https://www.wikidata.org/wiki/Q11310526,Q11310526,,2026-08-15T07:57:14Z,Wikidata P571,
E30504,3192,株式会社白鳩,date_of_establishment,1974-08-20,date,wikidata,https://www.wikidata.org/wiki/Q18337083,Q18337083,,2026-08-15T07:57:14Z,Wikidata P571,
E30537,3687,株式会社フィックスターズ,date_of_establishment,2002-08-08,date,wikidata,https://www.wikidata.org/wiki/Q2265309,Q2265309,,2026-08-15T07:57:14Z,Wikidata P571,
E30598,3297,株式会社東武住販,date_of_establishment,1984-09-27,date,wikidata,https://www.wikidata.org/wiki/Q17220705,Q17220705,,2026-08-15T07:57:14Z,Wikidata P571,
E30648,6094,株式会社フリークアウト・ホールディングス,date_of_establishment,2010-10-01,date,wikidata,https://www.wikidata.org/wiki/Q18339189,Q18339189,,2026-08-15T07:57:14Z,Wikidata P571,
E30649,3299,株式会社ムゲンエステート,date_of_establishment,1990-05-02,date,wikidata,https://www.wikidata.org/wiki/Q18339527,Q18339527,,2026-08-15T07:57:14Z,Wikidata P571,
E30656,3221,株式会社ヨシックスホールディングス,date_of_establishment,1985-04,month,wikidata,https://www.wikidata.org/wiki/Q38278791,Q38278791,,2026-08-15T07:57:14Z,Wikidata P571,
E30682,6096,株式会社レアジョブ,date_of_establishment,2007-10-18,date,wikidata,https://www.wikidata.org/wiki/Q17230748,Q17230748,,2026-08-15T07:57:14Z,Wikidata P571,
E30692,4247,ポバール興業株式会社,date_of_establishment,1964-05,month,wikidata,https://www.wikidata.org/wiki/Q18339295,Q18339295,,2026-08-15T07:57:14Z,Wikidata P571,
E30697,4979,ＯＡＴアグリオ株式会社,date_of_establishment,2010-09-28,date,wikidata,https://www.wikidata.org/wiki/Q11433934,Q11433934,,2026-08-15T07:57:14Z,Wikidata P571,
E30699,3193,株式会社エターナルホスピタリティグループ,date_of_establishment,1986-09-19,date,wikidata,https://www.wikidata.org/wiki/Q11675129,Q11675129,,2026-08-15T07:57:14Z,Wikidata P571,
E30726,3475,株式会社グッドコムアセット,date_of_establishment,2005-11,month,wikipedia,https://ja.wikipedia.org/wiki/%E3%82%B0%E3%83%83%E3%83%89%E3%82%B3%E3%83%A0%E3%82%A2%E3%82%BB%E3%83%83%E3%83%88,,グッドコムアセット,2026-08-15T07:57:18Z,Wikipedia infobox 設立,
E30728,2060,フィード・ワン株式会社,date_of_establishment,2014-10-01,date,wikidata,https://www.wikidata.org/wiki/Q18339075,Q18339075,,2026-08-15T07:57:14Z,Wikidata P571,
E30731,9468,株式会社ＫＡＤＯＫＡＷＡ,date_of_establishment,1954,year,wikidata,https://www.wikidata.org/wiki/Q15031115,Q15031115,,2026-08-15T07:57:14Z,Wikidata P571,
E30746,7173,株式会社東京きらぼしフィナンシャルグループ,date_of_establishment,2014-10-01,date,wikidata,https://www.wikidata.org/wiki/Q18337457,Q18337457,,2026-08-15T07:57:14Z,Wikidata P571,
E30836,3690,株式会社イルグルム,date_of_establishment,2001-06-04,date,wikidata,https://www.wikidata.org/wiki/Q11350412,Q11350412,,2026-08-15T07:57:14Z,Wikidata P571,
E30841,7172,株式会社ジャパンインベストメントアドバイザー,date_of_establishment,2006-09-01,date,wikidata,https://www.wikidata.org/wiki/Q18337038,Q18337038,,2026-08-15T07:57:14Z,Wikidata P571,
E30856,3691,株式会社デジタルプラス,date_of_establishment,2005-07-29,date,wikidata,https://www.wikidata.org/wiki/Q115278667,Q115278667,,2026-08-15T07:57:14Z,Wikidata P571,
E30857,3695,ＧＭＯプロダクトプラットフォーム株式会社,date_of_establishment,2002-04-01,date,wikidata,https://www.wikidata.org/wiki/Q11201254,Q11201254,,2026-08-15T07:57:14Z,Wikidata P571,
E30865,4591,株式会社リボミック,date_of_establishment,2003-08-01,date,wikidata,https://www.wikidata.org/wiki/Q18457030,Q18457030,,2026-08-15T07:57:14Z,Wikidata P571,
E30880,3300,株式会社アンビションＤＸホールディングス,date_of_establishment,2007-09-14,date,wikipedia,https://ja.wikipedia.org/wiki/%E3%82%A2%E3%83%B3%E3%83%93%E3%82%B7%E3%83%A7%E3%83%B3DX%E3%83%9B%E3%83%BC%E3%83%AB%E3%83%87%E3%82%A3%E3%83%B3%E3%82%B0%E3%82%B9,,アンビションDXホールディングス,2026-08-15T07:57:18Z,Wikipedia infobox 設立,
E30898,3196,株式会社ホットランドホールディングス,date_of_establishment,1991-06,month,wikidata,https://www.wikidata.org/wiki/Q11603490,Q11603490,,2026-08-15T07:57:14Z,Wikidata P571,
E30908,9467,株式会社アルファポリス,date_of_establishment,2000-08,month,wikidata,https://www.wikidata.org/wiki/Q17192284,Q17192284,,2026-08-15T07:57:14Z,Wikidata P571,
E30917,6240,ヤマシンフィルタ株式会社,date_of_establishment,1956-04-05,date,wikipedia,https://ja.wikipedia.org/wiki/%E3%83%A4%E3%83%9E%E3%82%B7%E3%83%B3%E3%83%95%E3%82%A3%E3%83%AB%E3%82%BF,,ヤマシンフィルタ,2026-08-15T07:57:18Z,Wikipedia infobox 設立,
E30918,3694,株式会社オプティム,date_of_establishment,2000-06-08,date,wikidata,https://www.wikidata.org/wiki/Q11292328,Q11292328,,2026-08-15T07:57:14Z,Wikidata P571,
E30919,3696,株式会社セレス,date_of_establishment,2005-01-28,date,wikidata,https://www.wikidata.org/wiki/Q11314627,Q11314627,,2026-08-15T07:57:14Z,Wikidata P571,
E30929,6099,株式会社エラン,date_of_establishment,1945,year,wikidata,https://www.wikidata.org/wiki/Q1634723,Q1634723,,2026-08-15T08:40:42Z,Wikidata P571,
E30930,7814,株式会社日本創発グループ,date_of_establishment,2015-01-05,date,wikidata,https://www.wikidata.org/wiki/Q11524463,Q11524463,,2026-08-15T08:40:42Z,Wikidata P571,
E30969,3697,株式会社ＳＨＩＦＴ,date_of_establishment,2005-09-07,date,wikipedia,https://ja.wikipedia.org/wiki/SHIFT%20%28%E4%BC%81%E6%A5%AD%29,,SHIFT (企業),2026-08-15T07:57:18Z,Wikipedia infobox 設立,
E30982,7175,今村証券株式会社,date_of_establishment,1944-07-31,date,wikidata,https://www.wikidata.org/wiki/Q11377113,Q11377113,,2026-08-15T07:57:14Z,Wikidata P571,
E30993,3910,株式会社エムケイシステム,date_of_establishment,1989-02-22,date,wikidata,https://www.wikidata.org/wiki/Q20043374,Q20043374,,2026-08-15T07:57:14Z,Wikidata P571,
E30996,3698,株式会社ＣＲＩ・ミドルウェア,date_of_establishment,2001-08-01,date,wikidata,https://www.wikidata.org/wiki/Q4035681,Q4035681,,2026-08-15T07:57:14Z,Wikidata P571,
E31009,6027,弁護士ドットコム株式会社,date_of_establishment,2005-07-04,date,wikidata,https://www.wikidata.org/wiki/Q27016929,Q27016929,,2026-08-15T07:57:14Z,Wikidata P571,
E31012,2883,株式会社大冷,date_of_establishment,1972-06-01,date,wikipedia,https://ja.wikipedia.org/wiki/%E5%A4%A7%E5%86%B7,,大冷,2026-08-15T07:57:18Z,Wikipedia infobox 設立,
E31019,3900,株式会社クラウドワークス,date_of_establishment,2011-11-11,date,wikidata,https://www.wikidata.org/wiki/Q11298896,Q11298896,,2026-08-15T07:57:14Z,Wikidata P571,
E31023,3901,マークラインズ株式会社,date_of_establishment,2001-01-04,date,wikipedia,https://ja.wikipedia.org/wiki/%E3%83%9E%E3%83%BC%E3%82%AF%E3%83%A9%E3%82%A4%E3%83%B3%E3%82%BA,,マークラインズ,2026-08-15T07:57:18Z,Wikipedia infobox 設立,
E31024,3452,株式会社ビーロット,date_of_establishment,2008-10-10,date,wikipedia,https://ja.wikipedia.org/wiki/%E3%83%93%E3%83%BC%E3%83%AD%E3%83%83%E3%83%88,,ビーロット,2026-08-15T07:57:18Z,Wikipedia infobox 設立,
E31036,6030,株式会社アドベンチャー,date_of_establishment,2006-12-21,date,wikidata,https://www.wikidata.org/wiki/Q123367770,Q123367770,,2026-08-15T07:57:14Z,Wikidata P571,
E31052,9418,株式会社Ｕ－ＮＥＸＴ　ＨＯＬＤＩＮＧＳ,date_of_establishment,2009-02-03,date,wikidata,https://www.wikidata.org/wiki/Q107411690,Q107411690,,2026-08-15T07:57:14Z,Wikidata P571,
E31054,6035,株式会社アイ・アールジャパンホールディングス,date_of_establishment,2015,year,wikipedia,https://ja.wikipedia.org/wiki/%E3%82%A2%E3%82%A4%E3%83%BB%E3%82%A2%E3%83%BC%E3%83%AB%20%E3%82%B8%E3%83%A3%E3%83%91%E3%83%B3%E3%83%9B%E3%83%BC%E3%83%AB%E3%83%87%E3%82%A3%E3%83%B3%E3%82%B0%E3%82%B9,,アイ・アール ジャパンホールディングス,2026-08-15T07:57:18Z,Wikipedia infobox 設立,
E31060,3903,株式会社ｇｕｍｉ,date_of_establishment,2007-06-13,date,wikidata,https://www.wikidata.org/wiki/Q28683304,Q28683304,,2026-08-15T07:57:14Z,Wikidata P571,
E31064,9551,メタウォーター株式会社,date_of_establishment,2008-04-01,date,wikidata,https://www.wikidata.org/wiki/Q11343646,Q11343646,,2026-08-15T07:57:14Z,Wikidata P571,
E31065,9517,イーレックス株式会社,date_of_establishment,1999-12-08,date,wikidata,https://www.wikidata.org/wiki/Q11288002,Q11288002,,2026-08-15T07:57:14Z,Wikidata P571,
E31079,6033,株式会社エクストリーム,date_of_establishment,2005-05-06,date,wikidata,https://www.wikidata.org/wiki/Q116778752,Q116778752,,2026-08-15T07:57:14Z,Wikidata P571,
E31089,6031,ＺＥＴＡ株式会社,date_of_establishment,2005-08-15,date,wikidata,https://www.wikidata.org/wiki/Q22127780,Q22127780,,2026-08-15T07:57:14Z,Wikidata P571,
E31093,3904,株式会社カヤック,date_of_establishment,2005-01-21,date,wikidata,https://www.wikidata.org/wiki/Q11294872,Q11294872,,2026-08-15T07:57:14Z,Wikidata P571,
E31104,3199,綿半ホールディングス株式会社,date_of_establishment,1949-02-18,date,wikidata,https://www.wikidata.org/wiki/Q11607422,Q11607422,,2026-08-15T07:57:14Z,Wikidata P571,
E31159,3222,ユナイテッド・スーパーマーケット・ホールディングス株式会社,date_of_establishment,2015-03-02,date,wikidata,https://www.wikidata.org/wiki/Q21019840,Q21019840,,2026-08-15T07:57:14Z,Wikidata P571,
E31167,3132,マクニカホールディングス株式会社,date_of_establishment,2015-04-01,date,wikidata,https://www.wikidata.org/wiki/Q27016928,Q27016928,,2026-08-15T07:57:14Z,Wikidata P571,
E31216,6036,ＫｅｅＰｅｒ技研株式会社,date_of_establishment,1993-02,month,wikidata,https://www.wikidata.org/wiki/Q11282552,Q11282552,,2026-08-15T07:57:14Z,Wikidata P571,
E31220,1384,株式会社　ホクリヨウ,date_of_establishment,1949-05-17,date,wikidata,https://www.wikidata.org/wiki/Q22128115,Q22128115,,2026-08-15T07:57:14Z,Wikidata P571,
E31248,6037,楽待株式会社,date_of_establishment,2005-08-23,date,wikidata,https://www.wikidata.org/wiki/Q97478924,Q97478924,,2026-08-15T07:57:14Z,Wikidata P571,
E31256,3907,シリコンスタジオ株式会社,date_of_establishment,1999-11-22,date,wikidata,https://www.wikidata.org/wiki/Q7514985,Q7514985,,2026-08-15T07:57:14Z,Wikidata P571,
E31284,3457,株式会社Ａｎｄ　Ｄｏホールディングス,date_of_establishment,2022-01,month,web_search,https://www.housedo.co.jp/and-do/,,株式会社Ａｎｄ　Ｄｏホールディングス site,2026-08-15T08:10:14Z,web page / search snippet 設立,
E31291,3223,株式会社エスエルディー,date_of_establishment,2004,year,wikipedia,https://ja.wikipedia.org/wiki/%E3%82%A8%E3%82%B9%E3%82%A8%E3%83%AB%E3%83%87%E3%82%A3%E3%83%BC,,エスエルディー,2026-08-15T07:57:18Z,Wikipedia infobox 設立,
E31306,1430,ファーストコーポレーション株式会社,date_of_establishment,2011-06-23,date,wikipedia,https://ja.wikipedia.org/wiki/%E3%83%95%E3%82%A1%E3%83%BC%E3%82%B9%E3%83%88%E3%82%B3%E3%83%BC%E3%83%9D%E3%83%AC%E3%83%BC%E3%82%B7%E3%83%A7%E3%83%B3,,ファーストコーポレーション,2026-08-15T07:57:18Z,Wikipedia infobox 設立,
E31321,3224,株式会社ゼネラル・オイスター,date_of_establishment,2000-04-03,date,wikidata,https://www.wikidata.org/wiki/Q24067072,Q24067072,,2026-08-15T07:57:14Z,Wikidata P571,
E31331,3912,株式会社モバイルファクトリー,date_of_establishment,2001-10-01,date,wikidata,https://www.wikidata.org/wiki/Q11344496,Q11344496,,2026-08-15T07:57:14Z,Wikidata P571,
E31343,6038,株式会社イード,date_of_establishment,2000-04-28,date,wikidata,https://www.wikidata.org/wiki/Q48755960,Q48755960,,2026-08-15T07:57:14Z,Wikidata P571,
E31344,7813,株式会社プラッツ,date_of_establishment,1992-07-03,date,wikidata,https://www.wikidata.org/wiki/Q133443657,Q133443657,,2026-08-15T07:57:14Z,Wikidata P571,
E31348,3911,株式会社Ａｉｍｉｎｇ,date_of_establishment,2011-05-12,date,wikidata,https://www.wikidata.org/wiki/Q97278610,Q97278610,,2026-08-15T07:57:14Z,Wikidata P571,
E31354,3913,ＧｒｅｅｎＢｅｅ株式会社,date_of_establishment,2007-03-16,date,wikidata,https://www.wikidata.org/wiki/Q107921409,Q107921409,,2026-08-15T07:57:14Z,Wikidata P571,
E31367,3133,株式会社海帆,date_of_establishment,2003-05-14,date,wikidata,https://www.wikidata.org/wiki/Q24902511,Q24902511,,2026-08-15T07:57:14Z,Wikidata P571,
E31379,6044,株式会社三機サービス,date_of_establishment,1977-07-11,date,wikidata,https://www.wikidata.org/wiki/Q96313295,Q96313295,,2026-08-15T07:57:14Z,Wikidata P571,
E31381,6039,株式会社日本動物高度医療センター,date_of_establishment,2005-09-26,date,wikidata,https://www.wikidata.org/wiki/Q11507423,Q11507423,,2026-08-15T07:57:14Z,Wikidata P571,
E31382,4592,サンバイオ株式会社,date_of_establishment,2001,year,wikidata,https://www.wikidata.org/wiki/Q86736912,Q86736912,,2026-08-15T07:57:14Z,Wikidata P571,
E31386,3134,Ｈａｍｅｅ株式会社,date_of_establishment,1998-05,month,wikidata,https://www.wikidata.org/wiki/Q11312421,Q11312421,,2026-08-15T07:57:14Z,Wikidata P571,
E31408,6040,日本スキー場開発株式会社,date_of_establishment,2005-12-22,date,wikidata,https://www.wikidata.org/wiki/Q28685374,Q28685374,,2026-08-15T07:57:14Z,Wikidata P571,
E31424,6049,株式会社イトクロ,date_of_establishment,2006-03-30,date,wikidata,https://www.wikidata.org/wiki/Q17988859,Q17988859,,2026-08-15T07:57:14Z,Wikidata P571,
E31446,6045,株式会社レントラックス,date_of_establishment,2005-12-22,date,wikidata,https://www.wikidata.org/wiki/Q11349998,Q11349998,,2026-08-15T07:57:14Z,Wikidata P571,
E31448,6046,株式会社リンクバル,date_of_establishment,2011-12-09,date,wikipedia,https://ja.wikipedia.org/wiki/%E3%83%AA%E3%83%B3%E3%82%AF%E3%83%90%E3%83%AB,,リンクバル,2026-08-15T07:57:18Z,Wikipedia infobox 設立,
E31453,3915,株式会社テラスカイ,date_of_establishment,2006-03,month,wikidata,https://www.wikidata.org/wiki/Q107921413,Q107921413,,2026-08-15T07:57:14Z,Wikidata P571,
E31454,6047,株式会社Ｇｕｎｏｓｙ,date_of_establishment,2012-11-14,date,wikidata,https://www.wikidata.org/wiki/Q20042798,Q20042798,,2026-08-15T07:57:14Z,Wikidata P571,
E31524,9417,株式会社スマートバリュー,date_of_establishment,1947,year,wikipedia,https://ja.wikipedia.org/wiki/%E3%82%B9%E3%83%9E%E3%83%BC%E3%83%88%E3%83%90%E3%83%AA%E3%83%A5%E3%83%BC,,スマートバリュー,2026-08-15T08:40:44Z,Wikipedia infobox 設立,
E31542,6166,株式会社中村超硬,date_of_establishment,1970-12-21,date,wikipedia,https://ja.wikipedia.org/wiki/%E4%B8%AD%E6%9D%91%E8%B6%85%E7%A1%AC,,中村超硬,2026-08-15T07:57:18Z,Wikipedia infobox 設立,
E31551,3135,株式会社マーケットエンタープライズ,date_of_establishment,2006-07-07,date,wikidata,https://www.wikidata.org/wiki/Q11341722,Q11341722,,2026-08-15T07:57:14Z,Wikidata P571,
E31560,7780,株式会社メニコン,date_of_establishment,1957-07-20,date,wikidata,https://www.wikidata.org/wiki/Q11343930,Q11343930,,2026-08-15T07:57:14Z,Wikidata P571,
E31573,3916,デジタル・インフォメーション・テクノロジー株式会社,date_of_establishment,2002,year,wikipedia,https://ja.wikipedia.org/wiki/%E3%83%87%E3%82%B8%E3%82%BF%E3%83%AB%E3%83%BB%E3%82%A4%E3%83%B3%E3%83%95%E3%82%A9%E3%83%A1%E3%83%BC%E3%82%B7%E3%83%A7%E3%83%B3%E3%83%BB%E3%83%86%E3%82%AF%E3%83%8E%E3%83%AD%E3%82%B8%E3%83%BC,,デジタル・インフォメーション・テクノロジー,2026-08-15T07:57:18Z,Wikipedia infobox 設立,
E31575,6239,株式会社ナガオカ,date_of_establishment,1969-07,month,wikidata,https://www.wikidata.org/wiki/Q11323715,Q11323715,,2026-08-15T08:40:42Z,Wikidata P571,
E31580,4434,株式会社サーバーワークス,date_of_establishment,2000-02-21,date,wikidata,https://www.wikidata.org/wiki/Q96313585,Q96313585,,2026-08-15T07:57:14Z,Wikidata P571,
E31594,6167,冨士ダイス株式会社,date_of_establishment,1956,year,wikidata,https://www.wikidata.org/wiki/Q140907804,Q140907804,,2026-08-15T08:40:42Z,Wikidata P571,
E31612,7180,株式会社九州フィナンシャルグループ,date_of_establishment,2015-10-01,date,wikidata,https://www.wikidata.org/wiki/Q22130448,Q22130448,,2026-08-15T07:57:14Z,Wikidata P571,
E31614,1431,株式会社Ｌｉｂ　Ｗｏｒｋ,date_of_establishment,1997-08-01,date,wikidata,https://www.wikidata.org/wiki/Q96312611,Q96312611,,2026-08-15T07:57:14Z,Wikidata P571,
E31624,3417,大木ヘルスケアホールディングス株式会社,date_of_establishment,2015-10-01,date,wikidata,https://www.wikidata.org/wiki/Q11435861,Q11435861,,2026-08-15T07:57:14Z,Wikidata P571,
E31625,3138,株式会社富士山マガジンサービス,date_of_establishment,2002-07-12,date,wikidata,https://www.wikidata.org/wiki/Q11455987,Q11455987,,2026-08-15T07:57:14Z,Wikidata P571,
E31626,3917,株式会社アイリッジ,date_of_establishment,2008-08-29,date,wikidata,https://www.wikidata.org/wiki/Q22130398,Q22130398,,2026-08-15T07:57:14Z,Wikidata P571,
E31632,5021,コスモエネルギーホールディングス株式会社,date_of_establishment,2015-10-01,date,wikidata,https://www.wikidata.org/wiki/Q22122895,Q22122895,,2026-08-15T07:57:14Z,Wikidata P571,
E31633,4980,デクセリアルズ株式会社,date_of_establishment,2012-06-20,date,wikidata,https://www.wikidata.org/wiki/Q1881288,Q1881288,,2026-08-15T07:57:14Z,Wikidata P571,
E31723,6171,株式会社土木管理総合試験所,date_of_establishment,1985-10-01,date,wikidata,https://www.wikidata.org/wiki/Q138177325,Q138177325,,2026-08-15T07:57:14Z,Wikidata P571,
E31731,1433,ベステラ株式会社,date_of_establishment,1974-02-20,date,wikipedia,https://ja.wikipedia.org/wiki/%E3%83%99%E3%82%B9%E3%83%86%E3%83%A9,,ベステラ,2026-08-15T07:57:18Z,Wikipedia infobox 設立,
E31742,3415,株式会社ＴＯＫＹＯ　ＢＡＳＥ,date_of_establishment,2008-12-12,date,wikidata,https://www.wikidata.org/wiki/Q24871379,Q24871379,,2026-08-15T07:57:14Z,Wikidata P571,
E31743,7065,ユーピーアール株式会社,date_of_establishment,1979-03,month,wikidata,https://www.wikidata.org/wiki/Q17225322,Q17225322,,2026-08-15T07:57:14Z,Wikidata P571,
E31748,6178,日本郵政株式会社,date_of_establishment,2006-01-23,date,wikidata,https://www.wikidata.org/wiki/Q1372049,Q1372049,,2026-08-15T07:57:14Z,Wikidata P571,
E31749,3416,ピクスタ株式会社,date_of_establishment,2005-08-25,date,wikidata,https://www.wikidata.org/wiki/Q53310092,Q53310092,,2026-08-15T07:57:14Z,Wikidata P571,
E31751,3556,リネットジャパングループ株式会社,date_of_establishment,2000-07,month,wikidata,https://www.wikidata.org/wiki/Q11325425,Q11325425,,2026-08-15T07:57:14Z,Wikidata P571,
E31754,3920,アイビーシー株式会社,date_of_establishment,2002-10-16,date,wikidata,https://www.wikidata.org/wiki/Q11282392,Q11282392,,2026-08-15T07:57:14Z,Wikidata P571,
E31755,7181,株式会社かんぽ生命保険,date_of_establishment,2007-10-01,date,wikidata,https://www.wikidata.org/wiki/Q6157781,Q6157781,,2026-08-15T07:57:14Z,Wikidata P571,
E31775,7182,株式会社ゆうちょ銀行,date_of_establishment,2006-09-01,date,wikidata,https://www.wikidata.org/wiki/Q907103,Q907103,,2026-08-15T07:57:14Z,Wikidata P571,
E31776,6176,株式会社ブランジスタ,date_of_establishment,2000-11-30,date,wikidata,https://www.wikidata.org/wiki/Q96313511,Q96313511,,2026-08-15T07:57:14Z,Wikidata P571,
E31815,3418,株式会社バルニバービ,date_of_establishment,1991,year,wikipedia,https://ja.wikipedia.org/wiki/%E3%83%90%E3%83%AB%E3%83%8B%E3%83%90%E3%83%BC%E3%83%93,,バルニバービ,2026-08-15T07:57:18Z,Wikipedia infobox 設立,
E31817,6177,ＡｐｐＢａｎｋ株式会社,date_of_establishment,2012-01-23,date,wikidata,https://www.wikidata.org/wiki/Q11190389,Q11190389,,2026-08-15T07:57:14Z,Wikidata P571,
E31851,4594,ブライトパス・バイオ株式会社,date_of_establishment,2003-05-08,date,wikidata,https://www.wikidata.org/wiki/Q27017009,Q27017009,,2026-08-15T07:57:14Z,Wikidata P571,
E31854,6180,ＧＭＯメディア株式会社,date_of_establishment,2000-10-13,date,wikidata,https://www.wikidata.org/wiki/Q11201252,Q11201252,,2026-08-15T07:57:14Z,Wikidata P571,
E31855,6181,タメニー株式会社,date_of_establishment,2004-06-15,date,wikidata,https://www.wikidata.org/wiki/Q119659534,Q119659534,,2026-08-15T07:57:14Z,Wikidata P571,
E31871,6184,株式会社鎌倉新書,date_of_establishment,1984-04,month,wikidata,https://www.wikidata.org/wiki/Q11650922,Q11650922,,2026-08-15T07:57:14Z,Wikidata P571,
E31878,3923,株式会社ラクス,date_of_establishment,2000-11-01,date,wikidata,https://www.wikidata.org/wiki/Q96313515,Q96313515,,2026-08-15T07:57:14Z,Wikidata P571,
E31896,6183,株式会社ベルシステム２４ホールディングス,date_of_establishment,2014-06-20,date,wikidata,https://www.wikidata.org/wiki/Q11337104,Q11337104,,2026-08-15T07:57:14Z,Wikidata P571,
E31901,6182,株式会社メタリアル,date_of_establishment,2004-02,month,wikidata,https://www.wikidata.org/wiki/Q11350383,Q11350383,,2026-08-15T07:57:14Z,Wikidata P571,
E31902,3921,株式会社ネオジャパン,date_of_establishment,1992-02-29,date,wikipedia,https://ja.wikipedia.org/wiki/%E3%83%8D%E3%82%AA%E3%82%B8%E3%83%A3%E3%83%91%E3%83%B3,,ネオジャパン,2026-08-15T08:40:44Z,Wikipedia infobox 設立,
E31918,3419,アートグリーン株式会社,date_of_establishment,1996,year,wikipedia,https://ja.wikipedia.org/wiki/%E3%82%A2%E3%83%BC%E3%83%88%E3%82%B0%E3%83%AA%E3%83%BC%E3%83%B3,,アートグリーン,2026-08-15T07:57:18Z,Wikipedia infobox 設立,
E31924,7811,中本パックス株式会社,date_of_establishment,1988-12-21,date,wikidata,https://www.wikidata.org/wiki/Q123197362,Q123197362,,2026-08-15T07:57:14Z,Wikidata P571,
E31925,1435,株式会社ｒｏｂｏｔ　ｈｏｍｅ,date_of_establishment,2006-01-23,date,wikidata,https://www.wikidata.org/wiki/Q11287776,Q11287776,,2026-08-15T07:57:14Z,Wikidata P571,
E31936,3926,株式会社オープンドア,date_of_establishment,1997-04-21,date,wikidata,https://www.wikidata.org/wiki/Q56348814,Q56348814,,2026-08-15T07:57:14Z,Wikidata P571,
E31946,4595,株式会社ミズホメディー,date_of_establishment,1977-11-02,date,wikidata,https://www.wikidata.org/wiki/Q131679879,Q131679879,,2026-08-15T07:57:14Z,Wikidata P571,
E31954,6464,株式会社ツバキ・ナカシマ,date_of_establishment,1934,year,wikidata,https://www.wikidata.org/wiki/Q41697923,Q41697923,,2026-08-15T07:57:14Z,Wikidata P571,
E31955,3929,ソーシャルワイヤー株式会社,date_of_establishment,2006-09-06,date,wikidata,https://www.wikidata.org/wiki/Q22131802,Q22131802,,2026-08-15T07:57:14Z,Wikidata P571,
E31957,3925,株式会社ダブルスタンダード,date_of_establishment,2012,year,wikipedia,https://ja.wikipedia.org/wiki/%E3%83%80%E3%83%96%E3%83%AB%E3%82%B9%E3%82%BF%E3%83%B3%E3%83%80%E3%83%BC%E3%83%89%20%28%E4%BC%81%E6%A5%AD%29,,ダブルスタンダード (企業),2026-08-15T07:57:18Z,Wikipedia infobox 設立,
E31958,6185,ＳＭＮ株式会社,date_of_establishment,2000-03-21,date,wikidata,https://www.wikidata.org/wiki/Q17223508,Q17223508,,2026-08-15T07:57:14Z,Wikidata P571,
E31965,3922,株式会社ＰＲ　ＴＩＭＥＳ,date_of_establishment,2005-12-26,date,wikipedia,https://ja.wikipedia.org/wiki/PR%20TIMES,,PR TIMES,2026-08-15T07:57:18Z,Wikipedia infobox 設立,
E31968,3536,アクサスホールディングス株式会社,date_of_establishment,2016-03-01,date,wikidata,https://www.wikidata.org/wiki/Q11282891,Q11282891,,2026-08-15T07:57:14Z,Wikidata P571,
E31977,3927,株式会社フーバーブレイン,date_of_establishment,2001-05-08,date,wikidata,https://www.wikidata.org/wiki/Q119658476,Q119658476,,2026-08-15T07:57:14Z,Wikidata P571,
E31979,3465,ケイアイスター不動産株式会社,date_of_establishment,1990-11,month,wikipedia,https://ja.wikipedia.org/wiki/%E3%82%B1%E3%82%A4%E3%82%A2%E3%82%A4%E3%82%B9%E3%82%BF%E3%83%BC%E4%B8%8D%E5%8B%95%E7%94%A3,,ケイアイスター不動産,2026-08-15T07:57:18Z,Wikipedia infobox 設立,
E31991,3928,株式会社マイネット,date_of_establishment,2006-06-14,date,wikidata,https://www.wikidata.org/wiki/Q11339750,Q11339750,,2026-08-15T07:57:14Z,Wikidata P571,
E32022,7186,株式会社横浜フィナンシャルグループ,date_of_establishment,2016-04-01,date,wikidata,https://www.wikidata.org/wiki/Q22122898,Q22122898,,2026-08-15T07:57:14Z,Wikidata P571,
E32069,2296,伊藤ハム米久ホールディングス株式会社,date_of_establishment,2016-04-01,date,wikidata,https://www.wikidata.org/wiki/Q24877030,Q24877030,,2026-08-15T07:57:14Z,Wikidata P571,
E32109,7185,ヒロセ通商株式会社,date_of_establishment,2004-03-18,date,wikidata,https://www.wikidata.org/wiki/Q28688621,Q28688621,,2026-08-15T07:57:14Z,Wikidata P571,
E32119,2424,株式会社ブラス,date_of_establishment,1998-04-03,date,wikidata,https://www.wikidata.org/wiki/Q24866988,Q24866988,,2026-08-15T07:57:14Z,Wikidata P571,
E32138,2884,株式会社ヨシムラ・フード・ホールディングス,date_of_establishment,2008-03-18,date,wikidata,https://www.wikidata.org/wiki/Q28691184,Q28691184,,2026-08-15T07:57:14Z,Wikidata P571,
E32141,3930,株式会社はてな,date_of_establishment,2001,year,wikidata,https://www.wikidata.org/wiki/Q848325,Q848325,,2026-08-15T07:57:14Z,Wikidata P571,
E32146,3537,昭栄薬品株式会社,date_of_establishment,1960,year,wikipedia,https://ja.wikipedia.org/wiki/%E6%98%AD%E6%A0%84%E8%96%AC%E5%93%81,,昭栄薬品,2026-08-15T07:57:18Z,Wikipedia infobox 設立,
E32153,6190,株式会社フェニックスバイオ,date_of_establishment,2002,year,wikidata,https://www.wikidata.org/wiki/Q30296373,Q30296373,,2026-08-15T08:40:42Z,Wikidata P571,
E32158,3467,アグレ都市デザイン株式会社,date_of_establishment,2009-04-01,date,wikipedia,https://ja.wikipedia.org/wiki/%E3%82%A2%E3%82%B0%E3%83%AC%E9%83%BD%E5%B8%82%E3%83%87%E3%82%B6%E3%82%A4%E3%83%B3,,アグレ都市デザイン,2026-08-15T07:57:18Z,Wikipedia infobox 設立,
E32163,1436,株式会社グリーンエナジー＆カンパニー,date_of_establishment,2009-04-01,date,wikidata,https://www.wikidata.org/wiki/Q28690699,Q28690699,,2026-08-15T07:57:14Z,Wikidata P571,
E32169,6615,ユー・エム・シー・エレクトロニクス株式会社,date_of_establishment,1968-01-05,date,wikidata,https://www.wikidata.org/wiki/Q30926190,Q30926190,,2026-08-15T07:57:14Z,Wikidata P571,
E32181,3538,株式会社ウイルプラスホールディングス,date_of_establishment,2007-10,month,wikidata,https://www.wikidata.org/wiki/Q11288373,Q11288373,,2026-08-15T07:57:14Z,Wikidata P571,
E32189,6237,株式会社イワキ,date_of_establishment,1941-09-20,date,wikidata,https://www.wikidata.org/wiki/Q11287267,Q11287267,,2026-08-15T08:40:42Z,Wikidata P571,
E32193,6198,株式会社キャリア,date_of_establishment,2009-04-28,date,wikipedia,https://ja.wikipedia.org/wiki/%E3%82%AD%E3%83%A3%E3%83%AA%E3%82%A2%20%28%E4%BA%BA%E6%9D%90%E3%82%B5%E3%83%BC%E3%83%93%E3%82%B9%29,,キャリア (人材サービス),2026-08-15T07:57:18Z,Wikipedia infobox 設立,
E32194,6191,株式会社エアトリ,date_of_establishment,2007-05-11,date,wikipedia,https://ja.wikipedia.org/wiki/%E3%82%A8%E3%82%A2%E3%83%88%E3%83%AA,,エアトリ,2026-08-15T07:57:18Z,Wikipedia infobox 設立,
E32200,3932,株式会社アカツキ,date_of_establishment,2010-01-01,date,wikidata,https://www.wikidata.org/wiki/Q59186636,Q59186636,,2026-08-15T07:57:14Z,Wikidata P571,
E32203,6193,バーチャレクス・ホールディングス株式会社,date_of_establishment,2017-10,month,wikipedia,https://ja.wikipedia.org/wiki/%E3%83%90%E3%83%BC%E3%83%81%E3%83%A3%E3%83%AC%E3%82%AF%E3%82%B9%E3%83%BB%E3%82%B3%E3%83%B3%E3%82%B5%E3%83%AB%E3%83%86%E3%82%A3%E3%83%B3%E3%82%B0,,バーチャレクス・コンサルティング,2026-08-15T07:57:18Z,Wikipedia infobox 設立,
E32204,3504,株式会社丸八ホールディングス,date_of_establishment,2012-04-02,date,wikidata,https://www.wikidata.org/wiki/Q11368042,Q11368042,,2026-08-15T07:57:14Z,Wikidata P571,
E32225,3936,株式会社グローバルウェイ,date_of_establishment,2004-10-21,date,wikidata,https://www.wikidata.org/wiki/Q20044096,Q20044096,,2026-08-15T07:57:14Z,Wikidata P571,
E32238,3935,株式会社エディア,date_of_establishment,1999-04-09,date,wikidata,https://www.wikidata.org/wiki/Q11290251,Q11290251,,2026-08-15T07:57:14Z,Wikidata P571,
E32292,9143,ＳＧホールディングス株式会社,date_of_establishment,2006-03-21,date,wikidata,https://www.wikidata.org/wiki/Q11243007,Q11243007,,2026-08-15T07:57:14Z,Wikidata P571,
E32364,2820,株式会社やまみ,date_of_establishment,1975-01-29,date,wikidata,https://www.wikidata.org/wiki/Q11280548,Q11280548,,2026-08-15T07:57:14Z,Wikidata P571,
E32380,6196,株式会社ストライクグループ,date_of_establishment,1997-07-11,date,wikidata,https://www.wikidata.org/wiki/Q11312400,Q11312400,,2026-08-15T07:57:14Z,Wikidata P571,
E32381,3544,サツドラホールディングス株式会社,date_of_establishment,2016-08-16,date,wikidata,https://www.wikidata.org/wiki/Q27017084,Q27017084,,2026-08-15T07:57:14Z,Wikidata P571,
E32397,6199,株式会社セラク,date_of_establishment,1987-12,month,wikidata,https://www.wikidata.org/wiki/Q11314485,Q11314485,,2026-08-15T07:57:14Z,Wikidata P571,
E32400,6194,株式会社アトラエ,date_of_establishment,2003,year,wikipedia,https://ja.wikipedia.org/wiki/%E3%82%A2%E3%83%88%E3%83%A9%E3%82%A8,,アトラエ,2026-08-15T07:57:18Z,Wikipedia infobox 設立,
E32405,6195,株式会社ホープ,date_of_establishment,1993-10-29,date,wikipedia,https://ja.wikipedia.org/wiki/%E3%83%9B%E3%83%BC%E3%83%97%20%28%E7%A6%8F%E5%B2%A1%E7%9C%8C%E3%81%AE%E4%BC%81%E6%A5%AD%29,,ホープ (福岡県の企業),2026-08-15T07:57:18Z,Wikipedia infobox 設立,
E32412,7187,ジェイリース株式会社,date_of_establishment,2004-02-27,date,wikipedia,https://ja.wikipedia.org/wiki/%E3%82%B8%E3%82%A7%E3%82%A4%E3%83%AA%E3%83%BC%E3%82%B9,,ジェイリース,2026-08-15T07:57:18Z,Wikipedia infobox 設立,
E32420,3542,株式会社ベガコーポレーション,date_of_establishment,2004-07,month,wikidata,https://www.wikidata.org/wiki/Q11336823,Q11336823,,2026-08-15T07:57:14Z,Wikidata P571,
E32427,3543,株式会社コメダホールディングス,date_of_establishment,1968-01,month,wikipedia,https://ja.wikipedia.org/wiki/%E3%82%B3%E3%83%A1%E3%83%80%E3%83%9B%E3%83%BC%E3%83%AB%E3%83%87%E3%82%A3%E3%83%B3%E3%82%B0%E3%82%B9,,コメダホールディングス,2026-08-15T07:57:18Z,Wikipedia infobox 設立,
E32447,7189,株式会社西日本フィナンシャルホールディングス,date_of_establishment,2016-10-03,date,wikidata,https://www.wikidata.org/wiki/Q24875400,Q24875400,,2026-08-15T07:57:14Z,Wikidata P571,
E32468,3469,株式会社デュアルタップ,date_of_establishment,2006,year,wikidata,https://www.wikidata.org/wiki/Q21019183,Q21019183,,2026-08-15T07:57:14Z,Wikidata P571,
E32486,3474,Ｇ－ＦＡＣＴＯＲＹ株式会社,date_of_establishment,2003-05,month,wikidata,https://www.wikidata.org/wiki/Q11449251,Q11449251,,2026-08-15T07:57:14Z,Wikidata P571,
E32495,6200,株式会社インソース,date_of_establishment,2002,year,wikipedia,https://ja.wikipedia.org/wiki/%E3%82%A4%E3%83%B3%E3%82%BD%E3%83%BC%E3%82%B9,,インソース,2026-08-15T07:57:18Z,Wikipedia infobox 設立,
E32549,6532,株式会社ベイカレント,date_of_establishment,2014-04-18,date,wikidata,https://www.wikidata.org/wiki/Q11336763,Q11336763,,2026-08-15T07:57:14Z,Wikidata P571,
E32571,3267,株式会社フィル・カンパニー,date_of_establishment,2005-06-03,date,wikidata,https://www.wikidata.org/wiki/Q11332522,Q11332522,,2026-08-15T07:57:14Z,Wikidata P571,
E32619,3965,株式会社キャピタル・アセット・プランニング,date_of_establishment,1990-04-16,date,wikipedia,https://ja.wikipedia.org/wiki/%E3%82%AD%E3%83%A3%E3%83%94%E3%82%BF%E3%83%AB%E3%83%BB%E3%82%A2%E3%82%BB%E3%83%83%E3%83%88%E3%83%BB%E3%83%97%E3%83%A9%E3%83%B3%E3%83%8B%E3%83%B3%E3%82%B0,,キャピタル・アセット・プランニング,2026-08-15T07:57:18Z,Wikipedia infobox 設立,
E32620,3962,株式会社チェンジホールディングス,date_of_establishment,2003-04-10,date,wikipedia,https://ja.wikipedia.org/wiki/%E3%83%81%E3%82%A7%E3%83%B3%E3%82%B8%E3%83%9B%E3%83%BC%E3%83%AB%E3%83%87%E3%82%A3%E3%83%B3%E3%82%B0%E3%82%B9,,チェンジホールディングス,2026-08-15T07:57:18Z,Wikipedia infobox 設立,
E32642,4189,ＫＨネオケム株式会社,date_of_establishment,2010-12-08,date,wikidata,https://www.wikidata.org/wiki/Q11227838,Q11227838,,2026-08-15T07:57:14Z,Wikidata P571,
E32647,3963,株式会社シンクロ・フード,date_of_establishment,2003,year,wikipedia,https://ja.wikipedia.org/wiki/%E3%82%B7%E3%83%B3%E3%82%AF%E3%83%AD%E3%83%BB%E3%83%95%E3%83%BC%E3%83%89,,シンクロ・フード,2026-08-15T07:57:18Z,Wikipedia infobox 設立,
E32664,9160,株式会社オンザページ,date_of_establishment,2000-11,month,wikidata,https://www.wikidata.org/wiki/Q27017124,Q27017124,,2026-08-15T07:57:14Z,Wikidata P571,
E32679,9142,九州旅客鉄道株式会社,date_of_establishment,1987-04-01,date,wikidata,https://www.wikidata.org/wiki/Q498366,Q498366,,2026-08-15T07:57:14Z,Wikidata P571,
E32682,1438,株式会社岐阜造園,date_of_establishment,1927-03,month,wikidata,https://www.wikidata.org/wiki/Q24876526,Q24876526,,2026-08-15T07:57:14Z,Wikidata P571,
E32687,6535,株式会社アイモバイル,date_of_establishment,2007-08-17,date,wikipedia,https://ja.wikipedia.org/wiki/%E3%82%A2%E3%82%A4%E3%83%A2%E3%83%90%E3%82%A4%E3%83%AB,,アイモバイル,2026-08-15T07:57:18Z,Wikipedia infobox 設立,
E32697,3548,株式会社バロックジャパンリミテッド,date_of_establishment,2003-08-11,date,wikidata,https://www.wikidata.org/wiki/Q11328336,Q11328336,,2026-08-15T07:57:14Z,Wikidata P571,
E32753,6537,ＷＡＳＨハウス株式会社,date_of_establishment,2001-11-28,date,wikipedia,https://ja.wikipedia.org/wiki/WASH%E3%83%8F%E3%82%A6%E3%82%B9,,WASHハウス,2026-08-15T07:57:18Z,Wikipedia infobox 設立,
E32766,3970,株式会社イノベーション,date_of_establishment,2000,year,wikipedia,https://ja.wikipedia.org/wiki/%E3%82%A4%E3%83%8E%E3%83%99%E3%83%BC%E3%82%B7%E3%83%A7%E3%83%B3%20%28%E4%BC%81%E6%A5%AD%29,,イノベーション (企業),2026-08-15T07:57:18Z,Wikipedia infobox 設立,
E32784,7782,株式会社シンシア,date_of_establishment,2008-09-05,date,wikidata,https://www.wikidata.org/wiki/Q11308602,Q11308602,,2026-08-15T07:57:14Z,Wikidata P571,
E32793,3477,フォーライフ株式会社,date_of_establishment,1996,year,wikipedia,https://ja.wikipedia.org/wiki/%E3%83%95%E3%82%A9%E3%83%BC%E3%83%A9%E3%82%A4%E3%83%95,,フォーライフ,2026-08-15T08:40:44Z,Wikipedia infobox 設立,
E32794,3979,株式会社うるる,date_of_establishment,2001-08-31,date,wikidata,https://www.wikidata.org/wiki/Q65234009,Q65234009,,2026-08-15T07:57:14Z,Wikidata P571,
E32796,6540,株式会社船場,date_of_establishment,1962,year,wikipedia,https://ja.wikipedia.org/wiki/%E8%88%B9%E5%A0%B4%20%28%E4%BC%81%E6%A5%AD%29,,船場 (企業),2026-08-15T07:57:18Z,Wikipedia infobox 設立,
E32803,7192,日本モーゲージサービス株式会社,date_of_establishment,2020-01,month,wikipedia,https://ja.wikipedia.org/wiki/%E6%97%A5%E6%9C%AC%E3%83%A2%E3%83%BC%E3%82%B2%E3%83%BC%E3%82%B8%E3%82%B5%E3%83%BC%E3%83%93%E3%82%B9,,日本モーゲージサービス,2026-08-15T07:57:18Z,Wikipedia infobox 設立,
E32815,3968,セグエグループ株式会社,date_of_establishment,2014-12-01,date,wikidata,https://www.wikidata.org/wiki/Q30924348,Q30924348,,2026-08-15T07:57:14Z,Wikidata P571,
E32825,3969,株式会社エイトレッド,date_of_establishment,2007-04,month,wikipedia,https://ja.wikipedia.org/wiki/%E3%82%A8%E3%82%A4%E3%83%88%E3%83%AC%E3%83%83%E3%83%89,,エイトレッド,2026-08-15T08:40:44Z,Wikipedia infobox 設立,
E32854,4596,窪田製薬ホールディングス株式会社,date_of_establishment,2015-12,month,wikidata,https://www.wikidata.org/wiki/Q30933916,Q30933916,,2026-08-15T07:57:14Z,Wikidata P571,
E32855,3976,株式会社シャノン,date_of_establishment,2000-08,month,wikidata,https://www.wikidata.org/wiki/Q11307732,Q11307732,,2026-08-15T07:57:14Z,Wikidata P571,
E32956,3977,フュージョン株式会社,date_of_establishment,1950,year,wikidata,https://www.wikidata.org/wiki/Q105527,Q105527,,2026-08-15T08:40:42Z,Wikidata P571,
E32965,3557,ユナイテッド＆コレクティブ株式会社,date_of_establishment,2000-07,month,wikidata,https://www.wikidata.org/wiki/Q28691624,Q28691624,,2026-08-15T07:57:14Z,Wikidata P571,
E32966,3558,ジェイドグループ株式会社,date_of_establishment,2010-10-22,date,wikipedia,https://ja.wikipedia.org/wiki/%E3%82%B8%E3%82%A7%E3%82%A4%E3%83%89%E3%82%B0%E3%83%AB%E3%83%BC%E3%83%97,,ジェイドグループ,2026-08-15T07:57:18Z,Wikipedia infobox 設立,
E32967,9519,株式会社レノバ,date_of_establishment,2000-05-30,date,wikidata,https://www.wikidata.org/wiki/Q11347953,Q11347953,,2026-08-15T07:57:14Z,Wikidata P571,
E32988,6547,株式会社グリーンズ,date_of_establishment,1964-01-08,date,wikidata,https://www.wikidata.org/wiki/Q11300542,Q11300542,,2026-08-15T07:57:14Z,Wikidata P571,
E32990,9325,ファイズホールディングス株式会社,date_of_establishment,2013-10-10,date,wikidata,https://www.wikidata.org/wiki/Q123242194,Q123242194,,2026-08-15T07:57:14Z,Wikidata P571,
E32991,3560,株式会社ほぼ日,date_of_establishment,1979-12-24,date,wikidata,https://www.wikidata.org/wiki/Q5875192,Q5875192,,2026-08-15T07:57:14Z,Wikidata P571,
E32992,3981,株式会社ビーグリー,date_of_establishment,2004-10-25,date,wikidata,https://www.wikidata.org/wiki/Q11233027,Q11233027,,2026-08-15T07:57:14Z,Wikidata P571,
E33000,3563,株式会社ＦＯＯＤ　＆　ＬＩＦＥ　ＣＯＭＰＡＮＩＥＳ,date_of_establishment,1984-10-23,date,wikidata,https://www.wikidata.org/wiki/Q11257037,Q11257037,,2026-08-15T07:57:14Z,Wikidata P571,
E33005,6545,株式会社インターネットインフィニティー,date_of_establishment,2001-05-07,date,wikidata,https://www.wikidata.org/wiki/Q21018837,Q21018837,,2026-08-15T07:57:14Z,Wikidata P571,
E33009,6546,フルテック株式会社,date_of_establishment,1963-11-02,date,wikidata,https://www.wikidata.org/wiki/Q11457803,Q11457803,,2026-08-15T07:57:14Z,Wikidata P571,
E33011,3561,株式会社力の源ホールディングス,date_of_establishment,1986-10-30,date,wikidata,https://www.wikidata.org/wiki/Q11398389,Q11398389,,2026-08-15T07:57:14Z,Wikidata P571,
E33016,3559,株式会社ピーバンドットコム,date_of_establishment,2002-04,month,wikidata,https://www.wikidata.org/wiki/Q17222955,Q17222955,,2026-08-15T07:57:14Z,Wikidata P571,
E33025,6694,株式会社ズーム,date_of_establishment,1983,year,wikidata,https://www.wikidata.org/wiki/Q932299,Q932299,,2026-08-15T07:57:14Z,Wikidata P571,
E33034,6544,ジャパンエレベーターサービスホールディングス株式会社,date_of_establishment,1994-10-03,date,wikidata,https://www.wikidata.org/wiki/Q28683990,Q28683990,,2026-08-15T07:57:14Z,Wikidata P571,
E33039,3983,株式会社オロ,date_of_establishment,1999,year,wikipedia,https://ja.wikipedia.org/wiki/%E3%82%AA%E3%83%AD%20%28%E4%BC%81%E6%A5%AD%29,,オロ (企業),2026-08-15T07:57:18Z,Wikipedia infobox 設立,
E33110,6548,株式会社旅工房,date_of_establishment,1994-04-18,date,wikidata,https://www.wikidata.org/wiki/Q11504502,Q11504502,,2026-08-15T07:57:14Z,Wikidata P571,
E33235,3988,株式会社ＳＹＳホールディングス,date_of_establishment,2013-08-01,date,wikipedia,https://ja.wikipedia.org/wiki/SYS%E3%83%9B%E3%83%BC%E3%83%AB%E3%83%87%E3%82%A3%E3%83%B3%E3%82%B0%E3%82%B9,,SYSホールディングス,2026-08-15T07:57:18Z,Wikipedia infobox 設立,
E33237,3987,エコモット株式会社,date_of_establishment,2007,year,wikipedia,https://ja.wikipedia.org/wiki/%E3%82%A8%E3%82%B3%E3%83%A2%E3%83%83%E3%83%88,,エコモット,2026-08-15T07:57:18Z,Wikipedia infobox 設立,
E33242,3989,シェアリングテクノロジー株式会社,date_of_establishment,2006-11-24,date,wikipedia,https://ja.wikipedia.org/wiki/%E3%82%B7%E3%82%A7%E3%82%A2%E3%83%AA%E3%83%B3%E3%82%B0%E3%83%86%E3%82%AF%E3%83%8E%E3%83%AD%E3%82%B8%E3%83%BC,,シェアリングテクノロジー,2026-08-15T07:57:18Z,Wikipedia infobox 設立,
E33254,6552,株式会社ＧａｍｅＷｉｔｈ,date_of_establishment,2013-06-03,date,wikidata,https://www.wikidata.org/wiki/Q38279095,Q38279095,,2026-08-15T07:57:14Z,Wikidata P571,
E33364,3991,ウォンテッドリー株式会社,date_of_establishment,2010-09,month,wikidata,https://www.wikidata.org/wiki/Q38278136,Q38278136,,2026-08-15T07:57:14Z,Wikidata P571,
E33367,3992,株式会社ニーズウェル,date_of_establishment,1986,year,wikipedia,https://ja.wikipedia.org/wiki/%E3%83%8B%E3%83%BC%E3%82%BA%E3%82%A6%E3%82%A7%E3%83%AB,,ニーズウェル,2026-08-15T07:57:18Z,Wikipedia infobox 設立,
E33382,4124,大阪油化工業株式会社,date_of_establishment,1962-02-27,date,wikidata,https://www.wikidata.org/wiki/Q96313312,Q96313312,,2026-08-15T07:57:14Z,Wikidata P571,
E33384,4447,株式会社ピー・ビーシステムズ,date_of_establishment,1997-02-06,date,wikidata,https://www.wikidata.org/wiki/Q17229904,Q17229904,,2026-08-15T07:57:14Z,Wikidata P571,
E33390,3994,株式会社マネーフォワード,date_of_establishment,2012-05,month,wikidata,https://www.wikidata.org/wiki/Q24875552,Q24875552,,2026-08-15T07:57:14Z,Wikidata P571,
E33391,3993,株式会社ＰＫＳＨＡ　Ｔｅｃｈｎｏｌｏｇｙ,date_of_establishment,2012-10-16,date,wikipedia,https://ja.wikipedia.org/wiki/PKSHA%20Technology,,PKSHA Technology,2026-08-15T07:57:18Z,Wikipedia infobox 設立,
E33392,7809,株式会社壽屋,date_of_establishment,1947,year,wikidata,https://www.wikidata.org/wiki/Q10931663,Q10931663,,2026-08-15T07:57:14Z,Wikidata P571,
E33393,9265,ヤマシタヘルスケアホールディングス株式会社,date_of_establishment,1950-04-07,date,wikipedia,https://ja.wikipedia.org/wiki/%E3%83%A4%E3%83%9E%E3%82%B7%E3%82%BF%E3%83%98%E3%83%AB%E3%82%B9%E3%82%B1%E3%82%A2%E3%83%9B%E3%83%BC%E3%83%AB%E3%83%87%E3%82%A3%E3%83%B3%E3%82%B0%E3%82%B9,,ヤマシタヘルスケアホールディングス,2026-08-15T08:40:44Z,Wikipedia infobox 設立,
E33485,7196,株式会社Ｃａｓａ,date_of_establishment,2008-10,month,wikipedia,https://ja.wikipedia.org/wiki/Casa,,Casa,2026-08-15T07:57:18Z,Wikipedia infobox 設立,
E33491,7807,株式会社幸和製作所,date_of_establishment,1987-10,month,wikidata,https://www.wikidata.org/wiki/Q11483965,Q11483965,,2026-08-15T07:57:14Z,Wikidata P571,
E33519,3996,サインポスト株式会社,date_of_establishment,2005-01-10,date,wikidata,https://www.wikidata.org/wiki/Q16639816,Q16639816,,2026-08-15T08:40:42Z,Wikidata P571,
E33557,6557,ＡＩＡＩグループ株式会社,date_of_establishment,2007-01-22,date,wikidata,https://www.wikidata.org/wiki/Q11221651,Q11221651,,2026-08-15T07:57:14Z,Wikidata P571,
E33574,3611,株式会社マツオカコーポレーション,date_of_establishment,1956-04,month,wikidata,https://www.wikidata.org/wiki/Q106339974,Q106339974,,2026-08-15T07:57:14Z,Wikidata P571,
E33577,6564,株式会社ミダックホールディングス,date_of_establishment,1952,year,wikidata,https://www.wikidata.org/wiki/Q11342167,Q11342167,,2026-08-15T07:57:14Z,Wikidata P571,
E33586,4480,株式会社メドレー,date_of_establishment,2009-06-05,date,wikipedia,https://ja.wikipedia.org/wiki/%E3%83%A1%E3%83%89%E3%83%AC%E3%83%BC%20%28%E4%BC%81%E6%A5%AD%29,,メドレー (企業),2026-08-15T07:57:18Z,Wikipedia infobox 設立,
E33595,2334,株式会社イオレ,date_of_establishment,2001-04-25,date,wikidata,https://www.wikidata.org/wiki/Q96313539,Q96313539,,2026-08-15T07:57:14Z,Wikidata P571,
E33601,6563,株式会社みらいワークス,date_of_establishment,2012-03,month,wikipedia,https://ja.wikipedia.org/wiki/%E3%81%BF%E3%82%89%E3%81%84%E3%83%AF%E3%83%BC%E3%82%AF%E3%82%B9,,みらいワークス,2026-08-15T07:57:18Z,Wikipedia infobox 設立,
E33603,4249,森六株式会社,date_of_establishment,1916,year,wikidata,https://www.wikidata.org/wiki/Q140908094,Q140908094,,2026-08-15T08:40:42Z,Wikidata P571,
E33615,6562,株式会社ジーニー,date_of_establishment,2010,year,wikipedia,https://ja.wikipedia.org/wiki/%E3%82%B8%E3%83%BC%E3%83%8B%E3%83%BC%20%28%E4%BC%81%E6%A5%AD%29,,ジーニー (企業),2026-08-15T07:57:18Z,Wikipedia infobox 設立,
E33616,9268,株式会社オプティマスグループ,date_of_establishment,2015-01,month,wikipedia,https://ja.wikipedia.org/wiki/%E3%82%AA%E3%83%97%E3%83%86%E3%82%A3%E3%83%9E%E3%82%B9%E3%82%B0%E3%83%AB%E3%83%BC%E3%83%97,,オプティマスグループ,2026-08-15T08:40:44Z,Wikipedia infobox 設立,
E33622,8919,株式会社カチタス,date_of_establishment,1978-09-01,date,wikidata,https://www.wikidata.org/wiki/Q17224269,Q17224269,,2026-08-15T07:57:14Z,Wikidata P571,
E33624,7199,プレミアグループ株式会社,date_of_establishment,2015-05-25,date,wikipedia,https://ja.wikipedia.org/wiki/%E3%83%97%E3%83%AC%E3%83%9F%E3%82%A2%E3%82%B0%E3%83%AB%E3%83%BC%E3%83%97,,プレミアグループ,2026-08-15T07:57:18Z,Wikipedia infobox 設立,
E33625,7198,ＳＢＩアルヒ株式会社,date_of_establishment,2000-06-09,date,wikidata,https://www.wikidata.org/wiki/Q18455685,Q18455685,,2026-08-15T07:57:14Z,Wikidata P571,
E33638,6565,ＡＢホテル株式会社,date_of_establishment,2014,year,wikipedia,https://ja.wikipedia.org/wiki/AB%E3%83%9B%E3%83%86%E3%83%AB,,ABホテル,2026-08-15T07:57:18Z,Wikipedia infobox 設立,
E33693,7322,株式会社三十三フィナンシャルグループ,date_of_establishment,2018,year,wikipedia,https://ja.wikipedia.org/wiki/%E4%B8%89%E5%8D%81%E4%B8%89%E3%83%95%E3%82%A3%E3%83%8A%E3%83%B3%E3%82%B7%E3%83%A3%E3%83%AB%E3%82%B0%E3%83%AB%E3%83%BC%E3%83%97,,三十三フィナンシャルグループ,2026-08-15T07:57:18Z,Wikipedia infobox 設立,
E33702,4392,ＦＩＧ株式会社,date_of_establishment,2018-07-02,date,wikidata,https://www.wikidata.org/wiki/Q55354189,Q55354189,,2026-08-15T07:57:14Z,Wikidata P571,
E33777,3446,株式会社ジェイテックコーポレーション,date_of_establishment,1993,year,wikidata,https://www.wikidata.org/wiki/Q96313543,Q96313543,,2026-08-15T07:57:14Z,Wikidata P571,
E33794,6568,神戸天然物化学株式会社,date_of_establishment,1985-01-22,date,wikipedia,https://ja.wikipedia.org/wiki/%E7%A5%9E%E6%88%B8%E5%A4%A9%E7%84%B6%E7%89%A9%E5%8C%96%E5%AD%A6,,神戸天然物化学,2026-08-15T07:57:18Z,Wikipedia infobox 設立,
E33807,9270,バリュエンスホールディングス株式会社,date_of_establishment,2011-12-28,date,wikipedia,https://ja.wikipedia.org/wiki/%E3%83%90%E3%83%AA%E3%83%A5%E3%82%A8%E3%83%B3%E3%82%B9%E3%83%9B%E3%83%BC%E3%83%AB%E3%83%87%E3%82%A3%E3%83%B3%E3%82%B0%E3%82%B9,,バリュエンスホールディングス,2026-08-15T07:57:18Z,Wikipedia infobox 設立,
E33819,3489,株式会社フェイスネットワーク,date_of_establishment,2001-10-02,date,wikidata,https://www.wikidata.org/wiki/Q123383370,Q123383370,,2026-08-15T07:57:14Z,Wikidata P571,
E33822,6570,株式会社共和コーポレーション,date_of_establishment,1986-05-16,date,wikidata,https://www.wikidata.org/wiki/Q55385192,Q55385192,,2026-08-15T07:57:14Z,Wikidata P571,
E33825,4381,ビープラッツ株式会社,date_of_establishment,2006-11,month,wikidata,https://www.wikidata.org/wiki/Q4953111,Q4953111,,2026-08-15T07:57:14Z,Wikidata P571,
E33834,3447,信和株式会社,date_of_establishment,1977-09-01,date,wikidata,https://www.wikidata.org/wiki/Q11386000,Q11386000,,2026-08-15T07:57:14Z,Wikidata P571,
E33839,9450,株式会社ファイバーゲート,date_of_establishment,2000-09-26,date,wikipedia,https://ja.wikipedia.org/wiki/%E3%83%95%E3%82%A1%E3%82%A4%E3%83%90%E3%83%BC%E3%82%B2%E3%83%BC%E3%83%88,,ファイバーゲート,2026-08-15T07:57:18Z,Wikipedia infobox 設立,
E33840,7326,ＳＢＩインシュアランスグループ株式会社,date_of_establishment,2016-12-19,date,wikidata,https://www.wikidata.org/wiki/Q97310224,Q97310224,,2026-08-15T07:57:14Z,Wikidata P571,
E33854,7320,Ｓｏｌｖｖｙ株式会社,date_of_establishment,2009,year,wikipedia,https://ja.wikipedia.org/wiki/Solvvy,,Solvvy,2026-08-15T07:57:18Z,Wikipedia infobox 設立,
E33868,6573,ＣＲＡＶＩＡ株式会社,date_of_establishment,2007-02-13,date,wikidata,https://www.wikidata.org/wiki/Q96313547,Q96313547,,2026-08-15T07:57:14Z,Wikidata P571,
E33881,6572,オープングループ株式会社,date_of_establishment,2000-04-03,date,wikidata,https://www.wikidata.org/wiki/Q107921376,Q107921376,,2026-08-15T07:57:14Z,Wikidata P571,
E33882,9272,ブティックス株式会社,date_of_establishment,2006-11-17,date,wikipedia,https://ja.wikipedia.org/wiki/%E3%83%96%E3%83%86%E3%82%A3%E3%83%83%E3%82%AF%E3%82%B9,,ブティックス,2026-08-15T07:57:18Z,Wikipedia infobox 設立,
E33910,1444,株式会社ニッソウ,date_of_establishment,1988,year,wikipedia,https://ja.wikipedia.org/wiki/%E3%83%8B%E3%83%83%E3%82%BD%E3%82%A6,,ニッソウ,2026-08-15T07:57:18Z,Wikipedia infobox 設立,
E33948,6577,株式会社ベストワンドットコム,date_of_establishment,2005-09-05,date,wikipedia,https://ja.wikipedia.org/wiki/%E3%83%99%E3%82%B9%E3%83%88%E3%83%AF%E3%83%B3%E3%83%89%E3%83%83%E3%83%88%E3%82%B3%E3%83%A0,,ベストワンドットコム,2026-08-15T07:57:18Z,Wikipedia infobox 設立,
E33957,4432,ウイングアーク１ｓｔ株式会社,date_of_establishment,2004-03-24,date,wikidata,https://www.wikidata.org/wiki/Q24876263,Q24876263,,2026-08-15T07:57:14Z,Wikidata P571,
E34018,6580,株式会社ライトアップ,date_of_establishment,2026-03,month,wikipedia,https://ja.wikipedia.org/wiki/%E3%83%A9%E3%82%A4%E3%83%88%E3%82%A2%E3%83%83%E3%83%97,,ライトアップ,2026-08-15T08:40:44Z,Wikipedia infobox 設立,
E34028,7800,株式会社アミファ,date_of_establishment,1973-10-20,date,wikidata,https://www.wikidata.org/wiki/Q17177213,Q17177213,,2026-08-15T07:57:14Z,Wikidata P571,
E34052,4388,株式会社エーアイ,date_of_establishment,2003-04-01,date,wikidata,https://www.wikidata.org/wiki/Q134349049,Q134349049,,2026-08-15T07:57:14Z,Wikidata P571,
E34053,7030,株式会社スプリックス,date_of_establishment,1997-01,month,wikidata,https://www.wikidata.org/wiki/Q17228884,Q17228884,,2026-08-15T07:57:14Z,Wikidata P571,
E34054,7806,株式会社ＭＴＧ,date_of_establishment,1996-01,month,wikipedia,https://ja.wikipedia.org/wiki/MTG%20%28%E4%BC%81%E6%A5%AD%29,,MTG (企業),2026-08-15T07:57:18Z,Wikipedia infobox 設立,
E34064,4385,株式会社メルカリ,date_of_establishment,2013-02-01,date,wikidata,https://www.wikidata.org/wiki/Q21019721,Q21019721,,2026-08-15T07:57:14Z,Wikidata P571,
E34065,6699,ダイヤモンドエレクトリックホールディングス株式会社,date_of_establishment,1940-06-17,date,wikidata,https://www.wikidata.org/wiki/Q58340975,Q58340975,,2026-08-15T07:57:14Z,Wikidata P571,
E34082,6579,ログリー株式会社,date_of_establishment,2006-05-30,date,wikidata,https://www.wikidata.org/wiki/Q107123586,Q107123586,,2026-08-15T07:57:14Z,Wikidata P571,
E34091,4395,株式会社アクリート,date_of_establishment,2014,year,wikipedia,https://ja.wikipedia.org/wiki/%E3%82%A2%E3%82%AF%E3%83%AA%E3%83%BC%E3%83%88,,アクリート,2026-08-15T07:57:18Z,Wikipedia infobox 設立,
E34094,4387,株式会社ＺＵＵ,date_of_establishment,2013,year,wikipedia,https://ja.wikipedia.org/wiki/ZUU,,ZUU,2026-08-15T07:57:18Z,Wikipedia infobox 設立,
E34095,1446,株式会社キャンディル,date_of_establishment,2014-08-07,date,wikipedia,https://ja.wikipedia.org/wiki/%E3%82%AD%E3%83%A3%E3%83%B3%E3%83%87%E3%82%A3%E3%83%AB,,キャンディル,2026-08-15T07:57:18Z,Wikipedia infobox 設立,
E34102,9278,ブックオフグループホールディングス株式会社,date_of_establishment,2018-10-01,date,wikipedia,https://ja.wikipedia.org/wiki/%E3%83%96%E3%83%83%E3%82%AF%E3%82%AA%E3%83%95%E3%82%B0%E3%83%AB%E3%83%BC%E3%83%97%E3%83%9B%E3%83%BC%E3%83%AB%E3%83%87%E3%82%A3%E3%83%B3%E3%82%B0%E3%82%B9,,ブックオフグループホールディングス,2026-08-15T08:40:44Z,Wikipedia infobox 設立,
E34111,4396,株式会社システムサポートホールディングス,date_of_establishment,1980-01-29,date,wikipedia,https://ja.wikipedia.org/wiki/%E3%82%B7%E3%82%B9%E3%83%86%E3%83%A0%E3%82%B5%E3%83%9D%E3%83%BC%E3%83%88%E3%83%9B%E3%83%BC%E3%83%AB%E3%83%87%E3%82%A3%E3%83%B3%E3%82%B0%E3%82%B9,,システムサポートホールディングス,2026-08-15T08:40:44Z,Wikipedia infobox 設立,
E34113,7327,株式会社第四北越フィナンシャルグループ,date_of_establishment,2018,year,wikipedia,https://ja.wikipedia.org/wiki/%E7%AC%AC%E5%9B%9B%E5%8C%97%E8%B6%8A%E3%83%95%E3%82%A3%E3%83%8A%E3%83%B3%E3%82%B7%E3%83%A3%E3%83%AB%E3%82%B0%E3%83%AB%E3%83%BC%E3%83%97,,第四北越フィナンシャルグループ,2026-08-15T07:57:18Z,Wikipedia infobox 設立,
E34116,4393,株式会社バンク・オブ・イノベーション,date_of_establishment,2006-01-12,date,wikidata,https://www.wikidata.org/wiki/Q119658583,Q119658583,,2026-08-15T07:57:14Z,Wikidata P571,
E34130,5699,株式会社イボキン,date_of_establishment,1984-08-01,date,wikidata,https://www.wikidata.org/wiki/Q131993170,Q131993170,,2026-08-15T07:57:14Z,Wikidata P571,
E34137,5290,株式会社ベルテクスコーポレーション,date_of_establishment,2018-10-01,date,wikidata,https://www.wikidata.org/wiki/Q56604006,Q56604006,,2026-08-15T07:57:14Z,Wikidata P571,
E34140,4394,株式会社エクスモーション,date_of_establishment,2008-09-01,date,wikidata,https://www.wikidata.org/wiki/Q96313562,Q96313562,,2026-08-15T07:57:14Z,Wikidata P571,
E34142,7033,株式会社マネジメントソリューションズ,date_of_establishment,2005,year,wikipedia,https://ja.wikipedia.org/wiki/%E3%83%9E%E3%83%8D%E3%82%B8%E3%83%A1%E3%83%B3%E3%83%88%E3%82%BD%E3%83%AA%E3%83%A5%E3%83%BC%E3%82%B7%E3%83%A7%E3%83%B3%E3%82%BA,,マネジメントソリューションズ,2026-08-15T07:57:18Z,Wikipedia infobox 設立,
E34148,7034,株式会社プロレド・パートナーズ,date_of_establishment,2008-04-23,date,wikipedia,https://ja.wikipedia.org/wiki/%E3%83%97%E3%83%AD%E3%83%AC%E3%83%89%E3%83%BB%E3%83%91%E3%83%BC%E3%83%88%E3%83%8A%E3%83%BC%E3%82%BA,,プロレド・パートナーズ,2026-08-15T07:57:18Z,Wikipedia infobox 設立,
E34165,1447,ＳＡＡＦホールディングス株式会社,date_of_establishment,2018-10-01,date,wikipedia,https://ja.wikipedia.org/wiki/SAAF%E3%83%9B%E3%83%BC%E3%83%AB%E3%83%87%E3%82%A3%E3%83%B3%E3%82%B0%E3%82%B9,,SAAFホールディングス,2026-08-15T07:57:18Z,Wikipedia infobox 設立,
E34177,3491,株式会社ＧＡ　ｔｅｃｈｎｏｌｏｇｉｅｓ,date_of_establishment,2013-03-12,date,wikipedia,https://ja.wikipedia.org/wiki/GA%20technologies,,GA technologies,2026-08-15T07:57:18Z,Wikipedia infobox 設立,
E34221,4250,株式会社フロンティア,date_of_establishment,2002,year,web_search,https://all-frontier.com/,,株式会社フロンティア site,2026-08-15T08:11:50Z,web page / search snippet 設立,
E34225,4397,株式会社チームスピリット,date_of_establishment,1996-11-13,date,wikipedia,https://ja.wikipedia.org/wiki/%E3%83%81%E3%83%BC%E3%83%A0%E3%82%B9%E3%83%94%E3%83%AA%E3%83%83%E3%83%88,,チームスピリット,2026-08-15T07:57:18Z,Wikipedia infobox 設立,
E34271,3494,株式会社マリオン,date_of_establishment,1839-08-21,date,wikidata,https://www.wikidata.org/wiki/Q575399,Q575399,,2026-08-15T08:40:42Z,Wikidata P571,
E34273,6233,ＫＬＡＳＳ株式会社,date_of_establishment,1948-10-18,date,wikidata,https://www.wikidata.org/wiki/Q123466965,Q123466965,,2026-08-15T07:57:14Z,Wikidata P571,
E34276,7037,株式会社テノ．ホールディングス,date_of_establishment,1999-07-05,date,wikidata,https://www.wikidata.org/wiki/Q27016964,Q27016964,,2026-08-15T07:57:14Z,Wikidata P571,
E34281,7325,株式会社アイリックコーポレーション,date_of_establishment,1995,year,wikipedia,https://ja.wikipedia.org/wiki/%E3%82%A2%E3%82%A4%E3%83%AA%E3%83%83%E3%82%AF%E3%82%B3%E3%83%BC%E3%83%9D%E3%83%AC%E3%83%BC%E3%82%B7%E3%83%A7%E3%83%B3,,アイリックコーポレーション,2026-08-15T07:57:18Z,Wikipedia infobox 設立,
E34285,3496,株式会社アズーム,date_of_establishment,2009-10,month,wikipedia,https://ja.wikipedia.org/wiki/%E3%82%A2%E3%82%BA%E3%83%BC%E3%83%A0,,アズーム,2026-08-15T07:57:18Z,Wikipedia infobox 設立,
E34288,4398,株式会社ブロードバンドセキュリティ,date_of_establishment,2000-11-30,date,wikipedia,https://ja.wikipedia.org/wiki/%E3%83%96%E3%83%AD%E3%83%BC%E3%83%89%E3%83%90%E3%83%B3%E3%83%89%E3%82%BB%E3%82%AD%E3%83%A5%E3%83%AA%E3%83%86%E3%82%A3,,ブロードバンドセキュリティ,2026-08-15T07:57:18Z,Wikipedia infobox 設立,
E34289,3498,霞ヶ関キャピタル株式会社,date_of_establishment,2011-09,month,wikidata,https://www.wikidata.org/wiki/Q96313574,Q96313574,,2026-08-15T07:57:14Z,Wikidata P571,
E34294,7036,株式会社イーエムネットジャパン,date_of_establishment,2007-06-15,date,wikidata,https://www.wikidata.org/wiki/Q11287860,Q11287860,,2026-08-15T07:57:14Z,Wikidata P571,
E34318,4598,ＤｅｌｔａーＦｌｙ　Ｐｈａｒｍａ株式会社,date_of_establishment,2010-12-06,date,wikipedia,https://ja.wikipedia.org/wiki/Delta-Fly%20Pharma,,Delta-Fly Pharma,2026-08-15T07:57:18Z,Wikipedia infobox 設立,
E34321,4420,イーソル株式会社,date_of_establishment,1975,year,wikidata,https://www.wikidata.org/wiki/Q135739353,Q135739353,,2026-08-15T07:57:14Z,Wikidata P571,
E34326,5571,エキサイトホールディングス株式会社,date_of_establishment,2018-07-18,date,wikipedia,https://ja.wikipedia.org/wiki/%E3%82%A8%E3%82%AD%E3%82%B5%E3%82%A4%E3%83%88%E3%83%9B%E3%83%BC%E3%83%AB%E3%83%87%E3%82%A3%E3%83%B3%E3%82%B0%E3%82%B9,,エキサイトホールディングス,2026-08-15T08:40:44Z,Wikipedia infobox 設立,
E34331,7039,ブリッジインターナショナル株式会社,date_of_establishment,2002-01-08,date,wikidata,https://www.wikidata.org/wiki/Q11334754,Q11334754,,2026-08-15T07:57:14Z,Wikidata P571,
E34336,9279,株式会社ギフトホールディングス,date_of_establishment,2009-12-07,date,wikidata,https://www.wikidata.org/wiki/Q99485714,Q99485714,,2026-08-15T07:57:14Z,Wikidata P571,
E34363,7805,プリントネット株式会社,date_of_establishment,1987-07,month,wikidata,https://www.wikidata.org/wiki/Q98381406,Q98381406,,2026-08-15T07:57:14Z,Wikidata P571,
E34454,5071,株式会社ヴィス,date_of_establishment,2020-03-25,date,wikipedia,https://ja.wikipedia.org/wiki/%E3%83%B4%E3%82%A3%E3%82%B9,,ヴィス,2026-08-15T07:57:18Z,Wikipedia infobox 設立,
E34471,1449,株式会社ＦＵＪＩジャパン,date_of_establishment,2026-12,month,web_search,https://www.fujijapan.net/,,株式会社ＦＵＪＩジャパン site,2026-08-15T08:12:30Z,web page / search snippet 設立,
E34484,7044,株式会社ピアラ,date_of_establishment,2025-06,month,web_search,https://www.piala.co.jp/,,株式会社ピアラ site,2026-08-15T08:12:32Z,web page / search snippet 設立,
E34487,7046,ＴＤＳＥ株式会社,date_of_establishment,2025-07,month,web_search,https://www.tdse.jp/,,ＴＤＳＥ株式会社 site,2026-08-15T08:12:35Z,web page / search snippet 設立,
E34497,4424,株式会社Ａｍａｚｉａ,date_of_establishment,2009-10-01,date,wikipedia,https://ja.wikipedia.org/wiki/Amazia,,Amazia,2026-08-15T07:57:18Z,Wikipedia infobox 設立,
E34499,7677,株式会社ヤシマキザイ,date_of_establishment,1948-10-28,date,wikidata,https://www.wikidata.org/wiki/Q123199055,Q123199055,,2026-08-15T07:57:14Z,Wikidata P571,
E34507,4425,Ｋｕｄａｎ株式会社,date_of_establishment,2014,year,wikipedia,https://ja.wikipedia.org/wiki/Kudan,,Kudan,2026-08-15T07:57:18Z,Wikipedia infobox 設立,
E34508,7048,ベルトラ株式会社,date_of_establishment,1991-11-13,date,wikipedia,https://ja.wikipedia.org/wiki/%E3%83%99%E3%83%AB%E3%83%88%E3%83%A9,,ベルトラ,2026-08-15T07:57:18Z,Wikipedia infobox 設立,
E34509,4428,株式会社シノプス,date_of_establishment,1987,year,wikipedia,https://ja.wikipedia.org/wiki/%E3%82%B7%E3%83%8E%E3%83%97%E3%82%B9,,シノプス,2026-08-15T07:57:18Z,Wikipedia infobox 設立,
E34513,4445,リビン・テクノロジーズ株式会社,date_of_establishment,2004-01,month,wikipedia,https://ja.wikipedia.org/wiki/%E3%83%AA%E3%83%93%E3%83%B3%E3%83%BB%E3%83%86%E3%82%AF%E3%83%8E%E3%83%AD%E3%82%B8%E3%83%BC%E3%82%BA,,リビン・テクノロジーズ,2026-08-15T07:57:18Z,Wikipedia infobox 設立,
E34514,6232,株式会社ＡＣＳＬ,date_of_establishment,2013-11-01,date,wikidata,https://www.wikidata.org/wiki/Q108377012,Q108377012,,2026-08-15T07:57:14Z,Wikidata P571,
E34537,7047,ポート株式会社,date_of_establishment,2011-04-18,date,wikipedia,https://ja.wikipedia.org/wiki/%E3%83%9D%E3%83%BC%E3%83%88%20%28%E4%BC%81%E6%A5%AD%29,,ポート (企業),2026-08-15T07:57:18Z,Wikipedia infobox 設立,
E34538,4433,株式会社ヒト・コミュニケーションズ・ホールディングス,date_of_establishment,1998-02-23,date,wikidata,https://www.wikidata.org/wiki/Q11330123,Q11330123,,2026-08-15T07:57:14Z,Wikidata P571,
E34544,4427,株式会社ＥｄｕＬａｂ,date_of_establishment,2015-03-31,date,wikidata,https://www.wikidata.org/wiki/Q96313580,Q96313580,,2026-08-15T07:57:14Z,Wikidata P571,
E34557,4479,株式会社マクアケ,date_of_establishment,2013-05-01,date,wikipedia,https://ja.wikipedia.org/wiki/Makuake,,Makuake,2026-08-15T07:57:18Z,Wikipedia infobox 設立,
E34643,4431,株式会社スマレジ,date_of_establishment,2005-05-24,date,wikidata,https://www.wikidata.org/wiki/Q97311830,Q97311830,,2026-08-15T07:57:14Z,Wikidata P571,
E34644,7673,ダイコー通産株式会社,date_of_establishment,1975-06-12,date,wikipedia,https://ja.wikipedia.org/wiki/%E3%83%80%E3%82%A4%E3%82%B3%E3%83%BC%E9%80%9A%E7%94%A3,,ダイコー通産,2026-08-15T07:57:18Z,Wikipedia infobox 設立,
E34699,7059,株式会社コプロ・ホールディングス,date_of_establishment,2006-10-02,date,wikipedia,https://ja.wikipedia.org/wiki/%E3%82%B3%E3%83%97%E3%83%AD%E3%83%BB%E3%83%9B%E3%83%BC%E3%83%AB%E3%83%87%E3%82%A3%E3%83%B3%E3%82%B0%E3%82%B9,,コプロ・ホールディングス,2026-08-15T07:57:18Z,Wikipedia infobox 設立,
E34704,7678,株式会社あさくま,date_of_establishment,1973-07,month,wikidata,https://www.wikidata.org/wiki/Q11257174,Q11257174,,2026-08-15T07:57:14Z,Wikidata P571,
E34707,2975,スター・マイカ・ホールディングス株式会社,date_of_establishment,1998-07,month,wikidata,https://www.wikidata.org/wiki/Q139342027,Q139342027,,2026-08-15T07:57:14Z,Wikidata P571,
E34716,7057,株式会社エヌ・シー・エヌ,date_of_establishment,1996,year,wikipedia,https://ja.wikipedia.org/wiki/%E3%82%A8%E3%83%8C%E3%83%BB%E3%82%B7%E3%83%BC%E3%83%BB%E3%82%A8%E3%83%8C,,エヌ・シー・エヌ,2026-08-15T07:57:18Z,Wikipedia infobox 設立,
E34720,7060,ギークス株式会社,date_of_establishment,2007-08-23,date,wikidata,https://www.wikidata.org/wiki/Q17209993,Q17209993,,2026-08-15T07:57:14Z,Wikidata P571,
E34721,4438,株式会社Ｗｅｌｂｙ,date_of_establishment,2011-09,month,wikidata,https://www.wikidata.org/wiki/Q119658344,Q119658344,,2026-08-15T07:57:14Z,Wikidata P571,
E34722,7058,共栄セキュリティーサービス株式会社,date_of_establishment,1985-05-15,date,wikidata,https://www.wikidata.org/wiki/Q132321001,Q132321001,,2026-08-15T07:57:14Z,Wikidata P571,
E34725,7062,株式会社フレアス,date_of_establishment,2002,year,wikipedia,https://ja.wikipedia.org/wiki/%E3%83%95%E3%83%AC%E3%82%A2%E3%82%B9,,フレアス,2026-08-15T08:40:44Z,Wikipedia infobox 設立,
E34729,4439,株式会社東名,date_of_establishment,1997,year,wikipedia,https://ja.wikipedia.org/wiki/%E6%9D%B1%E5%90%8D%20%28%E4%BC%81%E6%A5%AD%29,,東名 (企業),2026-08-15T07:57:18Z,Wikipedia infobox 設立,
E34739,4440,株式会社ヴィッツ,date_of_establishment,1979,year,wikidata,https://www.wikidata.org/wiki/Q769541,Q769541,,2026-08-15T08:40:42Z,Wikidata P571,
E34747,7674,株式会社ＮＡＴＴＹ　ＳＷＡＮＫＹホールディングス,date_of_establishment,2001-08,month,wikidata,https://www.wikidata.org/wiki/Q139604859,Q139604859,,2026-08-15T07:57:14Z,Wikidata P571,
E34748,7063,株式会社Ｂｉｒｄｍａｎ,date_of_establishment,2012-07-26,date,wikidata,https://www.wikidata.org/wiki/Q96313591,Q96313591,,2026-08-15T07:57:14Z,Wikidata P571,
E34754,4436,株式会社ミンカブ・ジ・インフォノイド,date_of_establishment,2006-07-07,date,wikipedia,https://ja.wikipedia.org/wiki/%E3%83%9F%E3%83%B3%E3%82%AB%E3%83%96%E3%83%BB%E3%82%B8%E3%83%BB%E3%82%A4%E3%83%B3%E3%83%95%E3%82%A9%E3%83%8E%E3%82%A4%E3%83%89,,ミンカブ・ジ・インフォノイド,2026-08-15T07:57:18Z,Wikipedia infobox 設立,
E34800,7804,株式会社ビーアンドピー,date_of_establishment,1985-10-22,date,wikidata,https://www.wikidata.org/wiki/Q132603755,Q132603755,,2026-08-15T07:57:14Z,Wikidata P571,
E34814,4441,トビラシステムズ株式会社,date_of_establishment,2006-12-01,date,wikipedia,https://ja.wikipedia.org/wiki/%E3%83%88%E3%83%93%E3%83%A9%E3%82%B7%E3%82%B9%E3%83%86%E3%83%A0%E3%82%BA,,トビラシステムズ,2026-08-15T07:57:18Z,Wikipedia infobox 設立,
E34880,4442,バルテス・ホールディングス株式会社,date_of_establishment,2004-04-19,date,wikipedia,https://ja.wikipedia.org/wiki/%E3%83%90%E3%83%AB%E3%83%86%E3%82%B9%E3%83%BB%E3%83%9B%E3%83%BC%E3%83%AB%E3%83%87%E3%82%A3%E3%83%B3%E3%82%B0%E3%82%B9,,バルテス・ホールディングス,2026-08-15T07:57:18Z,Wikipedia infobox 設立,
E34938,2976,日本グランデ株式会社,date_of_establishment,2003-04-10,date,wikipedia,https://ja.wikipedia.org/wiki/%E6%97%A5%E6%9C%AC%E3%82%B0%E3%83%A9%E3%83%B3%E3%83%87,,日本グランデ,2026-08-15T07:57:18Z,Wikipedia infobox 設立,
E34943,7679,株式会社薬王堂ホールディングス,date_of_establishment,2019-09-02,date,wikidata,https://www.wikidata.org/wiki/Q117828630,Q117828630,,2026-08-15T07:57:14Z,Wikidata P571,
E34944,2974,大英産業株式会社,date_of_establishment,1968-11-28,date,wikipedia,https://ja.wikipedia.org/wiki/%E5%A4%A7%E8%8B%B1%E7%94%A3%E6%A5%AD,,大英産業,2026-08-15T07:57:18Z,Wikipedia infobox 設立,
E34960,4443,Ｓａｎｓａｎ株式会社,date_of_establishment,2007-06-11,date,wikidata,https://www.wikidata.org/wiki/Q61056801,Q61056801,,2026-08-15T07:57:14Z,Wikidata P571,
E34965,4931,新日本製薬株式会社,date_of_establishment,1992-03-11,date,wikidata,https://www.wikidata.org/wiki/Q11502401,Q11502401,,2026-08-15T07:57:14Z,Wikidata P571,
E34973,4165,株式会社プレイド,date_of_establishment,2011,year,wikipedia,https://ja.wikipedia.org/wiki/%E3%83%97%E3%83%AC%E3%82%A4%E3%83%89%20%28%E4%BC%81%E6%A5%AD%29,,プレイド (企業),2026-08-15T07:57:18Z,Wikipedia infobox 設立,
E34975,7067,ブランディングテクノロジー株式会社,date_of_establishment,2001-08-16,date,wikipedia,https://ja.wikipedia.org/wiki/%E3%83%96%E3%83%A9%E3%83%B3%E3%83%87%E3%82%A3%E3%83%B3%E3%82%B0%E3%83%86%E3%82%AF%E3%83%8E%E3%83%AD%E3%82%B8%E3%83%BC,,ブランディングテクノロジー,2026-08-15T08:40:44Z,Wikipedia infobox 設立,
E35004,7803,株式会社ブシロード,date_of_establishment,2007,year,wikidata,https://www.wikidata.org/wiki/Q656229,Q656229,,2026-08-15T07:57:14Z,Wikidata P571,
E35028,2978,株式会社ツクルバ,date_of_establishment,2011-08,month,wikidata,https://www.wikidata.org/wiki/Q65240595,Q65240595,,2026-08-15T07:57:14Z,Wikidata P571,
E35089,7069,株式会社サイバー・バズ,date_of_establishment,2006-04-03,date,wikidata,https://www.wikidata.org/wiki/Q17224161,Q17224161,,2026-08-15T07:57:14Z,Wikidata P571,
E35116,7685,株式会社ＢｕｙＳｅｌｌ　Ｔｅｃｈｎｏｌｏｇｉｅｓ,date_of_establishment,2001-01,month,wikidata,https://www.wikidata.org/wiki/Q28686090,Q28686090,,2026-08-15T07:57:14Z,Wikidata P571,
E35117,4476,ＡＩ　ＣＲＯＳＳ株式会社,date_of_establishment,2015-03,month,wikidata,https://www.wikidata.org/wiki/Q96313608,Q96313608,,2026-08-15T07:57:14Z,Wikidata P571,
E35118,5871,ＳＯＬＩＺＥ　Ｈｏｌｄｉｎｇｓ株式会社,date_of_establishment,1990-07-27,date,wikidata,https://www.wikidata.org/wiki/Q119658423,Q119658423,,2026-08-15T07:57:14Z,Wikidata P571,
E35124,4448,株式会社ｋｕｂｅｌｌ,date_of_establishment,2000-07-15,date,wikidata,https://www.wikidata.org/wiki/Q96313605,Q96313605,,2026-08-15T07:57:14Z,Wikidata P571,
E35125,7682,株式会社浜木綿,date_of_establishment,1968,year,wikipedia,https://ja.wikipedia.org/wiki/%E6%B5%9C%E6%9C%A8%E7%B6%BF%20%28%E4%B8%AD%E5%9B%BD%E6%96%99%E7%90%86%E3%83%AC%E3%82%B9%E3%83%88%E3%83%A9%E3%83%B3%29,,浜木綿 (中国料理レストラン),2026-08-15T07:57:18Z,Wikipedia infobox 設立,
E35136,4691,ワシントンホテル株式会社,date_of_establishment,1961-05-11,date,wikidata,https://www.wikidata.org/wiki/Q11351354,Q11351354,,2026-08-15T07:57:14Z,Wikidata P571,
E35139,7081,コーユーレンティア株式会社,date_of_establishment,1970-10-02,date,wikidata,https://www.wikidata.org/wiki/Q11484309,Q11484309,,2026-08-15T07:57:14Z,Wikidata P571,
E35140,7071,株式会社アンビスホールディングス,date_of_establishment,2013,year,wikipedia,https://ja.wikipedia.org/wiki/%E3%82%A2%E3%83%B3%E3%83%93%E3%82%B9%E3%83%9B%E3%83%BC%E3%83%AB%E3%83%87%E3%82%A3%E3%83%B3%E3%82%B0%E3%82%B9,,アンビスホールディングス,2026-08-15T07:57:18Z,Wikipedia infobox 設立,
E35144,2983,株式会社アールプランナー,date_of_establishment,2026-09-15,date,web_search,https://www.arrplanner.co.jp/,,株式会社アールプランナー site,2026-08-15T08:12:52Z,web page / search snippet 設立,
E35150,4475,ＨＥＮＮＧＥ株式会社,date_of_establishment,1996-11-05,date,wikidata,https://www.wikidata.org/wiki/Q96313609,Q96313609,,2026-08-15T07:57:14Z,Wikidata P571,
E35153,2980,ＳＲＥホールディングス株式会社,date_of_establishment,2014-04-14,date,wikidata,https://www.wikidata.org/wiki/Q18339171,Q18339171,,2026-08-15T07:57:14Z,Wikidata P571,
E35157,7072,株式会社インティメート・マージャー,date_of_establishment,2013-06-24,date,wikidata,https://www.wikidata.org/wiki/Q96313610,Q96313610,,2026-08-15T07:57:14Z,Wikidata P571,
E35169,4880,セルソース株式会社,date_of_establishment,2015-11,month,wikipedia,https://ja.wikipedia.org/wiki/%E3%82%BB%E3%83%AB%E3%82%BD%E3%83%BC%E3%82%B9,,セルソース,2026-08-15T07:57:18Z,Wikipedia infobox 設立,
E35234,2999,ホームポジション株式会社,date_of_establishment,1989,year,wikipedia,https://ja.wikipedia.org/wiki/%E3%83%9B%E3%83%BC%E3%83%A0%E3%83%9D%E3%82%B8%E3%82%B7%E3%83%A7%E3%83%B3%20%28%E4%BC%81%E6%A5%AD%29,,ホームポジション (企業),2026-08-15T07:57:18Z,Wikipedia infobox 設立,
E35250,7083,ＡＨＣグループ株式会社,date_of_establishment,2026-11,month,web_search,https://ahc.co.jp/,,ＡＨＣグループ株式会社 site,2026-08-15T08:13:00Z,web page / search snippet 設立,
E35278,4490,株式会社ビザスク,date_of_establishment,2025-12,month,web_search,https://visasq.co.jp/,,株式会社ビザスク site,2026-08-15T08:13:01Z,web page / search snippet 設立,
E35284,4482,株式会社ウィルズ,date_of_establishment,1949,year,wikidata,https://www.wikidata.org/wiki/Q2973906,Q2973906,,2026-08-15T08:40:42Z,Wikidata P571,
E35287,4484,ランサーズ株式会社,date_of_establishment,2008-04,month,wikidata,https://www.wikidata.org/wiki/Q11347513,Q11347513,,2026-08-15T07:57:14Z,Wikidata P571,
E35288,7077,株式会社ＡＬｉＮＫインターネット,date_of_establishment,2013-03-15,date,wikidata,https://www.wikidata.org/wiki/Q96313615,Q96313615,,2026-08-15T07:57:14Z,Wikidata P571,
E35289,7082,株式会社ジモティー,date_of_establishment,2011-02-16,date,wikidata,https://www.wikidata.org/wiki/Q114602203,Q114602203,,2026-08-15T07:57:14Z,Wikidata P571,
E35303,2981,株式会社ランディックス,date_of_establishment,2001-02,month,wikipedia,https://ja.wikipedia.org/wiki/%E3%83%A9%E3%83%B3%E3%83%87%E3%82%A3%E3%83%83%E3%82%AF%E3%82%B9,,ランディックス,2026-08-15T07:57:18Z,Wikipedia infobox 設立,
E35323,7080,株式会社スポーツフィールド,date_of_establishment,2010-01,month,wikidata,https://www.wikidata.org/wiki/Q30934567,Q30934567,,2026-08-15T07:57:14Z,Wikidata P571,
E35325,4478,フリー株式会社,date_of_establishment,2012-07,month,wikidata,https://www.wikidata.org/wiki/Q18455557,Q18455557,,2026-08-15T07:57:14Z,Wikidata P571,
E35330,4487,株式会社スペースマーケット,date_of_establishment,2014-01-08,date,wikipedia,https://ja.wikipedia.org/wiki/%E3%82%B9%E3%83%9A%E3%83%BC%E3%82%B9%E3%83%9E%E3%83%BC%E3%82%B1%E3%83%83%E3%83%88,,スペースマーケット,2026-08-15T07:57:18Z,Wikipedia infobox 設立,
E35334,7686,株式会社ひとまいる,date_of_establishment,1982-06-15,date,wikidata,https://www.wikidata.org/wiki/Q11293990,Q11293990,,2026-08-15T07:57:14Z,Wikidata P571,
E35335,7079,ＷＤＢココ株式会社,date_of_establishment,1984,year,wikipedia,https://ja.wikipedia.org/wiki/WDB%E3%82%B3%E3%82%B3,,WDBココ,2026-08-15T07:57:18Z,Wikipedia infobox 設立,
E35340,2982,株式会社ＡＤワークスグループ,date_of_establishment,1936-05-05,date,wikidata,https://www.wikidata.org/wiki/Q38278267,Q38278267,,2026-08-15T07:57:14Z,Wikidata P571,
E35344,7075,株式会社ＱＬＳホールディングス,date_of_establishment,2019-02,month,wikidata,https://www.wikidata.org/wiki/Q96312726,Q96312726,,2026-08-15T07:57:14Z,Wikidata P571,
E35345,4488,ＡＩ　ｉｎｓｉｄｅ株式会社,date_of_establishment,2015-08-03,date,wikipedia,https://ja.wikipedia.org/wiki/AI%20inside,,AI inside,2026-08-15T07:57:18Z,Wikipedia infobox 設立,
E35354,4493,株式会社サイバーセキュリティクラウド,date_of_establishment,2010-08-11,date,wikipedia,https://ja.wikipedia.org/wiki/%E3%82%B5%E3%82%A4%E3%83%90%E3%83%BC%E3%82%BB%E3%82%AD%E3%83%A5%E3%83%AA%E3%83%86%E3%82%A3%E3%82%AF%E3%83%A9%E3%82%A6%E3%83%89,,サイバーセキュリティクラウド,2026-08-15T07:57:18Z,Wikipedia infobox 設立,
E35470,7087,株式会社ウイルテック,date_of_establishment,1992-04-01,date,wikidata,https://www.wikidata.org/wiki/Q38276875,Q38276875,,2026-08-15T07:57:14Z,Wikidata P571,
E35483,7089,フォースタートアップス株式会社,date_of_establishment,2016-09-01,date,wikipedia,https://ja.wikipedia.org/wiki/%E3%83%95%E3%82%A9%E3%83%BC%E3%82%B9%E3%82%BF%E3%83%BC%E3%83%88%E3%82%A2%E3%83%83%E3%83%97%E3%82%B9,,フォースタートアップス,2026-08-15T08:40:44Z,Wikipedia infobox 設立,
E35489,7084,株式会社Ｓｍｉｌｅ　Ｈｏｌｄｉｎｇｓ,date_of_establishment,2018-04-02,date,wikidata,https://www.wikidata.org/wiki/Q128435527,Q128435527,,2026-08-15T07:57:14Z,Wikidata P571,
E35493,9326,関通ホールディングス株式会社,date_of_establishment,1986-04-28,date,wikipedia,https://ja.wikipedia.org/wiki/%E9%96%A2%E9%80%9A%E3%83%9B%E3%83%BC%E3%83%AB%E3%83%87%E3%82%A3%E3%83%B3%E3%82%B0%E3%82%B9,,関通ホールディングス,2026-08-15T07:57:18Z,Wikipedia infobox 設立,
E35497,5368,日本インシュレーション株式会社,date_of_establishment,1949-01-14,date,wikidata,https://www.wikidata.org/wiki/Q11506257,Q11506257,,2026-08-15T07:57:14Z,Wikidata P571,
E35504,4492,株式会社ゼネテック,date_of_establishment,1985-07-01,date,wikipedia,https://ja.wikipedia.org/wiki/%E3%82%BC%E3%83%8D%E3%83%86%E3%83%83%E3%82%AF,,ゼネテック,2026-08-15T07:57:18Z,Wikipedia infobox 設立,
E35510,4882,株式会社ペルセウスプロテオミクス,date_of_establishment,2001-02-01,date,wikipedia,https://ja.wikipedia.org/wiki/%E3%83%9A%E3%83%AB%E3%82%BB%E3%82%A6%E3%82%B9%E3%83%97%E3%83%AD%E3%83%86%E3%82%AA%E3%83%9F%E3%82%AF%E3%82%B9,,ペルセウスプロテオミクス,2026-08-15T07:57:18Z,Wikipedia infobox 設立,
E35516,4498,サイバートラスト株式会社,date_of_establishment,1995-09-19,date,wikidata,https://www.wikidata.org/wiki/Q5197864,Q5197864,,2026-08-15T07:57:14Z,Wikidata P571,
E35534,7095,株式会社Ｍａｃｂｅｅ　Ｐｌａｎｅｔ,date_of_establishment,2015,year,wikipedia,https://ja.wikipedia.org/wiki/Macbee%20Planet,,Macbee Planet,2026-08-15T07:57:18Z,Wikipedia infobox 設立,
E35554,7689,株式会社コパ・コーポレーション,date_of_establishment,1998-10-21,date,wikidata,https://www.wikidata.org/wiki/Q124037792,Q124037792,,2026-08-15T07:57:14Z,Wikidata P571,
E35562,7094,株式会社ＮｅｘＴｏｎｅ,date_of_establishment,2000-09,month,wikidata,https://www.wikidata.org/wiki/Q11287996,Q11287996,,2026-08-15T07:57:14Z,Wikidata P571,
E35563,7096,株式会社ステムセル研究所,date_of_establishment,1999-08-05,date,wikidata,https://www.wikidata.org/wiki/Q27017050,Q27017050,,2026-08-15T07:57:14Z,Wikidata P571,
E35568,4932,株式会社アルマード,date_of_establishment,2000-10-18,date,wikipedia,https://ja.wikipedia.org/wiki/%E3%82%A2%E3%83%AB%E3%83%9E%E3%83%BC%E3%83%89,,アルマード,2026-08-15T07:57:18Z,Wikipedia infobox 設立,
E35578,4495,株式会社アイキューブドシステムズ,date_of_establishment,2001,year,wikipedia,https://ja.wikipedia.org/wiki/%E3%82%A2%E3%82%A4%E3%82%AD%E3%83%A5%E3%83%BC%E3%83%96%E3%83%89%E3%82%B7%E3%82%B9%E3%83%86%E3%83%A0%E3%82%BA,,アイキューブドシステムズ,2026-08-15T07:57:18Z,Wikipedia infobox 設立,
E35587,6230,ＳＡＮＥＩ株式会社,date_of_establishment,1960-12-21,date,wikipedia,https://ja.wikipedia.org/wiki/SANEI,,SANEI,2026-08-15T07:57:18Z,Wikipedia infobox 設立,
E35614,2991,株式会社ランドネット,date_of_establishment,1999-09-29,date,wikipedia,https://ja.wikipedia.org/wiki/%E3%83%A9%E3%83%B3%E3%83%89%E3%83%8D%E3%83%83%E3%83%88%20%28%E4%BC%81%E6%A5%AD%29,,ランドネット (企業),2026-08-15T07:57:18Z,Wikipedia infobox 設立,
E35631,2986,株式会社ＬＡホールディングス,date_of_establishment,1990-12-15,date,wikidata,https://www.wikidata.org/wiki/Q11347681,Q11347681,,2026-08-15T07:57:14Z,Wikidata P571,
E35632,4499,株式会社Ｓｐｅｅｅ,date_of_establishment,2007-11,month,wikidata,https://www.wikidata.org/wiki/Q20045144,Q20045144,,2026-08-15T07:57:14Z,Wikidata P571,
E35766,7695,株式会社交換できるくん,date_of_establishment,2026,year,web_search,https://www.sunrefre.jp/,,株式会社交換できるくん site,2026-08-15T08:13:22Z,web page / search snippet 設立,
E35767,7352,株式会社ＴＷＯＳＴＯＮＥ＆Ｓｏｎｓ,date_of_establishment,2013-10-02,date,wikidata,https://www.wikidata.org/wiki/Q56348545,Q56348545,,2026-08-15T07:57:14Z,Wikidata P571,
E35790,7353,ＫＩＹＯラーニング株式会社,date_of_establishment,2010-01-04,date,wikipedia,https://ja.wikipedia.org/wiki/KIYO%E3%83%A9%E3%83%BC%E3%83%8B%E3%83%B3%E3%82%B0,,KIYOラーニング,2026-08-15T07:57:18Z,Wikipedia infobox 設立,
E35797,9223,株式会社ＡＳＮＯＶＡ,date_of_establishment,2013-12-24,date,wikidata,https://www.wikidata.org/wiki/Q123678114,Q123678114,,2026-08-15T07:57:14Z,Wikidata P571,
E35810,7337,株式会社ひろぎんホールディングス,date_of_establishment,2020,year,wikipedia,https://ja.wikipedia.org/wiki/%E3%81%B2%E3%82%8D%E3%81%8E%E3%82%93%E3%83%9B%E3%83%BC%E3%83%AB%E3%83%87%E3%82%A3%E3%83%B3%E3%82%B0%E3%82%B9,,ひろぎんホールディングス,2026-08-15T07:57:18Z,Wikipedia infobox 設立,
E35821,4054,日本情報クリエイト株式会社,date_of_establishment,1994-08-01,date,wikipedia,https://ja.wikipedia.org/wiki/%E6%97%A5%E6%9C%AC%E6%83%85%E5%A0%B1%E3%82%AF%E3%83%AA%E3%82%A8%E3%82%A4%E3%83%88,,日本情報クリエイト,2026-08-15T08:40:44Z,Wikipedia infobox 設立,
E35824,4055,ティアンドエスグループ株式会社,date_of_establishment,2016-11-01,date,wikipedia,https://ja.wikipedia.org/wiki/%E3%83%86%E3%82%A3%E3%82%A2%E3%83%B3%E3%83%89%E3%82%A8%E3%82%B9%E3%82%B0%E3%83%AB%E3%83%BC%E3%83%97,,ティアンドエスグループ,2026-08-15T07:57:18Z,Wikipedia infobox 設立,
E35827,4053,株式会社Ｓｕｎ　Ａｓｔｅｒｉｓｋ,date_of_establishment,2013,year,wikipedia,https://ja.wikipedia.org/wiki/Sun%20Asterisk,,Sun Asterisk,2026-08-15T07:57:18Z,Wikipedia infobox 設立,
E35841,4056,ニューラルグループ株式会社,date_of_establishment,2018-01-22,date,wikipedia,https://ja.wikipedia.org/wiki/%E3%83%8B%E3%83%A5%E3%83%BC%E3%83%A9%E3%83%AB%E3%82%B0%E3%83%AB%E3%83%BC%E3%83%97,,ニューラルグループ,2026-08-15T07:57:18Z,Wikipedia infobox 設立,
E35908,7358,株式会社ポピンズ,date_of_establishment,2020-09,month,wikipedia,https://ja.wikipedia.org/wiki/%E3%83%9D%E3%83%94%E3%83%B3%E3%82%BA%20%28%E3%82%A2%E3%82%A4%E3%83%89%E3%83%AB%E3%82%B0%E3%83%AB%E3%83%BC%E3%83%97%29,,ポピンズ (アイドルグループ),2026-08-15T08:40:44Z,Wikipedia infobox 設立,
E35911,4058,トヨクモ株式会社,date_of_establishment,2010-08,month,wikidata,https://www.wikidata.org/wiki/Q17224211,Q17224211,,2026-08-15T07:57:14Z,Wikidata P571,
E35928,4933,株式会社Ｉ－ｎｅ,date_of_establishment,2007,year,wikipedia,https://ja.wikipedia.org/wiki/I-ne,,I-ne,2026-08-15T07:57:18Z,Wikipedia infobox 設立,
E35930,4060,ｒａｋｕｍｏ株式会社,date_of_establishment,2004,year,wikipedia,https://ja.wikipedia.org/wiki/Rakumo,,Rakumo,2026-08-15T07:57:18Z,Wikipedia infobox 設立,
E35932,7692,株式会社アースインフィニティ,date_of_establishment,2002-07-18,date,wikipedia,https://ja.wikipedia.org/wiki/%E3%82%A2%E3%83%BC%E3%82%B9%E3%82%A4%E3%83%B3%E3%83%95%E3%82%A3%E3%83%8B%E3%83%86%E3%82%A3,,アースインフィニティ,2026-08-15T07:57:18Z,Wikipedia infobox 設立,
E35945,4059,株式会社まぐまぐ,date_of_establishment,1999-01,month,wikidata,https://www.wikidata.org/wiki/Q11278197,Q11278197,,2026-08-15T07:57:14Z,Wikidata P571,
E35959,4012,株式会社アクシス,date_of_establishment,1988,year,wikidata,https://www.wikidata.org/wiki/Q311718,Q311718,,2026-08-15T08:40:42Z,Wikidata P571,
E35967,4013,勤次郎株式会社,date_of_establishment,1981-04,month,wikidata,https://www.wikidata.org/wiki/Q106035526,Q106035526,,2026-08-15T07:57:14Z,Wikidata P571,
E35993,7356,Ｒｅｔｔｙ株式会社,date_of_establishment,2010-11-15,date,wikidata,https://www.wikidata.org/wiki/Q115035752,Q115035752,,2026-08-15T07:57:14Z,Wikidata P571,
E36002,4172,Ｈｉクラテス株式会社,date_of_establishment,1978-03-01,date,wikidata,https://www.wikidata.org/wiki/Q102378714,Q102378714,,2026-08-15T07:57:14Z,Wikidata P571,
E36031,7790,株式会社バルコス,date_of_establishment,1991-05-01,date,wikidata,https://www.wikidata.org/wiki/Q18338898,Q18338898,,2026-08-15T07:57:14Z,Wikidata P571,
E36046,4934,プレミアアンチエイジング株式会社,date_of_establishment,2009,year,wikipedia,https://ja.wikipedia.org/wiki/%E3%83%97%E3%83%AC%E3%83%9F%E3%82%A2%E3%82%A2%E3%83%B3%E3%83%81%E3%82%A8%E3%82%A4%E3%82%B8%E3%83%B3%E3%82%B0,,プレミアアンチエイジング,2026-08-15T07:57:18Z,Wikipedia infobox 設立,
E36070,4015,ペイクラウドホールディングス株式会社,date_of_establishment,2006-08,month,wikidata,https://www.wikidata.org/wiki/Q11349867,Q11349867,,2026-08-15T07:57:14Z,Wikidata P571,
E36078,7357,株式会社ジオコード,date_of_establishment,2005-02-14,date,wikidata,https://www.wikidata.org/wiki/Q17211162,Q17211162,,2026-08-15T07:57:14Z,Wikidata P571,
E36086,4167,株式会社ココペリ,date_of_establishment,2014-05,month,wikipedia,https://ja.wikipedia.org/wiki/%E3%82%B3%E3%82%B3%E3%83%9A%E3%83%AA,,ココペリ,2026-08-15T08:40:44Z,Wikipedia infobox 設立,
E36091,6612,バルミューダ株式会社,date_of_establishment,2003-03,month,wikidata,https://www.wikidata.org/wiki/Q17222008,Q17222008,,2026-08-15T07:57:14Z,Wikidata P571,
E36098,6229,株式会社オーケーエム,date_of_establishment,1962-05-31,date,wikipedia,https://ja.wikipedia.org/wiki/%E3%82%AA%E3%83%BC%E3%82%B1%E3%83%BC%E3%82%A8%E3%83%A0,,オーケーエム,2026-08-15T07:57:18Z,Wikipedia infobox 設立,
E36102,1786,オリエンタル白石株式会社,date_of_establishment,1952-10-21,date,wikidata,https://www.wikidata.org/wiki/Q11292569,Q11292569,,2026-08-15T07:57:14Z,Wikidata P571,
E36129,4884,クリングルファーマ株式会社,date_of_establishment,2001,year,wikidata,https://www.wikidata.org/wiki/Q104480918,Q104480918,,2026-08-15T07:57:14Z,Wikidata P571,
E36130,4169,ＥＮＥＣＨＡＮＧＥ株式会社,date_of_establishment,2015-04-27,date,wikipedia,https://ja.wikipedia.org/wiki/ENECHANGE,,ENECHANGE,2026-08-15T07:57:18Z,Wikipedia infobox 設立,
E36132,7360,株式会社オンデック,date_of_establishment,2007-12-28,date,wikipedia,https://ja.wikipedia.org/wiki/%E3%82%AA%E3%83%B3%E3%83%87%E3%83%83%E3%82%AF,,オンデック,2026-08-15T07:57:18Z,Wikipedia infobox 設立,
E36133,4935,株式会社リベルタ,date_of_establishment,1976-12-21,date,wikidata,https://www.wikidata.org/wiki/Q3831745,Q3831745,,2026-08-15T08:40:42Z,Wikidata P571,
E36140,9145,株式会社ビーイングホールディングス,date_of_establishment,1986-09-17,date,wikidata,https://www.wikidata.org/wiki/Q131566838,Q131566838,,2026-08-15T07:57:14Z,Wikidata P571,
E36172,4171,株式会社グローバルインフォメーション,date_of_establishment,1995-01,month,wikipedia,https://ja.wikipedia.org/wiki/%E3%82%B0%E3%83%AD%E3%83%BC%E3%83%90%E3%83%AB%E3%82%A4%E3%83%B3%E3%83%95%E3%82%A9%E3%83%A1%E3%83%BC%E3%82%B7%E3%83%A7%E3%83%B3,,グローバルインフォメーション,2026-08-15T07:57:18Z,Wikipedia infobox 設立,
E36173,7359,株式会社東京通信グループ,date_of_establishment,2026-12,month,web_search,https://tokyo-tsushin.com/,,株式会社東京通信グループ site,2026-08-15T08:13:48Z,web page / search snippet 設立,
E36190,4887,サワイグループホールディングス株式会社,date_of_establishment,2021-04-01,date,wikidata,https://www.wikidata.org/wiki/Q121504379,Q121504379,,2026-08-15T07:57:14Z,Wikidata P571,
E36223,9248,人・夢・技術グループ株式会社,date_of_establishment,2021-10-01,date,wikipedia,https://ja.wikipedia.org/wiki/%E4%BA%BA%E3%83%BB%E5%A4%A2%E3%83%BB%E6%8A%80%E8%A1%93%E3%82%B0%E3%83%AB%E3%83%BC%E3%83%97,,人・夢・技術グループ,2026-08-15T07:57:18Z,Wikipedia infobox 設立,
E36261,4193,株式会社ファブリカホールディングス,date_of_establishment,1994-11,month,wikidata,https://www.wikidata.org/wiki/Q11332017,Q11332017,,2026-08-15T07:57:14Z,Wikidata P571,
E36321,4936,株式会社アクシージア,date_of_establishment,2011-12-21,date,wikidata,https://www.wikidata.org/wiki/Q107745672,Q107745672,,2026-08-15T07:57:14Z,Wikidata P571,
E36322,4175,株式会社ｃｏｌｙ,date_of_establishment,2014-02-03,date,wikidata,https://www.wikidata.org/wiki/Q94999785,Q94999785,,2026-08-15T07:57:14Z,Wikidata P571,
E36351,4176,株式会社ココナラ,date_of_establishment,2012-01-04,date,wikidata,https://www.wikidata.org/wiki/Q17991276,Q17991276,,2026-08-15T07:57:14Z,Wikidata P571,
E36367,7374,株式会社コンフィデンス・インターワークス,date_of_establishment,2014-08,month,wikidata,https://www.wikidata.org/wiki/Q118696225,Q118696225,,2026-08-15T07:57:14Z,Wikidata P571,
E36368,6614,株式会社シキノハイテック,date_of_establishment,1975-01-29,date,wikidata,https://www.wikidata.org/wiki/Q11307074,Q11307074,,2026-08-15T07:57:14Z,Wikidata P571,
E36393,9346,株式会社ココルポート,date_of_establishment,2012-01-05,date,wikidata,https://www.wikidata.org/wiki/Q28686723,Q28686723,,2026-08-15T07:57:14Z,Wikidata P571,
E36406,7343,ブロードマインド株式会社,date_of_establishment,1988-04-17,date,wikipedia,https://ja.wikipedia.org/wiki/%E3%83%96%E3%83%AD%E3%83%BC%E3%83%89%E3%83%9E%E3%82%A4%E3%83%B3%E3%83%89,,ブロードマインド,2026-08-15T08:40:44Z,Wikipedia infobox 設立,
E36421,9235,売れるネット広告社グループ株式会社,date_of_establishment,2010-01-20,date,wikipedia,https://ja.wikipedia.org/wiki/%E5%A3%B2%E3%82%8C%E3%82%8B%E3%83%8D%E3%83%83%E3%83%88%E5%BA%83%E5%91%8A%E7%A4%BE%E3%82%B0%E3%83%AB%E3%83%BC%E3%83%97,,売れるネット広告社グループ,2026-08-15T07:57:18Z,Wikipedia infobox 設立,
E36431,7363,株式会社ベビーカレンダー,date_of_establishment,1991-04-05,date,wikidata,https://www.wikidata.org/wiki/Q124017419,Q124017419,,2026-08-15T07:57:14Z,Wikidata P571,
E36435,7698,株式会社アイスコ,date_of_establishment,1948-05,month,wikidata,https://www.wikidata.org/wiki/Q20042871,Q20042871,,2026-08-15T07:57:14Z,Wikidata P571,
E36460,4072,株式会社電算システムホールディングス,date_of_establishment,2021-07-01,date,wikipedia,https://ja.wikipedia.org/wiki/%E9%9B%BB%E7%AE%97%E3%82%B7%E3%82%B9%E3%83%86%E3%83%A0%E3%83%9B%E3%83%BC%E3%83%AB%E3%83%87%E3%82%A3%E3%83%B3%E3%82%B0%E3%82%B9,,電算システムホールディングス,2026-08-15T07:57:18Z,Wikipedia infobox 設立,
E36464,7368,表示灯株式会社,date_of_establishment,1967-02-21,date,wikidata,https://www.wikidata.org/wiki/Q11626467,Q11626467,,2026-08-15T07:57:14Z,Wikidata P571,
E36466,2933,株式会社紀文食品,date_of_establishment,1947-09-26,date,wikidata,https://www.wikidata.org/wiki/Q11605066,Q11605066,,2026-08-15T07:57:14Z,Wikidata P571,
E36484,4194,ビジョナル株式会社,date_of_establishment,2007-08,month,wikipedia,https://ja.wikipedia.org/wiki/%E3%83%93%E3%82%B8%E3%83%A7%E3%83%8A%E3%83%AB,,ビジョナル,2026-08-15T08:40:44Z,Wikipedia infobox 設立,
E36627,7791,ドリームベッド株式会社,date_of_establishment,1957-07-01,date,wikidata,https://www.wikidata.org/wiki/Q133119978,Q133119978,,2026-08-15T07:57:14Z,Wikidata P571,
E36638,7370,株式会社Ｅｎｊｉｎ,date_of_establishment,2007,year,wikidata,https://www.wikidata.org/wiki/Q11198358,Q11198358,,2026-08-15T07:57:14Z,Wikidata P571,
E36648,7373,株式会社アイドマ・ホールディングス,date_of_establishment,2008,year,wikipedia,https://ja.wikipedia.org/wiki/%E3%82%A2%E3%82%A4%E3%83%89%E3%83%9E%E3%83%BB%E3%83%9B%E3%83%BC%E3%83%AB%E3%83%87%E3%82%A3%E3%83%B3%E3%82%B0%E3%82%B9,,アイドマ・ホールディングス,2026-08-15T08:40:44Z,Wikipedia infobox 設立,
E36657,7318,セレンディップ・ホールディングス株式会社,date_of_establishment,2006,year,wikipedia,https://ja.wikipedia.org/wiki/%E3%82%BB%E3%83%AC%E3%83%B3%E3%83%87%E3%82%A3%E3%83%83%E3%83%97%E3%83%BB%E3%83%9B%E3%83%BC%E3%83%AB%E3%83%87%E3%82%A3%E3%83%B3%E3%82%B0%E3%82%B9,,セレンディップ・ホールディングス,2026-08-15T08:40:44Z,Wikipedia infobox 設立,
E36658,7126,グローバルスタイル株式会社,date_of_establishment,1949-04-26,date,wikipedia,https://ja.wikipedia.org/wiki/%E3%82%B0%E3%83%AD%E3%83%BC%E3%83%90%E3%83%AB%E3%82%B9%E3%82%BF%E3%82%A4%E3%83%AB,,グローバルスタイル,2026-08-15T07:57:18Z,Wikipedia infobox 設立,
E36659,4068,ベイシス株式会社,date_of_establishment,2000-07-19,date,wikipedia,https://ja.wikipedia.org/wiki/%E3%83%99%E3%82%A4%E3%82%B7%E3%82%B9%20%28%E3%82%A4%E3%83%B3%E3%83%95%E3%83%A9%29,,ベイシス (インフラ),2026-08-15T07:57:18Z,Wikipedia infobox 設立,
E36661,4199,ワンダープラネット株式会社,date_of_establishment,2012-09-03,date,wikidata,https://www.wikidata.org/wiki/Q55708732,Q55708732,,2026-08-15T07:57:14Z,Wikidata P571,
E36700,7381,株式会社ＣＣＩグループ,date_of_establishment,2021-10-01,date,wikipedia,https://ja.wikipedia.org/wiki/CCI%E3%82%B0%E3%83%AB%E3%83%BC%E3%83%97,,CCIグループ,2026-08-15T07:57:18Z,Wikipedia infobox 設立,
E36703,7380,株式会社十六フィナンシャルグループ,date_of_establishment,2021-10-01,date,wikipedia,https://ja.wikipedia.org/wiki/%E5%8D%81%E5%85%AD%E3%83%95%E3%82%A3%E3%83%8A%E3%83%B3%E3%82%B7%E3%83%A3%E3%83%AB%E3%82%B0%E3%83%AB%E3%83%BC%E3%83%97,,十六フィナンシャルグループ,2026-08-15T07:57:18Z,Wikipedia infobox 設立,
E36706,9147,ＮＩＰＰＯＮ　ＥＸＰＲＥＳＳホールディングス株式会社,date_of_establishment,2022-01-04,date,wikidata,https://www.wikidata.org/wiki/Q113693662,Q113693662,,2026-08-15T07:57:14Z,Wikidata P571,
E36707,7128,ユニソルホールディングス株式会社,date_of_establishment,2021-10-01,date,wikidata,https://www.wikidata.org/wiki/Q109594885,Q109594885,,2026-08-15T07:57:14Z,Wikidata P571,
E36711,9240,株式会社デリバリーコンサルティング,date_of_establishment,2003,year,wikipedia,https://ja.wikipedia.org/wiki/%E3%83%87%E3%83%AA%E3%83%90%E3%83%AA%E3%83%BC%E3%82%B3%E3%83%B3%E3%82%B5%E3%83%AB%E3%83%86%E3%82%A3%E3%83%B3%E3%82%B0,,デリバリーコンサルティング,2026-08-15T07:57:18Z,Wikipedia infobox 設立,
E36723,5076,インフロニア・ホールディングス株式会社,date_of_establishment,2021-10-01,date,wikidata,https://www.wikidata.org/wiki/Q109600021,Q109600021,,2026-08-15T07:57:14Z,Wikidata P571,
E36730,7350,株式会社おきなわフィナンシャルグループ,date_of_establishment,2021-10-01,date,wikipedia,https://ja.wikipedia.org/wiki/%E3%81%8A%E3%81%8D%E3%81%AA%E3%82%8F%E3%83%95%E3%82%A3%E3%83%8A%E3%83%B3%E3%82%B7%E3%83%A3%E3%83%AB%E3%82%B0%E3%83%AB%E3%83%BC%E3%83%97,,おきなわフィナンシャルグループ,2026-08-15T07:57:18Z,Wikipedia infobox 設立,
E36733,4376,株式会社くふうカンパニーホールディングス,date_of_establishment,2021-10-01,date,wikidata,https://www.wikidata.org/wiki/Q56449476,Q56449476,,2026-08-15T07:57:14Z,Wikidata P571,
E36750,6227,ＡＩメカテック株式会社,date_of_establishment,2016-07-01,date,wikidata,https://www.wikidata.org/wiki/Q134913417,Q134913417,,2026-08-15T07:57:14Z,Wikidata P571,
E36756,7130,ヤマエグループホールディングス株式会社,date_of_establishment,1950-04-27,date,wikidata,https://www.wikidata.org/wiki/Q11345109,Q11345109,,2026-08-15T07:57:14Z,Wikidata P571,
E36769,4360,株式会社マナック・ケミカル・パートナーズ,date_of_establishment,2021-10-01,date,wikipedia,https://ja.wikipedia.org/wiki/%E3%83%9E%E3%83%8A%E3%83%83%E3%82%AF%E3%83%BB%E3%82%B1%E3%83%9F%E3%82%AB%E3%83%AB%E3%83%BB%E3%83%91%E3%83%BC%E3%83%88%E3%83%8A%E3%83%BC%E3%82%BA,,マナック・ケミカル・パートナーズ,2026-08-15T08:40:44Z,Wikipedia infobox 設立,
E36795,4370,モビルス株式会社,date_of_establishment,2011-09-16,date,wikipedia,https://ja.wikipedia.org/wiki/%E3%83%A2%E3%83%93%E3%83%AB%E3%82%B9,,モビルス,2026-08-15T07:57:18Z,Wikipedia infobox 設立,
E36801,9241,株式会社フューチャーリンクネットワーク,date_of_establishment,2000-03-02,date,wikipedia,https://ja.wikipedia.org/wiki/%E3%81%BE%E3%81%84%E3%81%B7%E3%82%8C,,まいぷれ,2026-08-15T07:57:18Z,Wikipedia infobox 設立,
E36825,4889,株式会社レナサイエンス,date_of_establishment,2000,year,wikipedia,https://ja.wikipedia.org/wiki/%E3%83%AC%E3%83%8A%E3%82%B5%E3%82%A4%E3%82%A8%E3%83%B3%E3%82%B9,,レナサイエンス,2026-08-15T07:57:18Z,Wikipedia infobox 設立,
E36844,5858,株式会社ＳＴＧ,date_of_establishment,1982-06-21,date,wikidata,https://www.wikidata.org/wiki/Q124624454,Q124624454,,2026-08-15T07:57:14Z,Wikidata P571,
E36859,4264,株式会社セキュア,date_of_establishment,2002-10-16,date,wikipedia,https://ja.wikipedia.org/wiki/%E3%82%BB%E3%82%AD%E3%83%A5%E3%82%A2,,セキュア,2026-08-15T08:40:44Z,Wikipedia infobox 設立,
E36860,6522,株式会社アスタリスク,date_of_establishment,2011-04,month,wikidata,https://www.wikidata.org/wiki/Q11283454,Q11283454,,2026-08-15T08:40:42Z,Wikidata P571,
E36862,5075,アップコン株式会社,date_of_establishment,2027-01,month,web_search,http://www.upcon.co.jp/,,アップコン株式会社 site,2026-08-15T08:14:32Z,web page / search snippet 設立,
E36883,9245,株式会社リベロ,date_of_establishment,2000-07-18,date,wikidata,https://www.wikidata.org/wiki/Q536798,Q536798,,2026-08-15T08:40:42Z,Wikidata P571,
E36886,9242,メディア総研株式会社,date_of_establishment,1993-03-09,date,web_search,https://mediasouken.co.jp/,,メディア総研株式会社 site,2026-08-15T08:14:34Z,web page / search snippet 設立,
E36905,4372,ユミルリンク株式会社,date_of_establishment,1999-07,month,wikidata,https://www.wikidata.org/wiki/Q11345772,Q11345772,,2026-08-15T07:57:14Z,Wikidata P571,
E36928,4373,シンプレクス・ホールディングス株式会社,date_of_establishment,2016-09-13,date,wikidata,https://www.wikidata.org/wiki/Q11308694,Q11308694,,2026-08-15T08:40:42Z,Wikidata P571,
E36946,4375,セーフィー株式会社,date_of_establishment,2014-10-23,date,wikipedia,https://ja.wikipedia.org/wiki/%E3%82%BB%E3%83%BC%E3%83%95%E3%82%A3%E3%83%BC,,セーフィー,2026-08-15T07:57:18Z,Wikipedia infobox 設立,
E36956,4890,株式会社坪田ラボ,date_of_establishment,2012-05,month,wikipedia,https://ja.wikipedia.org/wiki/%E5%9D%AA%E7%94%B0%E3%83%A9%E3%83%9C,,坪田ラボ,2026-08-15T07:57:18Z,Wikipedia infobox 設立,
E36961,9244,株式会社デジタリフト,date_of_establishment,2012-11,month,wikipedia,https://ja.wikipedia.org/wiki/%E3%83%87%E3%82%B8%E3%82%BF%E3%83%AA%E3%83%95%E3%83%88,,デジタリフト,2026-08-15T07:57:18Z,Wikipedia infobox 設立,
E36968,9249,日本エコシステム株式会社,date_of_establishment,1998-11-26,date,wikipedia,https://ja.wikipedia.org/wiki/%E6%97%A5%E6%9C%AC%E3%82%A8%E3%82%B3%E3%82%B7%E3%82%B9%E3%83%86%E3%83%A0,,日本エコシステム,2026-08-15T07:57:18Z,Wikipedia infobox 設立,
E36969,7135,ジャパンクラフトホールディングス株式会社,date_of_establishment,2022,year,wikipedia,https://ja.wikipedia.org/wiki/%E3%82%B8%E3%83%A3%E3%83%91%E3%83%B3%E3%82%AF%E3%83%A9%E3%83%95%E3%83%88%E3%83%9B%E3%83%BC%E3%83%AB%E3%83%87%E3%82%A3%E3%83%B3%E3%82%B0%E3%82%B9,,ジャパンクラフトホールディングス,2026-08-15T07:57:18Z,Wikipedia infobox 設立,
E36976,6523,ＰＨＣホールディングス株式会社,date_of_establishment,1969-11-21,date,wikidata,https://www.wikidata.org/wiki/Q11329126,Q11329126,,2026-08-15T07:57:14Z,Wikidata P571,
E36989,4378,株式会社ＣＩＮＣ,date_of_establishment,2014-04-01,date,wikidata,https://www.wikidata.org/wiki/Q133883406,Q133883406,,2026-08-15T07:57:14Z,Wikidata P571,
E36991,2961,日本調理機株式会社,date_of_establishment,1947-07-21,date,wikidata,https://www.wikidata.org/wiki/Q138478992,Q138478992,,2026-08-15T07:57:14Z,Wikidata P571,
E37060,4379,株式会社Ｐｈｏｔｏｓｙｎｔｈ,date_of_establishment,2014-09-01,date,wikidata,https://www.wikidata.org/wiki/Q21019439,Q21019439,,2026-08-15T07:57:14Z,Wikidata P571,
E37105,4255,ＴＨＥＣＯＯ株式会社,date_of_establishment,2014-01-20,date,wikidata,https://www.wikidata.org/wiki/Q111599308,Q111599308,,2026-08-15T07:57:14Z,Wikidata P571,
E37115,4415,株式会社ブロードエンタープライズ,date_of_establishment,2000-12-15,date,wikipedia,https://ja.wikipedia.org/wiki/%E3%83%96%E3%83%AD%E3%83%BC%E3%83%89%E3%82%A8%E3%83%B3%E3%82%BF%E3%83%BC%E3%83%97%E3%83%A9%E3%82%A4%E3%82%BA,,ブロードエンタープライズ,2026-08-15T07:57:18Z,Wikipedia infobox 設立,
E37133,4413,株式会社ボードルア,date_of_establishment,2007-04-20,date,wikidata,https://www.wikidata.org/wiki/Q119658164,Q119658164,,2026-08-15T07:57:14Z,Wikidata P571,
E37156,6524,湖北工業株式会社,date_of_establishment,1959-08-08,date,wikidata,https://www.wikidata.org/wiki/Q125340455,Q125340455,,2026-08-15T07:57:14Z,Wikidata P571,
E37157,4125,三和油化工業株式会社,date_of_establishment,1970-06-20,date,wikidata,https://www.wikidata.org/wiki/Q136700669,Q136700669,,2026-08-15T07:57:14Z,Wikidata P571,
E37158,4259,株式会社エクサウィザーズ,date_of_establishment,2016-02-08,date,wikipedia,https://ja.wikipedia.org/wiki/%E3%82%A8%E3%82%AF%E3%82%B5%E3%82%A6%E3%82%A3%E3%82%B6%E3%83%BC%E3%82%BA,,エクサウィザーズ,2026-08-15T07:57:18Z,Wikipedia infobox 設立,
E37160,4258,株式会社網屋,date_of_establishment,2025-01,month,wikipedia,https://ja.wikipedia.org/wiki/%E7%B6%B2%E5%B1%8B,,網屋,2026-08-15T07:57:18Z,Wikipedia infobox 設立,
E37165,2585,株式会社ライフドリンク　カンパニー,date_of_establishment,1972-03-28,date,wikidata,https://www.wikidata.org/wiki/Q119123867,Q119123867,,2026-08-15T07:57:14Z,Wikidata P571,
E37175,4418,株式会社ＪＤＳＣ,date_of_establishment,2018-07,month,wikipedia,https://ja.wikipedia.org/wiki/JDSC,,JDSC,2026-08-15T07:57:18Z,Wikipedia infobox 設立,
E37192,4260,株式会社ハイブリッドテクノロジーズ,date_of_establishment,2016-04-28,date,wikipedia,https://ja.wikipedia.org/wiki/%E3%83%8F%E3%82%A4%E3%83%96%E3%83%AA%E3%83%83%E3%83%89%E3%83%86%E3%82%AF%E3%83%8E%E3%83%AD%E3%82%B8%E3%83%BC%E3%82%BA,,ハイブリッドテクノロジーズ,2026-08-15T07:57:18Z,Wikipedia infobox 設立,
E37194,7383,株式会社ネットプロテクションズホールディングス,date_of_establishment,2018,year,wikipedia,https://ja.wikipedia.org/wiki/%E3%83%8D%E3%83%83%E3%83%88%E3%83%97%E3%83%AD%E3%83%86%E3%82%AF%E3%82%B7%E3%83%A7%E3%83%B3%E3%82%BA%E3%83%9B%E3%83%BC%E3%83%AB%E3%83%87%E3%82%A3%E3%83%B3%E3%82%B0%E3%82%B9,,ネットプロテクションズホールディングス,2026-08-15T07:57:18Z,Wikipedia infobox 設立,
E37197,9259,株式会社タカヨシホールディングス,date_of_establishment,1970-12-24,date,wikidata,https://www.wikidata.org/wiki/Q11315975,Q11315975,,2026-08-15T07:57:14Z,Wikidata P571,
E37206,4262,ニフティライフスタイル株式会社,date_of_establishment,2018-02-23,date,wikipedia,https://ja.wikipedia.org/wiki/%E3%83%8B%E3%83%95%E3%83%86%E3%82%A3%E3%83%A9%E3%82%A4%E3%83%95%E3%82%B9%E3%82%BF%E3%82%A4%E3%83%AB,,ニフティライフスタイル,2026-08-15T07:57:18Z,Wikipedia infobox 設立,
E37221,9256,株式会社サクシード,date_of_establishment,1977-04-01,date,wikidata,https://www.wikidata.org/wiki/Q11304458,Q11304458,,2026-08-15T08:40:42Z,Wikidata P571,
E37292,9214,Ｒｅｃｏｖｅｒｙ　Ｉｎｔｅｒｎａｔｉｏｎａｌ株式会社,date_of_establishment,2026-06,month,web_search,https://www.recovery-group.co.jp/,,Ｒｅｃｏｖｅｒｙ　Ｉｎｔｅｒｎａｔｉｏｎａｌ株式会社 site,2026-08-15T08:15:03Z,web page / search snippet 設立,
E37333,5031,モイ株式会社,date_of_establishment,2009,year,wikidata,https://www.wikidata.org/wiki/Q11251593,Q11251593,,2026-08-15T07:57:14Z,Wikidata P571,
E37397,5025,株式会社マーキュリー,date_of_establishment,1938,year,wikidata,https://www.wikidata.org/wiki/Q613883,Q613883,,2026-08-15T08:40:42Z,Wikidata P571,
E37399,9216,ビーウィズ株式会社,date_of_establishment,2000-05-12,date,wikidata,https://www.wikidata.org/wiki/Q11331082,Q11331082,,2026-08-15T07:57:14Z,Wikidata P571,
E37412,7384,株式会社プロクレアホールディングス,date_of_establishment,2022,year,wikipedia,https://ja.wikipedia.org/wiki/%E3%83%97%E3%83%AD%E3%82%AF%E3%83%AC%E3%82%A2%E3%83%9B%E3%83%BC%E3%83%AB%E3%83%87%E3%82%A3%E3%83%B3%E3%82%B0%E3%82%B9,,プロクレアホールディングス,2026-08-15T07:57:18Z,Wikipedia infobox 設立,
E37432,9215,株式会社ＣａＳｙ,date_of_establishment,2014-01-30,date,wikidata,https://www.wikidata.org/wiki/Q111437346,Q111437346,,2026-08-15T07:57:14Z,Wikidata P571,
E37435,5033,株式会社ヌーラボ,date_of_establishment,2004-03-29,date,wikidata,https://www.wikidata.org/wiki/Q138565735,Q138565735,,2026-08-15T08:40:42Z,Wikidata P571,
E37456,5078,株式会社セレコーポレーション,date_of_establishment,2002-12,month,wikidata,https://www.wikidata.org/wiki/Q11314625,Q11314625,,2026-08-15T07:57:14Z,Wikidata P571,
E37458,5026,株式会社トリプルアイズ,date_of_establishment,2008-09-03,date,wikipedia,https://ja.wikipedia.org/wiki/%E3%83%88%E3%83%AA%E3%83%97%E3%83%AB%E3%82%A2%E3%82%A4%E3%82%BA,,トリプルアイズ,2026-08-15T07:57:18Z,Wikipedia infobox 設立,
E37482,5125,株式会社ファインズ,date_of_establishment,2009,year,wikidata,https://www.wikidata.org/wiki/Q11331929,Q11331929,,2026-08-15T08:40:42Z,Wikidata P571,
E37488,6525,株式会社ＫＯＫＵＳＡＩ　ＥＬＥＣＴＲＩＣ,date_of_establishment,2017-02-02,date,wikidata,https://www.wikidata.org/wiki/Q118304315,Q118304315,,2026-08-15T07:57:14Z,Wikidata P571,
E37499,6226,守谷輸送機工業株式会社,date_of_establishment,1949-09,month,wikidata,https://www.wikidata.org/wiki/Q11450144,Q11450144,,2026-08-15T07:57:14Z,Wikidata P571,
E37523,9220,エフビー介護サービス株式会社,date_of_establishment,1987-04-03,date,wikidata,https://www.wikidata.org/wiki/Q124446051,Q124446051,,2026-08-15T07:57:14Z,Wikidata P571,
E37573,5032,ＡＮＹＣＯＬＯＲ株式会社,date_of_establishment,2017-05-02,date,wikidata,https://www.wikidata.org/wiki/Q85329888,Q85329888,,2026-08-15T07:57:14Z,Wikidata P571,
E37584,9348,株式会社ｉｓｐａｃｅ,date_of_establishment,2010-09-10,date,wikidata,https://www.wikidata.org/wiki/Q24862548,Q24862548,,2026-08-15T07:57:14Z,Wikidata P571,
E37589,7140,ペットゴー株式会社,date_of_establishment,2004-11,month,wikidata,https://www.wikidata.org/wiki/Q28685093,Q28685093,,2026-08-15T07:57:14Z,Wikidata P571,
E37627,192A,インテグループ株式会社,date_of_establishment,2007-06-13,date,wikidata,https://www.wikidata.org/wiki/Q97180953,Q97180953,,2026-08-15T07:57:14Z,Wikidata P571,
E37709,7794,株式会社イーディーピー,date_of_establishment,2009,year,wikipedia,https://ja.wikipedia.org/wiki/%E3%82%A4%E3%83%BC%E3%83%87%E3%82%A3%E3%83%BC%E3%83%94%E3%83%BC,,イーディーピー,2026-08-15T07:57:18Z,Wikipedia infobox 設立,
E37719,9229,株式会社サンウェルズ,date_of_establishment,2011-04-01,date,wikidata,https://www.wikidata.org/wiki/Q24862452,Q24862452,,2026-08-15T07:57:14Z,Wikidata P571,
E37725,5830,株式会社いよぎんホールディングス,date_of_establishment,2022-10-03,date,wikidata,https://www.wikidata.org/wiki/Q114401686,Q114401686,,2026-08-15T07:57:14Z,Wikidata P571,
E37733,9552,株式会社クオンツ総研ホールディングス,date_of_establishment,2018,year,wikipedia,https://ja.wikipedia.org/wiki/M%26A%E7%B7%8F%E5%90%88%E7%A0%94%E7%A9%B6%E6%89%80,,M&A総合研究所,2026-08-15T07:57:18Z,Wikipedia infobox 設立,
E37740,9227,マイクロ波化学株式会社,date_of_establishment,2007-08-15,date,wikipedia,https://ja.wikipedia.org/wiki/%E3%83%9E%E3%82%A4%E3%82%AF%E3%83%AD%E6%B3%A2%E5%8C%96%E5%AD%A6%20%28%E4%BC%81%E6%A5%AD%29,,マイクロ波化学 (企業),2026-08-15T07:57:18Z,Wikipedia infobox 設立,
E37741,2935,株式会社ピックルスホールディングス,date_of_establishment,1977-02-17,date,wikidata,https://www.wikidata.org/wiki/Q11331495,Q11331495,,2026-08-15T07:57:14Z,Wikidata P571,
E37777,5831,株式会社しずおかフィナンシャルグループ,date_of_establishment,2022-10-03,date,wikipedia,https://ja.wikipedia.org/wiki/%E3%81%97%E3%81%9A%E3%81%8A%E3%81%8B%E3%83%95%E3%82%A3%E3%83%8A%E3%83%B3%E3%82%B7%E3%83%A3%E3%83%AB%E3%82%B0%E3%83%AB%E3%83%BC%E3%83%97,,しずおかフィナンシャルグループ,2026-08-15T07:57:18Z,Wikipedia infobox 設立,
E37779,9556,ＩＮＴＬＯＯＰ株式会社,date_of_establishment,2005-02-25,date,wikipedia,https://ja.wikipedia.org/wiki/INTLOOP,,INTLOOP,2026-08-15T07:57:18Z,Wikipedia infobox 設立,
E37781,7389,株式会社あいちフィナンシャルグループ,date_of_establishment,2022-10-03,date,wikipedia,https://ja.wikipedia.org/wiki/%E3%81%82%E3%81%84%E3%81%A1%E3%83%95%E3%82%A3%E3%83%8A%E3%83%B3%E3%82%B7%E3%83%A3%E3%83%AB%E3%82%B0%E3%83%AB%E3%83%BC%E3%83%97,,あいちフィナンシャルグループ,2026-08-15T07:57:18Z,Wikipedia infobox 設立,
E37785,5832,株式会社ちゅうぎんフィナンシャルグループ,date_of_establishment,2022-10-03,date,wikipedia,https://ja.wikipedia.org/wiki/%E3%81%A1%E3%82%85%E3%81%86%E3%81%8E%E3%82%93%E3%83%95%E3%82%A3%E3%83%8A%E3%83%B3%E3%82%B7%E3%83%A3%E3%83%AB%E3%82%B0%E3%83%AB%E3%83%BC%E3%83%97,,ちゅうぎんフィナンシャルグループ,2026-08-15T07:57:18Z,Wikipedia infobox 設立,
E37788,9347,日本管財ホールディングス株式会社,date_of_establishment,2023-04-03,date,wikipedia,https://ja.wikipedia.org/wiki/%E6%97%A5%E6%9C%AC%E7%AE%A1%E8%B2%A1%E3%83%9B%E3%83%BC%E3%83%AB%E3%83%87%E3%82%A3%E3%83%B3%E3%82%B0%E3%82%B9,,日本管財ホールディングス,2026-08-15T08:40:44Z,Wikipedia infobox 設立,
E37790,5035,ＨＯＵＳＥＩ株式会社,date_of_establishment,1996-03-15,date,wikidata,https://www.wikidata.org/wiki/Q24897331,Q24897331,,2026-08-15T07:57:14Z,Wikidata P571,
E37796,9557,株式会社エアークローゼット,date_of_establishment,2014-07-15,date,wikipedia,https://ja.wikipedia.org/wiki/%E3%82%A8%E3%82%A2%E3%83%BC%E3%82%AF%E3%83%AD%E3%83%BC%E3%82%BC%E3%83%83%E3%83%88,,エアークローゼット,2026-08-15T07:57:18Z,Wikipedia infobox 設立,
E37833,5036,日本ビジネスシステムズ株式会社,date_of_establishment,1990-10-04,date,wikidata,https://www.wikidata.org/wiki/Q11506787,Q11506787,,2026-08-15T07:57:14Z,Wikidata P571,
E37914,5133,株式会社テリロジーホールディングス,date_of_establishment,2022-11-01,date,wikipedia,https://ja.wikipedia.org/wiki/%E3%83%86%E3%83%AA%E3%83%AD%E3%82%B8%E3%83%BC%E3%83%9B%E3%83%BC%E3%83%AB%E3%83%87%E3%82%A3%E3%83%B3%E3%82%B0%E3%82%B9,,テリロジーホールディングス,2026-08-15T08:40:44Z,Wikipedia infobox 設立,
E37936,9560,株式会社プログリット,date_of_establishment,2016-09-06,date,wikidata,https://www.wikidata.org/wiki/Q114436904,Q114436904,,2026-08-15T07:57:14Z,Wikidata P571,
E37960,7112,株式会社キューブ,date_of_establishment,1994-12-09,date,wikipedia,https://ja.wikipedia.org/wiki/%E3%82%AD%E3%83%A5%E3%83%BC%E3%83%96%20%28%E3%82%A2%E3%83%91%E3%83%AC%E3%83%AB%E3%83%A1%E3%83%BC%E3%82%AB%E3%83%BC%29,,キューブ (アパレルメーカー),2026-08-15T07:57:18Z,Wikipedia infobox 設立,
E37978,6526,株式会社ソシオネクスト,date_of_establishment,2015,year,wikidata,https://www.wikidata.org/wiki/Q20983128,Q20983128,,2026-08-15T07:57:14Z,Wikidata P571,
E37979,9561,株式会社グラッドキューブ,date_of_establishment,2007-01,month,wikidata,https://www.wikidata.org/wiki/Q114056483,Q114056483,,2026-08-15T07:57:14Z,Wikidata P571,
E37987,5131,リンカーズ株式会社,date_of_establishment,2011,year,wikipedia,https://ja.wikipedia.org/wiki/%E3%83%AA%E3%83%B3%E3%82%AB%E3%83%BC%E3%82%BA,,リンカーズ,2026-08-15T07:57:18Z,Wikipedia infobox 設立,
E38043,5243,ｎｏｔｅ株式会社,date_of_establishment,2011-12-08,date,wikidata,https://www.wikidata.org/wiki/Q64357771,Q64357771,,2026-08-15T07:57:14Z,Wikidata P571,
E38078,5867,株式会社エスネットワークス,date_of_establishment,1999-10-07,date,wikipedia,https://ja.wikipedia.org/wiki/%E3%82%A8%E3%82%B9%E3%83%8D%E3%83%83%E3%83%88%E3%83%AF%E3%83%BC%E3%82%AF%E3%82%B9,,エスネットワークス,2026-08-15T07:57:18Z,Wikipedia infobox 設立,
E38082,9204,スカイマーク株式会社,date_of_establishment,1996,year,wikidata,https://www.wikidata.org/wiki/Q735664,Q735664,,2026-08-15T07:57:14Z,Wikidata P571,
E38104,2936,ベースフード株式会社,date_of_establishment,2016-11-15,date,wikipedia,https://ja.wikipedia.org/wiki/%E3%83%99%E3%83%BC%E3%82%B9%E3%83%95%E3%83%BC%E3%83%89,,ベースフード,2026-08-15T07:57:18Z,Wikipedia infobox 設立,
E38118,7115,株式会社アルファパーチェス,date_of_establishment,2010-11-01,date,wikipedia,https://ja.wikipedia.org/wiki/%E3%82%A2%E3%83%AB%E3%83%95%E3%82%A1%E3%83%91%E3%83%BC%E3%83%81%E3%82%A7%E3%82%B9,,アルファパーチェス,2026-08-15T07:57:18Z,Wikipedia infobox 設立,
E38148,9336,大栄環境株式会社,date_of_establishment,1994-10-31,date,wikidata,https://www.wikidata.org/wiki/Q30933794,Q30933794,,2026-08-15T07:57:14Z,Wikidata P571,
E38155,9565,ＧＬＯＥ株式会社,date_of_establishment,2015-11-19,date,wikidata,https://www.wikidata.org/wiki/Q125030577,Q125030577,,2026-08-15T07:57:14Z,Wikidata P571,
E38168,2937,株式会社サンクゼール,date_of_establishment,1982-06,month,wikidata,https://www.wikidata.org/wiki/Q11305526,Q11305526,,2026-08-15T07:57:14Z,Wikidata P571,
E38180,5139,オープンワーク株式会社,date_of_establishment,2007-06-18,date,wikidata,https://www.wikidata.org/wiki/Q131351093,Q131351093,,2026-08-15T08:40:42Z,Wikidata P571,
E38201,5244,株式会社ｊｉｇ．ｊｐ,date_of_establishment,2003-05-28,date,wikipedia,https://ja.wikipedia.org/wiki/Jig.jp,,Jig.jp,2026-08-15T07:57:18Z,Wikipedia infobox 設立,
E38215,9341,株式会社ＧＥＮＯＶＡ,date_of_establishment,2005-07-04,date,wikidata,https://www.wikidata.org/wiki/Q133858127,Q133858127,,2026-08-15T07:57:14Z,Wikidata P571,
E38373,5241,株式会社日本オーエー研究所,date_of_establishment,1983-05-11,date,wikidata,https://www.wikidata.org/wiki/Q132739341,Q132739341,,2026-08-15T07:57:14Z,Wikidata P571,
E38382,7118,株式会社伸和ホールディングス,date_of_establishment,2006-08-17,date,wikipedia,https://ja.wikipedia.org/wiki/%E4%BC%B8%E5%92%8C%E3%83%9B%E3%83%BC%E3%83%AB%E3%83%87%E3%82%A3%E3%83%B3%E3%82%B0%E3%82%B9,,伸和ホールディングス,2026-08-15T08:40:44Z,Wikipedia infobox 設立,
E38427,7119,株式会社ハルメクホールディングス,date_of_establishment,2012,year,wikipedia,https://ja.wikipedia.org/wiki/%E3%83%8F%E3%83%AB%E3%83%A1%E3%82%AF%E3%83%9B%E3%83%BC%E3%83%AB%E3%83%87%E3%82%A3%E3%83%B3%E3%82%B0%E3%82%B9,,ハルメクホールディングス,2026-08-15T08:40:44Z,Wikipedia infobox 設立,
E38440,9343,株式会社アイビス,date_of_establishment,2000-05-11,date,wikidata,https://www.wikidata.org/wiki/Q11282389,Q11282389,,2026-08-15T07:57:14Z,Wikidata P571,
E38450,9345,ビズメイツ株式会社,date_of_establishment,2012-07-03,date,wikidata,https://www.wikidata.org/wiki/Q18338977,Q18338977,,2026-08-15T07:57:14Z,Wikidata P571,
E38472,5254,株式会社Ａｒｅｎｔ,date_of_establishment,2012-07-02,date,wikipedia,https://ja.wikipedia.org/wiki/Arent,,Arent,2026-08-15T07:57:18Z,Wikipedia infobox 設立,
E38477,5255,株式会社モンスターラボ,date_of_establishment,2006-02-03,date,wikidata,https://www.wikidata.org/wiki/Q11344735,Q11344735,,2026-08-15T07:57:14Z,Wikidata P571,
E38478,5253,カバー株式会社,date_of_establishment,2016-06-13,date,wikidata,https://www.wikidata.org/wiki/Q69352476,Q69352476,,2026-08-15T07:57:14Z,Wikidata P571,
E38504,4040,南海化学株式会社,date_of_establishment,1951-06-26,date,wikidata,https://www.wikidata.org/wiki/Q11408170,Q11408170,,2026-08-15T07:57:14Z,Wikidata P571,
E38525,141A,株式会社トライアルホールディングス,date_of_establishment,2015-09-18,date,wikidata,https://www.wikidata.org/wiki/Q137313242,Q137313242,,2026-08-15T07:57:14Z,Wikidata P571,
E38541,5570,株式会社ジェノバ,date_of_establishment,1982-10-02,date,wikidata,https://www.wikidata.org/wiki/Q11309284,Q11309284,,2026-08-15T08:40:42Z,Wikidata P571,
E38641,5580,株式会社プロディライト,date_of_establishment,2008-06,month,wikipedia,https://ja.wikipedia.org/wiki/%E3%83%97%E3%83%AD%E3%83%87%E3%82%A3%E3%83%A9%E3%82%A4%E3%83%88,,プロディライト,2026-08-15T07:57:18Z,Wikipedia infobox 設立,
E38651,9331,株式会社キャスター,date_of_establishment,1994,year,wikidata,https://www.wikidata.org/wiki/Q5050687,Q5050687,,2026-08-15T08:40:42Z,Wikidata P571,
E38684,5885,株式会社ジーデップ・アドバンス,date_of_establishment,2016-01-15,date,wikipedia,https://ja.wikipedia.org/wiki/%E3%82%B8%E3%83%BC%E3%83%87%E3%83%83%E3%83%97%E3%83%BB%E3%82%A2%E3%83%89%E3%83%90%E3%83%B3%E3%82%B9,,ジーデップ・アドバンス,2026-08-15T07:57:18Z,Wikipedia infobox 設立,
E38688,4894,クオリプス株式会社,date_of_establishment,2017,year,wikidata,https://www.wikidata.org/wiki/Q135983380,Q135983380,,2026-08-15T07:57:14Z,Wikidata P571,
E38689,177A,コージンバイオ株式会社,date_of_establishment,2025-08-29,date,web_search,https://kohjin-bio.jp/,,コージンバイオ株式会社 site,2026-08-15T08:16:22Z,web page / search snippet 設立,
E38698,9162,株式会社ブリーチ,date_of_establishment,1993,year,wikidata,https://www.wikidata.org/wiki/Q4959096,Q4959096,,2026-08-15T08:40:42Z,Wikidata P571,
E38714,5844,株式会社京都フィナンシャルグループ,date_of_establishment,2023,year,wikipedia,https://ja.wikipedia.org/wiki/%E4%BA%AC%E9%83%BD%E3%83%95%E3%82%A3%E3%83%8A%E3%83%B3%E3%82%B7%E3%83%A3%E3%83%AB%E3%82%B0%E3%83%AB%E3%83%BC%E3%83%97,,京都フィナンシャルグループ,2026-08-15T07:57:18Z,Wikipedia infobox 設立,
E38722,387A,フラー株式会社,date_of_establishment,1905-01-01,date,wikidata,https://www.wikidata.org/wiki/Q93703,Q93703,,2026-08-15T08:40:42Z,Wikidata P571,
E38723,9332,ＮＩＳＳＯホールディングス株式会社,date_of_establishment,1971-02-03,date,wikidata,https://www.wikidata.org/wiki/Q11510209,Q11510209,,2026-08-15T07:57:14Z,Wikidata P571,
E38738,5888,ＤＡＩＷＡ　ＣＹＣＬＥ株式会社,date_of_establishment,1990-09,month,wikidata,https://www.wikidata.org/wiki/Q109598687,Q109598687,,2026-08-15T07:57:14Z,Wikidata P571,
E38739,9166,株式会社ＧＥＮＤＡ,date_of_establishment,2018-05-10,date,wikidata,https://www.wikidata.org/wiki/Q101176650,Q101176650,,2026-08-15T07:57:14Z,Wikidata P571,
E38760,5535,ミガロホールディングス株式会社,date_of_establishment,2023,year,wikipedia,https://ja.wikipedia.org/wiki/%E3%83%9F%E3%82%AC%E3%83%AD%E3%83%9B%E3%83%BC%E3%83%AB%E3%83%87%E3%82%A3%E3%83%B3%E3%82%B0%E3%82%B9,,ミガロホールディングス,2026-08-15T08:40:44Z,Wikipedia infobox 設立,
E38926,6223,株式会社　西部技研,date_of_establishment,1965-07,month,wikidata,https://www.wikidata.org/wiki/Q11629600,Q11629600,,2026-08-15T07:57:14Z,Wikidata P571,
E38948,5588,ファーストアカウンティング株式会社,date_of_establishment,2016-06-03,date,wikipedia,https://ja.wikipedia.org/wiki/%E3%83%95%E3%82%A1%E3%83%BC%E3%82%B9%E3%83%88%E3%82%A2%E3%82%AB%E3%82%A6%E3%83%B3%E3%83%86%E3%82%A3%E3%83%B3%E3%82%B0,,ファーストアカウンティング,2026-08-15T07:57:18Z,Wikipedia infobox 設立,
E38979,2938,株式会社オカムラ食品工業,date_of_establishment,1971-08,month,wikidata,https://www.wikidata.org/wiki/Q11291811,Q11291811,,2026-08-15T07:57:14Z,Wikidata P571,
E39009,4811,株式会社ドリーム・アーツ,date_of_establishment,1996-12,month,wikidata,https://www.wikidata.org/wiki/Q11323284,Q11323284,,2026-08-15T07:57:14Z,Wikidata P571,
E39018,5845,全保連株式会社,date_of_establishment,2001-11-16,date,wikidata,https://www.wikidata.org/wiki/Q124323663,Q124323663,,2026-08-15T07:57:14Z,Wikidata P571,
E39023,5537,株式会社ＡｌｂａＬｉｎｋ,date_of_establishment,2011-01-11,date,wikipedia,https://ja.wikipedia.org/wiki/AlbaLink,,AlbaLink,2026-08-15T07:57:18Z,Wikipedia infobox 設立,
E39074,5889,Ｊａｐａｎ　Ｅｙｅｗｅａｒ　Ｈｏｌｄｉｎｇｓ株式会社,date_of_establishment,2019-07-29,date,wikidata,https://www.wikidata.org/wiki/Q134966414,Q134966414,,2026-08-15T07:57:14Z,Wikidata P571,
E39089,9238,バリュークリエーション株式会社,date_of_establishment,2008-04-01,date,wikidata,https://www.wikidata.org/wiki/Q128865339,Q128865339,,2026-08-15T07:57:14Z,Wikidata P571,
E39133,5891,株式会社ＳＡＫＩＧＡＫＥホールディングス,date_of_establishment,2003-02-25,date,wikidata,https://www.wikidata.org/wiki/Q11347773,Q11347773,,2026-08-15T07:57:14Z,Wikidata P571,
E39136,5868,株式会社ロココ,date_of_establishment,1987,year,wikidata,https://www.wikidata.org/wiki/Q83662184,Q83662184,,2026-08-15T08:40:42Z,Wikidata P571,
E39162,5616,株式会社雨風太陽,date_of_establishment,2015-02-10,date,wikidata,https://www.wikidata.org/wiki/Q123418366,Q123418366,,2026-08-15T07:57:14Z,Wikidata P571,
E39165,5869,株式会社早稲田学習研究会,date_of_establishment,1993-01-22,date,wikidata,https://www.wikidata.org/wiki/Q11254699,Q11254699,,2026-08-15T07:57:14Z,Wikidata P571,
E39171,5619,マーソ株式会社,date_of_establishment,2015-02,month,wikipedia,https://ja.wikipedia.org/wiki/%E3%83%9E%E3%83%BC%E3%82%BD,,マーソ,2026-08-15T07:57:18Z,Wikipedia infobox 設立,
E39203,5618,ナイル株式会社,date_of_establishment,1993,year,wikidata,https://www.wikidata.org/wiki/Q660835,Q660835,,2026-08-15T08:40:42Z,Wikidata P571,
E39406,143A,イシン株式会社,date_of_establishment,2017,year,wikipedia,https://ja.wikipedia.org/wiki/%E3%82%A4%E3%82%B7%E3%83%B3,,イシン,2026-08-15T08:40:44Z,Wikipedia infobox 設立,
E39409,145A,株式会社Ｌ　ｉｓ　Ｂ,date_of_establishment,2010-10-29,date,wikidata,https://www.wikidata.org/wiki/Q99610662,Q99610662,,2026-08-15T07:57:14Z,Wikidata P571,
E39460,173A,株式会社ハンモック,date_of_establishment,1994-04-01,date,wikidata,https://www.wikidata.org/wiki/Q97435645,Q97435645,,2026-08-15T07:57:14Z,Wikidata P571,
E39476,151A,株式会社ダイブグループ,date_of_establishment,2002-03-29,date,wikidata,https://www.wikidata.org/wiki/Q119658577,Q119658577,,2026-08-15T07:57:14Z,Wikidata P571,
E39645,197A,株式会社タウンズ,date_of_establishment,1936,year,wikipedia,https://ja.wikipedia.org/wiki/%E3%82%BF%E3%82%A6%E3%83%B3%E3%82%BA,,タウンズ,2026-08-15T08:40:44Z,Wikipedia infobox 設立,
E39661,186A,株式会社アストロスケールホールディングス,date_of_establishment,2013-05-04,date,wikidata,https://www.wikidata.org/wiki/Q60753705,Q60753705,,2026-08-15T08:40:42Z,Wikidata P571,
E39671,205A,株式会社ロゴスホールディングス,date_of_establishment,2020-07-09,date,wikipedia,https://ja.wikipedia.org/wiki/%E3%83%AD%E3%82%B4%E3%82%B9%E3%83%9B%E3%83%BC%E3%83%AB%E3%83%87%E3%82%A3%E3%83%B3%E3%82%B0%E3%82%B9,,ロゴスホールディングス,2026-08-15T08:40:44Z,Wikipedia infobox 設立,
E39708,198A,ＰｏｓｔＰｒｉｍｅ株式会社,date_of_establishment,2020-09-18,date,wikidata,https://www.wikidata.org/wiki/Q109602380,Q109602380,,2026-08-15T07:57:14Z,Wikidata P571,
E39729,211A,株式会社カドス・コーポレーション,date_of_establishment,1999-02-01,date,wikidata,https://www.wikidata.org/wiki/Q132495339,Q132495339,,2026-08-15T07:57:14Z,Wikidata P571,
E39732,212A,フィットイージー株式会社,date_of_establishment,2018-07,month,wikidata,https://www.wikidata.org/wiki/Q131344580,Q131344580,,2026-08-15T07:57:14Z,Wikidata P571,
E39737,254A,ＡＩフュージョンキャピタルグループ株式会社,date_of_establishment,2024-10-01,date,wikidata,https://www.wikidata.org/wiki/Q136513060,Q136513060,,2026-08-15T07:57:14Z,Wikidata P571,
E39741,255A,ジーエルテクノホールディングス株式会社,date_of_establishment,2024-10-01,date,wikidata,https://www.wikidata.org/wiki/Q131378071,Q131378071,,2026-08-15T07:57:14Z,Wikidata P571,
E39751,206A,株式会社ＰＲＩＳＭ　ＢｉｏＬａｂ,date_of_establishment,2026-08-13,date,web_search,http://www.prismbiolab.com/,,株式会社ＰＲＩＳＭ　ＢｉｏＬａｂ site,2026-08-15T08:21:04Z,web page / search snippet 設立,
E39759,219A,Ｈｅａｒｔｓｅｅｄ株式会社,date_of_establishment,2015-11,month,wikipedia,https://ja.wikipedia.org/wiki/Heartseed,,Heartseed,2026-08-15T07:57:18Z,Wikipedia infobox 設立,
E39760,215A,株式会社タイミー,date_of_establishment,2017-08,month,wikidata,https://www.wikidata.org/wiki/Q97961888,Q97961888,,2026-08-15T07:57:14Z,Wikidata P571,
E39785,256A,飛島ホールディングス株式会社,date_of_establishment,2024-10-01,date,wikipedia,https://ja.wikipedia.org/wiki/%E9%A3%9B%E5%B3%B6%E3%83%9B%E3%83%BC%E3%83%AB%E3%83%87%E3%82%A3%E3%83%B3%E3%82%B0%E3%82%B9,,飛島ホールディングス,2026-08-15T08:40:44Z,Wikipedia infobox 設立,
E39846,228A,株式会社オプロ,date_of_establishment,1993,year,wikipedia,https://ja.wikipedia.org/wiki/%E3%82%AA%E3%83%97%E3%83%AD,,オプロ,2026-08-15T07:57:18Z,Wikipedia infobox 設立,
E39892,268A,リガク・ホールディングス株式会社,date_of_establishment,2020-12-07,date,wikipedia,https://ja.wikipedia.org/wiki/%E3%83%AA%E3%82%AC%E3%82%AF%E3%83%BB%E3%83%9B%E3%83%BC%E3%83%AB%E3%83%87%E3%82%A3%E3%83%B3%E3%82%B0%E3%82%B9,,リガク・ホールディングス,2026-08-15T08:40:44Z,Wikipedia infobox 設立,
E40019,261A,株式会社日水コン,date_of_establishment,1959-05,month,wikidata,https://www.wikidata.org/wiki/Q11509612,Q11509612,,2026-08-15T07:57:14Z,Wikidata P571,
E40066,274A,株式会社ガーデン,date_of_establishment,2015-12-01,date,wikidata,https://www.wikidata.org/wiki/Q119658572,Q119658572,,2026-08-15T07:57:14Z,Wikidata P571,
E40145,291A,株式会社リスキル,date_of_establishment,2022-05-02,date,wikidata,https://www.wikidata.org/wiki/Q135273081,Q135273081,,2026-08-15T07:57:14Z,Wikidata P571,
E40154,300A,ＭＩＣ株式会社,date_of_establishment,1953-06-12,date,wikidata,https://www.wikidata.org/wiki/Q131774647,Q131774647,,2026-08-15T07:57:14Z,Wikidata P571,
E40175,280A,株式会社ＴＭＨ,date_of_establishment,2012-03,month,wikidata,https://www.wikidata.org/wiki/Q86737254,Q86737254,,2026-08-15T07:57:14Z,Wikidata P571,
E40189,340A,株式会社ジグザグ,date_of_establishment,2015-06-24,date,wikidata,https://www.wikidata.org/wiki/Q60996802,Q60996802,,2026-08-15T07:57:14Z,Wikidata P571,
E40194,275A,ハンワホームズ株式会社,date_of_establishment,1994-07-20,date,wikidata,https://www.wikidata.org/wiki/Q11327160,Q11327160,,2026-08-15T07:57:14Z,Wikidata P571,
E40206,288A,ラクサス・テクノロジーズ株式会社,date_of_establishment,2006-08,month,wikidata,https://www.wikidata.org/wiki/Q17218764,Q17218764,,2026-08-15T07:57:14Z,Wikidata P571,
E40213,287A,黒田グループ株式会社,date_of_establishment,1947-03-29,date,wikidata,https://www.wikidata.org/wiki/Q10855501,Q10855501,,2026-08-15T07:57:14Z,Wikidata P571,
E40215,302A,株式会社ビースタイルホールディングス,date_of_establishment,2020-02-14,date,wikipedia,https://ja.wikipedia.org/wiki/%E3%83%93%E3%83%BC%E3%82%B9%E3%82%BF%E3%82%A4%E3%83%AB%E3%83%9B%E3%83%BC%E3%83%AB%E3%83%87%E3%82%A3%E3%83%B3%E3%82%B0%E3%82%B9,,ビースタイルホールディングス,2026-08-15T08:40:44Z,Wikipedia infobox 設立,
E40216,290A,株式会社Ｓｙｎｓｐｅｃｔｉｖｅ,date_of_establishment,2018-02,month,wikidata,https://www.wikidata.org/wiki/Q110017262,Q110017262,,2026-08-15T07:57:14Z,Wikidata P571,
E40230,304A,フォルシア株式会社,date_of_establishment,1998-05,month,wikidata,https://www.wikidata.org/wiki/Q142205,Q142205,,2026-08-15T08:40:42Z,Wikidata P571,
E40236,299A,クラシル株式会社,date_of_establishment,2014-04,month,wikidata,https://www.wikidata.org/wiki/Q109558427,Q109558427,,2026-08-15T07:57:14Z,Wikidata P571,
E40253,298A,ＧＶＡ　ＴＥＣＨ株式会社,date_of_establishment,2017-01-04,date,wikidata,https://www.wikidata.org/wiki/Q131555152,Q131555152,,2026-08-15T07:57:14Z,Wikidata P571,
E40269,319A,株式会社技術承継機構,date_of_establishment,2018-07-09,date,wikidata,https://www.wikidata.org/wiki/Q137375860,Q137375860,,2026-08-15T07:57:14Z,Wikidata P571,
E40334,324A,株式会社ブッキングリゾート,date_of_establishment,2013-05-27,date,wikipedia,https://ja.wikipedia.org/wiki/%E3%83%96%E3%83%83%E3%82%AD%E3%83%B3%E3%82%B0%E3%83%AA%E3%82%BE%E3%83%BC%E3%83%88,,ブッキングリゾート,2026-08-15T08:40:44Z,Wikipedia infobox 設立,
E40354,323A,株式会社フライヤー,date_of_establishment,2013-06-04,date,wikidata,https://www.wikidata.org/wiki/Q128865147,Q128865147,,2026-08-15T07:57:14Z,Wikidata P571,
E40400,332A,ミーク株式会社,date_of_establishment,2019-03-05,date,wikidata,https://www.wikidata.org/wiki/Q140262691,Q140262691,,2026-08-15T07:57:14Z,Wikidata P571,
E40408,343A,株式会社ＩＡＣＥトラベル,date_of_establishment,1970-02,month,wikidata,https://www.wikidata.org/wiki/Q11282066,Q11282066,,2026-08-15T07:57:14Z,Wikidata P571,
E40420,331A,株式会社メディックス,date_of_establishment,1984-03-30,date,wikidata,https://www.wikidata.org/wiki/Q11343872,Q11343872,,2026-08-15T07:57:14Z,Wikidata P571,
E40432,336A,ダイナミックマッププラットフォーム株式会社,date_of_establishment,2016-06-13,date,wikidata,https://www.wikidata.org/wiki/Q65240467,Q65240467,,2026-08-15T07:57:14Z,Wikidata P571,
E40477,335A,株式会社ミライロ,date_of_establishment,2010-06-02,date,wikidata,https://www.wikidata.org/wiki/Q116187052,Q116187052,,2026-08-15T07:57:14Z,Wikidata P571,
E40516,353A,エレベーターコミュニケーションズ株式会社,date_of_establishment,2006-02-22,date,wikidata,https://www.wikidata.org/wiki/Q138503512,Q138503512,,2026-08-15T07:57:14Z,Wikidata P571,
E40640,373A,株式会社リップス,date_of_establishment,1999-04,month,wikidata,https://www.wikidata.org/wiki/Q21019934,Q21019934,,2026-08-15T07:57:14Z,Wikidata P571,
E40662,372A,株式会社レント,date_of_establishment,1984-06-12,date,wikidata,https://www.wikidata.org/wiki/Q140066347,Q140066347,,2026-08-15T07:57:14Z,Wikidata P571,
E40674,365A,伊澤タオル株式会社,date_of_establishment,2021-06-01,date,wikidata,https://www.wikidata.org/wiki/Q86739821,Q86739821,,2026-08-15T07:57:14Z,Wikidata P571,
E40715,378A,株式会社ヒット,date_of_establishment,1991-02-08,date,wikidata,https://www.wikidata.org/wiki/Q11330059,Q11330059,,2026-08-15T07:57:14Z,Wikidata P571,
E40727,416A,富士ユナイトホールディングス株式会社,date_of_establishment,1949,year,wikipedia,https://ja.wikipedia.org/wiki/%E5%AF%8C%E5%A3%AB%E3%83%A6%E3%83%8A%E3%82%A4%E3%83%88%E3%83%9B%E3%83%BC%E3%83%AB%E3%83%87%E3%82%A3%E3%83%B3%E3%82%B0%E3%82%B9,,富士ユナイトホールディングス,2026-08-15T08:40:44Z,Wikipedia infobox 設立,
E40736,417A,株式会社ブルーゾーンホールディングス,date_of_establishment,1957,year,wikipedia,https://ja.wikipedia.org/wiki/%E3%83%96%E3%83%AB%E3%83%BC%E3%82%BE%E3%83%BC%E3%83%B3%E3%83%9B%E3%83%BC%E3%83%AB%E3%83%87%E3%82%A3%E3%83%B3%E3%82%B0%E3%82%B9,,ブルーゾーンホールディングス,2026-08-15T08:40:44Z,Wikipedia infobox 設立,
E40756,386A,株式会社みのや,date_of_establishment,1954-07-01,date,wikidata,https://www.wikidata.org/wiki/Q11279221,Q11279221,,2026-08-15T07:57:14Z,Wikidata P571,
E40854,464A,株式会社ＱＰＳホールディングス,date_of_establishment,2025-12-01,date,wikidata,https://www.wikidata.org/wiki/Q137315418,Q137315418,,2026-08-15T07:57:14Z,Wikidata P571,
E40879,463A,株式会社インテリックスホールディングス,date_of_establishment,1995-07-17,date,wikipedia,https://ja.wikipedia.org/wiki/%E3%82%A4%E3%83%B3%E3%83%86%E3%83%AA%E3%83%83%E3%82%AF%E3%82%B9%E3%83%9B%E3%83%BC%E3%83%AB%E3%83%87%E3%82%A3%E3%83%B3%E3%82%B0%E3%82%B9,,インテリックスホールディングス,2026-08-15T07:57:18Z,Wikipedia infobox 設立,
E40904,414A,株式会社オーバーラップホールディングス,date_of_establishment,2011-11-11,date,wikipedia,https://ja.wikipedia.org/wiki/%E3%82%AA%E3%83%BC%E3%83%90%E3%83%BC%E3%83%A9%E3%83%83%E3%83%97%E3%83%9B%E3%83%BC%E3%83%AB%E3%83%87%E3%82%A3%E3%83%B3%E3%82%B0%E3%82%B9,,オーバーラップホールディングス,2026-08-15T07:57:18Z,Wikipedia infobox 設立,
E40919,418A,ウリドキ株式会社,date_of_establishment,2014-01-14,date,wikidata,https://www.wikidata.org/wiki/Q24871871,Q24871871,,2026-08-15T07:57:14Z,Wikidata P571,
E40925,421A,株式会社ムービン・ストラテジック・キャリア,date_of_establishment,2000-12-25,date,wikidata,https://www.wikidata.org/wiki/Q11343250,Q11343250,,2026-08-15T07:57:14Z,Wikidata P571,
E40934,485A,株式会社パワーエックス,date_of_establishment,2021-03-22,date,wikidata,https://www.wikidata.org/wiki/Q137443600,Q137443600,,2026-08-15T07:57:14Z,Wikidata P571,
E40964,431A,ユーソナー株式会社,date_of_establishment,1990-09-10,date,wikidata,https://www.wikidata.org/wiki/Q17213011,Q17213011,,2026-08-15T07:57:14Z,Wikidata P571,
E41010,436A,サイバーソリューションズ株式会社,date_of_establishment,2000-01,month,wikidata,https://www.wikidata.org/wiki/Q11304154,Q11304154,,2026-08-15T07:57:14Z,Wikidata P571,
E41028,438A,株式会社インフキュリオン,date_of_establishment,2006,year,wikipedia,https://ja.wikipedia.org/wiki/%E3%82%A4%E3%83%B3%E3%83%95%E3%82%AD%E3%83%A5%E3%83%AA%E3%82%AA%E3%83%B3,,インフキュリオン,2026-08-15T07:57:18Z,Wikipedia infobox 設立,
E41030,442A,クラシコ株式会社,date_of_establishment,2011-03-12,date,wikipedia,https://ja.wikipedia.org/wiki/%E3%82%AF%E3%83%A9%E3%82%B7%E3%82%B3%20%28%E6%98%A0%E7%94%BB%29,,クラシコ (映画),2026-08-15T08:40:44Z,Wikipedia infobox 設立,
E41076,456A,ＨＵＭＡＮ　ＭＡＤＥ株式会社,date_of_establishment,2016-02-05,date,wikidata,https://www.wikidata.org/wiki/Q109602285,Q109602285,,2026-08-15T07:57:14Z,Wikidata P571,
E41081,462A,株式会社ＦＵＮＤＩＮＮＯ,date_of_establishment,2015-11-26,date,wikipedia,https://ja.wikipedia.org/wiki/FUNDINNO,,FUNDINNO,2026-08-15T07:57:18Z,Wikipedia infobox 設立,
E41108,478A,株式会社フツパー,date_of_establishment,2015-11-17,date,wikipedia,https://ja.wikipedia.org/wiki/%E3%83%95%E3%83%84%E3%83%91%E3%83%BC,,フツパー,2026-08-15T08:40:44Z,Wikipedia infobox 設立,
E41115,475A,株式会社ギミック,date_of_establishment,2022-06,month,wikipedia,https://ja.wikipedia.org/wiki/%E3%82%AE%E3%83%9F%E3%83%83%E3%82%AF%20%28%E3%83%97%E3%83%AD%E3%83%AC%E3%82%B9%29,,ギミック (プロレス),2026-08-15T08:40:44Z,Wikipedia infobox 設立,
E41130,543A,ＡＲＣＨＩＯＮ株式会社,date_of_establishment,2025-06-02,date,wikidata,https://www.wikidata.org/wiki/Q136917918,Q136917918,,2026-08-15T07:57:14Z,Wikidata P571,
E41144,472A,株式会社ミラティブ,date_of_establishment,2018-02,month,wikidata,https://www.wikidata.org/wiki/Q53308681,Q53308681,,2026-08-15T07:57:14Z,Wikidata P571,
E41154,480A,株式会社リブ・コンサルティング,date_of_establishment,2012-07-24,date,wikidata,https://www.wikidata.org/wiki/Q109596962,Q109596962,,2026-08-15T07:57:14Z,Wikidata P571,
E41191,479A,ＰＲＯＮＩ株式会社,date_of_establishment,2012-10-01,date,wikidata,https://www.wikidata.org/wiki/Q65247395,Q65247395,,2026-08-15T07:57:14Z,Wikidata P571,
E41257,500A,株式会社ＴＯブックス,date_of_establishment,2014-05-14,date,wikidata,https://www.wikidata.org/wiki/Q111645172,Q111645172,,2026-08-15T07:57:14Z,Wikidata P571,
E41309,505A,株式会社ギークリー,date_of_establishment,2011-08-22,date,wikidata,https://www.wikidata.org/wiki/Q128865256,Q128865256,,2026-08-15T07:57:14Z,Wikidata P571,
E41354,544A,ＧＭＳグループ株式会社,date_of_establishment,2026-04-01,date,wikidata,https://www.wikidata.org/wiki/Q138776066,Q138776066,,2026-08-15T07:57:14Z,Wikidata P571,
E41485,548A,株式会社システムエグゼ,date_of_establishment,1998-02-04,date,wikidata,https://www.wikidata.org/wiki/Q43305361,Q43305361,,2026-08-15T07:57:14Z,Wikidata P571,
E41486,519A,株式会社ベーシック,date_of_establishment,2008,year,wikipedia,https://ja.wikipedia.org/wiki/%E3%83%99%E3%83%BC%E3%82%B7%E3%83%83%E3%82%AF%20%28%E3%81%9F%E3%81%B0%E3%81%93%29,,ベーシック (たばこ),2026-08-15T08:40:44Z,Wikipedia infobox 設立,
E41514,554A,株式会社バトンズ,date_of_establishment,2018-04-05,date,wikidata,https://www.wikidata.org/wiki/Q105481330,Q105481330,,2026-08-15T07:57:14Z,Wikidata P571,
E41784,581A,ＧＯ株式会社,date_of_establishment,1977-08,month,wikidata,https://www.wikidata.org/wiki/Q118451790,Q118451790,,2026-08-15T07:57:14Z,Wikidata P571,
E41847,589A,ネイス株式会社,date_of_establishment,2010-09-01,date,wikidata,https://www.wikidata.org/wiki/Q139941331,Q139941331,,2026-08-15T07:57:14Z,Wikidata P571,
E41887,593A,株式会社ティアフォー,date_of_establishment,2015-12-01,date,wikipedia,https://ja.wikipedia.org/wiki/%E3%83%86%E3%82%A3%E3%82%A2%E3%83%95%E3%82%A9%E3%83%BC,,ティアフォー,2026-08-15T07:57:18Z,Wikipedia infobox 設立,
E41973,607A,株式会社エブリー,date_of_establishment,2015-09,month,wikidata,https://www.wikidata.org/wiki/Q131323201,Q131323201,,2026-08-15T07:57:14Z,Wikidata P571,
